source_row_index,PWSID,y_true,y_probability,y_predicted,fold
0,CT0040011,0,0.6200379703113063,1,2
1,CT0040011,1,0.6827479348343025,1,2
2,CT0040011,1,0.6827479348343025,1,2
3,CT0040011,0,0.6200379703113063,1,2
4,CT0040011,1,0.6827479348343025,1,2
5,CT0040011,0,0.6827479348343025,1,2
6,CT0050062,0,0.2715134580306452,0,1
7,CT0070011,0,0.7271016154585455,1,5
8,CT0070011,0,0.6627414412080167,1,5
9,CT0070021,0,0.5942978655794776,1,4
10,CT0070021,0,0.5508106311796289,1,4
11,CT0070021,1,0.5942978655794776,1,4
12,CT0090011,1,0.6364271970611005,1,4
13,CT0150011,1,0.6542301239744452,1,1
14,CT0150011,1,0.6542301239744452,1,1
15,CT0150011,1,0.6189704858604762,1,1
16,CT0150011,0,0.6189704858604762,1,1
17,CT0150011,0,0.6189704858604762,1,1
18,CT0170011,0,0.470683152905328,0,2
19,CT0170011,0,0.5852218973123561,1,2
20,CT0170011,1,0.5852218973123561,1,2
21,CT0170011,1,0.5852218973123561,1,2
22,CT0230011,0,0.45852405109720934,0,3
23,CT0230011,1,0.4876680035819786,0,3
24,CT0261031,0,0.38888689708189284,0,5
25,CT0261031,0,0.38888689708189284,0,5
26,CT0280011,1,0.3429962403015122,0,1
27,CT0280011,1,0.3429962403015122,0,1
28,CT0280011,1,0.3429962403015122,0,1
29,CT0280011,1,0.3429962403015122,0,1
30,CT0320091,0,0.4019588415078771,0,2
31,CT0330011,1,0.7550390901806435,1,4
32,CT0340011,1,0.5582566923333095,1,5
33,CT0340011,1,0.5693534205117328,1,5
34,CT0350011,1,0.6201802100867407,1,2
35,CT0350011,1,0.6201802100867407,1,2
36,CT0450011,1,0.672952622266227,1,2
37,CT0450011,0,0.672952622266227,1,2
38,CT0450011,1,0.672952622266227,1,2
39,CT0450011,0,0.672952622266227,1,2
40,CT0450011,1,0.672952622266227,1,2
41,CT0450011,0,0.6136572579167087,1,2
42,CT0473011,0,0.5744703738809773,1,1
43,CT0473011,1,0.5599843544743073,1,1
44,CT0473011,0,0.5599843544743073,1,1
45,CT0473011,0,0.5599843544743073,1,1
46,CT0473011,1,0.5599843544743073,1,1
47,CT0473011,1,0.5599843544743073,1,1
48,CT0473011,1,0.5403264421465979,1,1
49,CT0490021,1,0.6786976139469856,1,2
50,CT0490021,0,0.6822891889276583,1,2
51,CT0490021,1,0.6822891889276583,1,2
52,CT0490021,0,0.6717183954853609,1,2
53,CT0490021,0,0.6786976139469856,1,2
54,CT0490021,0,0.6717183954853609,1,2
55,CT0520011,1,0.6994464057891104,1,1
56,CT0520011,0,0.6994464057891104,1,1
57,CT0520011,0,0.6994464057891104,1,1
58,CT0520011,0,0.6756183197642017,1,1
59,CT0570011,1,0.40389417953119233,0,1
60,CT0570011,1,0.40389417953119233,0,1
61,CT0570011,1,0.40389417953119233,0,1
62,CT0570062,0,0.5968392172193524,1,2
63,CT0580011,1,0.4169279884773122,0,1
64,CT0580011,0,0.4169279884773122,0,1
65,CT0590011,0,0.6454492906163201,1,3
66,CT0608011,1,0.545390795090695,1,4
67,CT0608011,1,0.5054000265023594,1,4
68,CT0608011,1,0.545390795090695,1,4
69,CT0608011,1,0.5069939723716762,1,4
70,CT0608011,1,0.5050715259343111,1,4
71,CT0608011,0,0.5050715259343111,1,4
72,CT0608011,1,0.5050715259343111,1,4
73,CT0608011,0,0.4665998338974079,0,4
74,CT0608011,0,0.5157491199977929,1,4
75,CT0640011,0,0.6906458444319962,1,5
76,CT0640011,0,0.6906458444319962,1,5
77,CT0640011,0,0.7310003036912194,1,5
78,CT0690011,1,0.7739529681002012,1,1
79,CT0690011,1,0.7739529681002012,1,1
80,CT0740011,0,0.47410799076751853,0,5
81,CT0740011,0,0.47410799076751853,0,5
82,CT0740011,0,0.4417324228267074,0,5
83,CT0770021,0,0.3629356088859355,0,3
84,CT0770021,1,0.3150230935070824,0,3
85,CT0770021,0,0.3150230935070824,0,3
86,CT0770021,1,0.3301888291229299,0,3
87,CT0770021,1,0.3229760173273111,0,3
88,CT0770021,1,0.33436866661162257,0,3
89,CT0770021,1,0.3150230935070824,0,3
90,CT0780021,1,0.2718111277729775,0,2
91,CT0780021,1,0.339661068172762,0,2
92,CT0800011,0,0.7307983886548732,1,2
93,CT0800011,1,0.8264051092232457,1,2
94,CT0800011,0,0.7130641808835181,1,2
95,CT0800011,0,0.7130641808835181,1,2
96,CT0800011,1,0.8264051092232457,1,2
97,CT0800011,0,0.8231261777259147,1,2
98,CT0800011,0,0.8240225010256182,1,2
99,CT0810054,0,0.3734408669075112,0,2
100,CT0830011,0,0.6810159422693342,1,5
101,CT0830011,0,0.7473397302787842,1,5
102,CT0880011,0,0.6005877962017354,1,2
103,CT0890011,0,0.7247840321652231,1,3
104,CT0900011,1,0.5360408317795796,1,1
105,CT0920011,0,0.47274281336650226,0,4
106,CT0920011,0,0.4478989554823111,0,4
107,CT0930011,0,0.7099913279849631,1,3
108,CT0930011,0,0.7099913279849631,1,3
109,CT0930011,0,0.7099913279849631,1,3
110,CT0930011,1,0.7099913279849631,1,3
111,CT0930011,1,0.7099913279849631,1,3
112,CT0930011,1,0.7099913279849631,1,3
113,CT0930011,0,0.7099913279849631,1,3
114,CT0930011,0,0.7099913279849631,1,3
115,CT0930011,0,0.7099913279849631,1,3
116,CT0930011,1,0.7099913279849631,1,3
117,CT0930011,1,0.7099913279849631,1,3
118,CT0950011,0,0.5636425984851516,1,1
119,CT0960011,0,0.7713462592895085,1,4
120,CT0960011,0,0.7713462592895085,1,4
121,CT0960011,1,0.7713462592895085,1,4
122,CT0960011,1,0.7713462592895085,1,4
123,CT0960011,1,0.7713462592895085,1,4
124,CT0970011,1,0.6171972619721957,1,2
125,CT0970011,1,0.6171972619721957,1,2
126,CT1030011,1,0.7522207756184541,1,3
127,CT1030011,1,0.6815443256957797,1,3
128,CT1030021,0,0.5778921914649922,1,3
129,CT1040011,1,0.5922757574093521,1,2
130,CT1040011,1,0.5922757574093521,1,2
131,CT1040011,1,0.6567306450236757,1,2
132,CT1100011,1,0.8272384960413887,1,4
133,CT1100011,0,0.8272384960413887,1,4
134,CT1110011,0,0.5405287811233843,1,3
135,CT1110011,0,0.5405287811233843,1,3
136,CT1130011,1,0.45875008365445824,0,3
137,CT1160011,1,0.5592192826254524,1,4
138,CT1160011,1,0.6943178736307775,1,4
139,CT1160011,0,0.5592192826254524,1,4
140,CT1180011,1,0.5172498478415406,1,1
141,CT1180011,1,0.5172498478415406,1,1
142,CT1180011,1,0.5172498478415406,1,1
143,CT1180011,1,0.5832624365320999,1,1
144,CT1240011,0,0.7779349452912122,1,3
145,CT1240011,1,0.7779349452912122,1,3
146,CT1240011,1,0.7779349452912122,1,3
147,CT1240011,1,0.6899006378471633,1,3
148,CT1280021,1,0.7546242718231664,1,1
149,CT1280021,1,0.7546242718231664,1,1
150,CT1280021,1,0.7546242718231664,1,1
151,CT1300021,0,0.7611085569186786,1,1
152,CT1310011,1,0.5734980143186678,1,3
153,CT1310011,1,0.5734980143186678,1,3
154,CT1310011,1,0.5734980143186678,1,3
155,CT1310011,0,0.5734980143186678,1,3
156,CT1310011,0,0.5734980143186678,1,3
157,CT1310011,1,0.5734980143186678,1,3
158,CT1310011,1,0.5734980143186678,1,3
159,CT1350011,1,0.7396021808316656,1,4
160,CT1350011,0,0.7396021808316656,1,4
161,CT1370011,0,0.5652744112039665,1,4
162,CT1370011,0,0.36133345396893146,0,4
163,CT1400011,0,0.4811778218274037,0,2
164,CT1430011,0,0.23182966981618858,0,3
165,CT1510011,0,0.6344893696934087,1,1
166,CT1520071,0,0.5719900388291358,1,2
167,CT1530011,0,0.5277642532567567,1,3
168,CT1530021,0,0.6466560425715907,1,3
169,CT1620011,0,0.2921230129849243,0,1
170,CT1630011,1,0.35146980256577776,0,1
171,CT1666011,1,0.23394435289163093,0,1
172,MA1004000,0,0.18010162038979122,0,1
173,MA1005000,0,0.4718717849919013,0,3
174,MA1008000,0,0.3001816316482315,0,3
175,MA1008000,0,0.33733793144336843,0,3
176,MA1008000,0,0.33733793144336843,0,3
177,MA1008000,0,0.3625229591653498,0,3
178,MA1008000,0,0.33733793144336843,0,3
179,MA1015000,0,0.3039831347075769,0,5
180,MA1015000,0,0.3219926458023261,0,5
181,MA1024000,0,0.3205157267650158,0,3
182,MA1024000,0,0.3205157267650158,0,3
183,MA1061000,0,0.3060304578639611,0,2
184,MA1070000,0,0.1814975137351876,0,3
185,MA1070000,0,0.1814975137351876,0,3
186,MA1074001,0,0.2480441574593325,0,1
187,MA1085000,0,0.46969541919771407,0,2
188,MA1087000,0,0.5535672170757607,1,4
189,MA1087000,0,0.5535672170757607,1,4
190,MA1087000,0,0.5609938331614006,1,4
191,MA1087000,0,0.5535672170757607,1,4
192,MA1113000,0,0.10476294854177905,0,2
193,MA1114000,0,0.1707850948164317,0,1
194,MA1114000,0,0.22063090799353846,0,1
195,MA1117002,0,0.2719445555872131,0,2
196,MA1117002,0,0.2719445555872131,0,2
197,MA1127000,0,0.3435456727646783,0,3
198,MA1127000,1,0.3584326526538663,0,3
199,MA1127000,0,0.3435456727646783,0,3
200,MA1137000,0,0.5642869900429635,1,3
201,MA1137000,0,0.5642869900429635,1,3
202,MA1150000,0,0.24734098782959157,0,1
203,MA1152000,0,0.3049111101197669,0,3
204,MA1159000,0,0.39341717561893214,0,2
205,MA1191000,0,0.40462424476136843,0,2
206,MA1191000,0,0.40462424476136843,0,2
207,MA1191000,0,0.40462424476136843,0,2
208,MA1192000,0,0.28632259884656347,0,5
209,MA1192000,0,0.28632259884656347,0,5
210,MA1209000,1,0.12857997858218903,0,4
211,MA1214000,0,0.37516400060257377,0,4
212,MA1214000,0,0.4476047075196799,0,4
213,MA1214000,0,0.37516400060257377,0,4
214,MA1223000,0,0.578933124945202,1,5
215,MA1223000,0,0.578933124945202,1,5
216,MA1223000,0,0.578933124945202,1,5
217,MA1223000,0,0.40798758708196603,0,5
218,MA1227000,0,0.4482758114364116,0,3
219,MA1227000,0,0.4482758114364116,0,3
220,MA1227000,0,0.4482758114364116,0,3
221,MA1236000,0,0.184352214462205,0,2
222,MA1236000,0,0.184352214462205,0,2
223,MA1275000,0,0.2845782228562042,0,3
224,MA1275001,0,0.47058682719765255,0,4
225,MA1275001,0,0.47058682719765255,0,4
226,MA1276000,0,0.46023199043596835,0,2
227,MA1276000,0,0.46023199043596835,0,2
228,MA1279000,0,0.6382492426829667,1,3
229,MA1279000,0,0.6382492426829667,1,3
230,MA1281000,0,0.3923898672539511,0,1
231,MA1309000,0,0.3910332891902902,0,3
232,MA1309000,1,0.30430402684923946,0,3
233,MA1325000,0,0.512231765457672,1,1
234,MA1329000,0,0.6754886086555738,1,3
235,MA1329000,0,0.7200047204021548,1,3
236,MA1329000,0,0.6193294924399307,1,3
237,MA1329000,0,0.6193294924399307,1,3
238,MA1329000,1,0.7200047204021548,1,3
239,MA1329000,0,0.7200047204021548,1,3
240,MA1337010,0,0.2099416599746892,0,2
241,MA1339000,0,0.2908767654840076,0,1
242,MA1341000,0,0.03585774628948243,0,4
243,MA1341000,0,0.03585774628948243,0,4
244,MA1341000,0,0.03585774628948243,0,4
245,MA1341010,0,0.07085494810268572,0,2
246,MA2002000,1,0.6049894021849386,1,2
247,MA2002000,1,0.6049894021849386,1,2
248,MA2002000,1,0.6119382456732506,1,2
249,MA2011000,0,0.4925010609432335,0,4
250,MA2011004,0,0.315159232471214,0,1
251,MA2017000,1,0.5639601393115409,1,5
252,MA2017000,0,0.5639601393115409,1,5
253,MA2017000,0,0.5639601393115409,1,5
254,MA2017000,0,0.5639601393115409,1,5
255,MA2017000,1,0.5639601393115409,1,5
256,MA2019000,1,0.8400344487284034,1,1
257,MA2019000,1,0.8613324394721655,1,1
258,MA2019001,1,0.5472066652767157,1,4
259,MA2019001,1,0.5472066652767157,1,4
260,MA2019001,0,0.5472066652767157,1,4
261,MA2021000,0,0.4102346071804666,0,5
262,MA2025000,1,0.7494120367510975,1,2
263,MA2025000,1,0.7494120367510975,1,2
264,MA2032000,0,0.5040551603188984,1,5
265,MA2064000,0,0.2782388817337378,0,1
266,MA2080000,0,0.42425085521791367,0,1
267,MA2080006,0,0.4150478506395011,0,5
268,MA2097000,1,0.3561905672974947,0,1
269,MA2097000,1,0.3561905672974947,0,1
270,MA2101000,1,0.7077562454412746,1,2
271,MA2101000,1,0.7077562454412746,1,2
272,MA2101000,1,0.7077562454412746,1,2
273,MA2101000,0,0.7077562454412746,1,2
274,MA2101000,1,0.7077562454412746,1,2
275,MA2101000,0,0.6606023233921472,1,2
276,MA2101000,0,0.6606023233921472,1,2
277,MA2103000,0,0.18082303731870208,0,4
278,MA2103000,0,0.36146373827112593,0,4
279,MA2110000,1,0.5828760119990386,1,3
280,MA2110000,1,0.5828760119990386,1,3
281,MA2110000,0,0.5828760119990386,1,3
282,MA2110000,0,0.5828760119990386,1,3
283,MA2115000,0,0.24878412935474964,0,2
284,MA2115000,1,0.24878412935474964,0,2
285,MA2134000,1,0.6085523758262457,1,4
286,MA2134000,1,0.615699299250255,1,4
287,MA2134000,0,0.615699299250255,1,4
288,MA2134000,1,0.5505017409935787,1,4
289,MA2136000,0,0.5387948229232356,1,5
290,MA2136000,1,0.5387948229232356,1,5
291,MA2136000,1,0.5387948229232356,1,5
292,MA2136000,1,0.5387948229232356,1,5
293,MA2138000,1,0.4047909786043008,0,1
294,MA2139000,0,0.6466659727574103,1,2
295,MA2139000,1,0.6305565987161669,1,2
296,MA2139000,1,0.6305565987161669,1,2
297,MA2139000,1,0.6429193005527066,1,2
298,MA2141000,0,0.7275458437189705,1,5
299,MA2141000,1,0.8202084721637046,1,5
300,MA2147000,0,0.4874421772229696,0,5
301,MA2147000,0,0.4874421772229696,0,5
302,MA2151001,0,0.5058282860701382,1,3
303,MA2151001,1,0.4806097113501267,0,3
304,MA2153000,0,0.6817542501826235,1,2
305,MA2153000,0,0.6817542501826235,1,2
306,MA2153000,0,0.6817542501826235,1,2
307,MA2153000,1,0.7492285911055909,1,2
308,MA2158000,0,0.5663391424134948,1,3
309,MA2162000,1,0.5395780505155026,1,4
310,MA2162000,1,0.5193288716999178,1,4
311,MA2170000,0,0.3373364403402416,0,2
312,MA2174000,1,0.7078532968255867,1,4
313,MA2174000,0,0.7078532968255867,1,4
314,MA2174000,0,0.7078532968255867,1,4
315,MA2175000,0,0.6986528147660672,1,2
316,MA2175000,0,0.7097855872392264,1,2
317,MA2175000,1,0.7097855872392264,1,2
318,MA2177000,1,0.7088002716225424,1,1
319,MA2177000,1,0.7139860115887661,1,1
320,MA2185000,1,0.8216341151221515,1,2
321,MA2185000,1,0.7440751039854593,1,2
322,MA2186000,1,0.5775390346801159,1,4
323,MA2186000,1,0.5302317359573474,1,4
324,MA2186000,0,0.639568390906366,1,4
325,MA2187000,0,0.5281134291676273,1,3
326,MA2187000,1,0.5274261659967044,1,3
327,MA2187000,0,0.5274261659967044,1,3
328,MA2187000,0,0.5274261659967044,1,3
329,MA2208000,0,0.7055277384356001,1,2
330,MA2208000,1,0.7055277384356001,1,2
331,MA2208000,0,0.7055277384356001,1,2
332,MA2208001,0,0.45207363906230535,0,2
333,MA2212000,0,0.15587380369597573,0,1
334,MA2215000,0,0.2519346217428517,0,5
335,MA2216000,0,0.37721934608956315,0,3
336,MA2216000,0,0.36954598664563043,0,3
337,MA2216006,0,0.23192693724366048,0,4
338,MA2226000,0,0.508626197360503,1,2
339,MA2226000,0,0.508626197360503,1,2
340,MA2226000,1,0.508626197360503,1,2
341,MA2228000,1,0.45558440866786415,0,2
342,MA2232000,1,0.19077413613458816,0,5
343,MA2232000,0,0.19077413613458816,0,5
344,MA2232000,1,0.16794382259791654,0,5
345,MA2257000,0,0.29778431834163877,0,2
346,MA2270000,1,0.7409116423327623,1,4
347,MA2270000,0,0.7409116423327623,1,4
348,MA2270001,1,0.547504716562662,1,1
349,MA2271000,1,0.5883831273119803,1,5
350,MA2277000,0,0.31205149070345883,0,3
351,MA2278000,1,0.552392719903072,1,4
352,MA2280000,0,0.4361964463658993,0,4
353,MA2280000,0,0.4361964463658993,0,4
354,MA2282000,0,0.5053689030366468,1,3
355,MA2282000,1,0.5053689030366468,1,3
356,MA2287000,0,0.30949324298262965,0,2
357,MA2287000,0,0.3255879637233431,0,2
358,MA2294000,1,0.22491439776494374,0,4
359,MA2294000,0,0.21302835895130806,0,4
360,MA2294000,0,0.21302835895130806,0,4
361,MA2294000,0,0.22491439776494374,0,4
362,MA2299000,0,0.5126219152167726,1,3
363,MA2299000,0,0.38871260425117854,0,3
364,MA2299000,0,0.38871260425117854,0,3
365,MA2299000,1,0.38871260425117854,0,3
366,MA2299000,1,0.38871260425117854,0,3
367,MA2303000,0,0.6645706675974918,1,3
368,MA2303000,0,0.6645706675974918,1,3
369,MA2303000,0,0.6645706675974918,1,3
370,MA2304000,0,0.40834864706825874,0,1
371,MA2304000,0,0.40834864706825874,0,1
372,MA2304000,1,0.40834864706825874,0,1
373,MA2316000,1,0.4882238569418018,0,3
374,MA2316000,0,0.4882238569418018,0,3
375,MA2321000,1,0.6329018748015225,1,5
376,MA2321000,1,0.6329018748015225,1,5
377,MA2321000,0,0.6329018748015225,1,5
378,MA2321000,1,0.479347815607358,0,5
379,MA2328000,1,0.803061866254608,1,2
380,MA2328000,0,0.803061866254608,1,2
381,MA2328000,0,0.7914038190542334,1,2
382,MA2328000,0,0.6503203784699951,1,2
383,MA2328000,1,0.7634404116097933,1,2
384,MA2332000,0,0.4332204953542885,0,1
385,MA2343000,0,0.5257064608067187,1,2
386,MA2348000,1,0.4800801780665702,0,1
387,MA3007000,0,0.3935703960624417,0,1
388,MA3009000,0,0.5466663750853569,1,2
389,MA3010000,0,0.12041870669226436,0,3
390,MA3014000,1,0.7567236742966511,1,2
391,MA3023000,0,0.32488080869452823,0,1
392,MA3023002,0,0.16092113052072984,0,1
393,MA3023002,0,0.16092113052072984,0,1
394,MA3026000,0,0.09293803354759558,0,4
395,MA3030000,1,0.5780015185445848,1,3
396,MA3031000,1,0.5241306898228341,1,1
397,MA3035000,0,0.0817088767134674,0,3
398,MA3046000,0,0.06537802180281828,0,4
399,MA3048000,0,0.6355232626857275,1,1
400,MA3048000,1,0.6731712290646286,1,1
401,MA3049000,1,0.272510153940535,0,3
402,MA3056000,1,0.5690294625903577,1,1
403,MA3056000,1,0.5690294625903577,1,1
404,MA3056000,1,0.5690294625903577,1,1
405,MA3056000,1,0.4959905325132083,0,1
406,MA3056002,0,0.6490750762393892,1,5
407,MA3057000,0,0.1490723972809466,0,1
408,MA3067000,1,0.34782341327098837,0,1
409,MA3067000,1,0.5866908722471849,1,1
410,MA3067000,1,0.5866908722471849,1,1
411,MA3067000,0,0.5866908722471849,1,1
412,MA3067000,1,0.5866908722471849,1,1
413,MA3067000,0,0.5696831503610215,1,1
414,MA3071000,0,0.46322998231755697,0,2
415,MA3071000,1,0.6767139236828388,1,2
416,MA3073000,0,0.35801080935968616,0,5
417,MA3073000,1,0.7060686226979238,1,5
418,MA3073000,1,0.7060686226979238,1,5
419,MA3079000,1,0.620976339198862,1,2
420,MA3079000,1,0.6407148503861569,1,2
421,MA3079000,1,0.6407148503861569,1,2
422,MA3079001,0,0.6442668454937959,1,2
423,MA3079001,0,0.6442668454937959,1,2
424,MA3093000,0,0.09232155770180096,0,4
425,MA3100000,0,0.3039950807901345,0,1
426,MA3105000,0,0.4595622369798934,0,1
427,MA3107000,0,0.5691326203911401,1,2
428,MA3107000,0,0.5691326203911401,1,2
429,MA3116000,1,0.5243069478912005,1,3
430,MA3116000,1,0.5243069478912005,1,3
431,MA3119000,1,0.5508284576395982,1,3
432,MA3119000,1,0.5508284576395982,1,3
433,MA3128000,0,0.6194711696988716,1,2
434,MA3144000,1,0.5348613499016915,1,1
435,MA3144000,0,0.5348613499016915,1,1
436,MA3144000,0,0.5348613499016915,1,1
437,MA3144000,0,0.4422391374119606,0,1
438,MA3144000,1,0.5348613499016915,1,1
439,MA3149000,1,0.628925891985113,1,2
440,MA3155000,0,0.25985593809086666,0,1
441,MA3157000,1,0.49914650022205226,0,3
442,MA3157000,0,0.5177440381253596,1,3
443,MA3160000,1,0.4269119569811158,0,3
444,MA3163000,1,0.5719977125601997,1,5
445,MA3164000,1,0.49495729112895226,0,1
446,MA3164000,0,0.4235249750017436,0,1
447,MA3164000,1,0.4235249750017436,0,1
448,MA3164001,0,0.13080718976257644,0,4
449,MA3165000,0,0.1240175857826713,0,3
450,MA3166000,1,0.4899372061239226,0,5
451,MA3166000,1,0.4899372061239226,0,5
452,MA3168000,0,0.06418985024445976,0,2
453,MA3176000,0,0.12223808593062446,0,5
454,MA3178000,0,0.14339289015747764,0,5
455,MA3180000,1,0.4469496054406457,0,1
456,MA3180000,0,0.4469496054406457,0,1
457,MA3181000,1,0.45920469810466785,0,2
458,MA3184000,1,0.594843955956415,1,3
459,MA3189000,0,0.31863438085533136,0,2
460,MA3196000,0,0.10673320507841823,0,1
461,MA3198000,1,0.619855443360615,1,3
462,MA3198000,1,0.744056713465294,1,3
463,MA3198000,1,0.744056713465294,1,3
464,MA3198000,1,0.7495635075549821,1,3
465,MA3199000,0,0.3167513573952609,0,5
466,MA3199000,1,0.6577762121650541,1,5
467,MA3206000,1,0.5026874550938728,1,1
468,MA3206000,1,0.39673106017021553,0,1
469,MA3207000,0,0.06864305096685161,0,5
470,MA3210000,0,0.5972748323965166,1,1
471,MA3213000,1,0.7357005427959763,1,1
472,MA3229000,0,0.36188753495526904,0,3
473,MA3229000,1,0.45089106505390847,0,3
474,MA3229000,1,0.45505655151369345,0,3
475,MA3243000,0,0.11945164023072276,0,1
476,MA3246000,0,0.345266049180875,0,3
477,MA3248000,1,0.17034559192354673,0,4
478,MA3252000,0,0.158755026411988,0,1
479,MA3254000,1,0.48264387810512116,0,5
480,MA3254000,0,0.47169261667543505,0,5
481,MA3258000,1,0.5583769517000929,1,5
482,MA3259000,0,0.7527402536005432,1,3
483,MA3259000,1,0.7465854404243901,1,3
484,MA3262000,0,0.20039019383226245,0,4
485,MA3274000,0,0.09232155770180096,0,4
486,MA3284000,0,0.21295304013777558,0,4
487,MA3288000,1,0.5336451311037276,1,5
488,MA3288000,1,0.5336451311037276,1,5
489,MA3288000,1,0.5336451311037276,1,5
490,MA3288000,0,0.5336451311037276,1,5
491,MA3288000,1,0.5336451311037276,1,5
492,MA3291000,0,0.10182122946616042,0,1
493,MA3295000,1,0.6352269192118235,1,4
494,MA3298000,1,0.47649875000776126,0,3
495,MA3301000,1,0.6154159836546218,1,4
496,MA3301000,0,0.6154159836546218,1,4
497,MA3305000,0,0.364769453315887,0,1
498,MA3305000,1,0.38237248367677656,0,1
499,MA3308000,0,0.317381172442686,0,2
500,MA3314000,0,0.2425462404700529,0,1
501,MA3315000,0,0.6062618045286248,1,4
502,MA3315000,0,0.566693109677317,1,4
503,MA3315000,1,0.6226860579600962,1,4
504,MA3315000,1,0.566693109677317,1,4
505,MA3317000,1,0.7153957739483683,1,3
506,MA3317000,1,0.7153957739483683,1,3
507,MA3317000,1,0.7755379403703667,1,3
508,MA3317000,0,0.3585987367444725,0,3
509,MA3320000,1,0.47692490268610416,0,4
510,MA3324000,0,0.6661835609316833,1,1
511,MA3330000,1,0.5098910081283131,1,2
512,MA3330000,1,0.5098910081283131,1,2
513,MA3330019,1,0.46799575753083617,0,4
514,MA3333000,0,0.3084261387001425,0,2
515,MA3342000,0,0.43749051419066437,0,3
516,MA3342000,0,0.7575554819808483,1,3
517,MA3342000,0,0.7843561929720991,1,3
518,MA3344000,0,0.6886978088450478,1,5
519,MA3344000,0,0.5113325812173148,1,5
520,MA3346000,0,0.3012104052892512,0,2
521,MA3347000,0,0.307982042291318,0,5
522,MA3347000,1,0.6160996966876437,1,5
523,MA4001000,0,0.6539402251875427,1,2
524,MA4001000,1,0.5381932468056446,1,2
525,MA4001000,1,0.5753335347657689,1,2
526,MA4003000,0,0.5200356778465377,1,5
527,MA4016000,1,0.6408079816676383,1,3
528,MA4016000,1,0.6408079816676383,1,3
529,MA4018000,1,0.49144029097962333,0,4
530,MA4018000,0,0.48203893245973833,0,4
531,MA4020000,0,0.5303958823657351,1,4
532,MA4020000,1,0.5303958823657351,1,4
533,MA4020000,1,0.5303958823657351,1,4
534,MA4020002,1,0.6633717704069668,1,4
535,MA4020002,0,0.6633717704069668,1,4
536,MA4020002,0,0.6633717704069668,1,4
537,MA4020002,0,0.6633717704069668,1,4
538,MA4020002,0,0.6633717704069668,1,4
539,MA4020002,0,0.6633717704069668,1,4
540,MA4020002,0,0.6633717704069668,1,4
541,MA4020002,0,0.6633717704069668,1,4
542,MA4020002,0,0.6633717704069668,1,4
543,MA4020002,0,0.6633717704069668,1,4
544,MA4020002,0,0.6633717704069668,1,4
545,MA4020002,1,0.6633717704069668,1,4
546,MA4020002,1,0.6633717704069668,1,4
547,MA4020002,0,0.6633717704069668,1,4
548,MA4020003,0,0.5380766567837422,1,4
549,MA4020003,0,0.5380766567837422,1,4
550,MA4020003,0,0.5380766567837422,1,4
551,MA4020003,0,0.5380766567837422,1,4
552,MA4020003,0,0.5380766567837422,1,4
553,MA4020004,1,0.25888450243427896,0,2
554,MA4020004,1,0.32320725348395263,0,2
555,MA4020004,1,0.336405112983377,0,2
556,MA4036000,0,0.17443823163494054,0,4
557,MA4036000,0,0.17443823163494054,0,4
558,MA4036000,0,0.17443823163494054,0,4
559,MA4036000,0,0.17443823163494054,0,4
560,MA4036000,1,0.17443823163494054,0,4
561,MA4036000,0,0.17443823163494054,0,4
562,MA4036000,0,0.17443823163494054,0,4
563,MA4036001,0,0.24080619273691647,0,4
564,MA4036001,0,0.24080619273691647,0,4
565,MA4036001,0,0.24080619273691647,0,4
566,MA4036001,0,0.24080619273691647,0,4
567,MA4036001,0,0.24080619273691647,0,4
568,MA4036002,1,0.4948426807631191,0,3
569,MA4036002,0,0.4948426807631191,0,3
570,MA4040000,1,0.5525541856348469,1,4
571,MA4041000,0,0.1015810441398863,0,4
572,MA4041000,0,0.1015810441398863,0,4
573,MA4041000,0,0.1015810441398863,0,4
574,MA4041000,0,0.1015810441398863,0,4
575,MA4041000,0,0.1015810441398863,0,4
576,MA4042000,1,0.7419647078598448,1,2
577,MA4042000,1,0.7327745262421399,1,2
578,MA4042000,1,0.7419647078598448,1,2
579,MA4044000,0,0.2542271853664415,0,5
580,MA4050000,0,0.272366500379994,0,1
581,MA4050000,1,0.428643961368929,0,1
582,MA4050000,1,0.36544729227578854,0,1
583,MA4055000,0,0.32178100876143173,0,3
584,MA4055000,0,0.3335027696421871,0,3
585,MA4055000,0,0.32178100876143173,0,3
586,MA4055000,0,0.32440485947394887,0,3
587,MA4055000,0,0.32898010115150916,0,3
588,MA4065000,0,0.6298167977242307,1,1
589,MA4072000,0,0.6207741956667048,1,4
590,MA4072000,1,0.7188641533391715,1,4
591,MA4072000,1,0.7188641533391715,1,4
592,MA4072000,0,0.7188641533391715,1,4
593,MA4075000,0,0.39798988525935614,0,3
594,MA4075000,0,0.39798988525935614,0,3
595,MA4075000,0,0.39798988525935614,0,3
596,MA4075000,0,0.39798988525935614,0,3
597,MA4075000,0,0.39798988525935614,0,3
598,MA4075000,0,0.39798988525935614,0,3
599,MA4075000,0,0.39798988525935614,0,3
600,MA4075000,1,0.39798988525935614,0,3
601,MA4075000,0,0.39798988525935614,0,3
602,MA4076000,1,0.4635724339982666,0,2
603,MA4076004,0,0.28463603055480896,0,4
604,MA4082000,1,0.7135272517412715,1,5
605,MA4082000,0,0.7135272517412715,1,5
606,MA4082000,0,0.7135272517412715,1,5
607,MA4082000,1,0.7135272517412715,1,5
608,MA4082000,0,0.7135272517412715,1,5
609,MA4082000,0,0.7135272517412715,1,5
610,MA4082000,0,0.7135272517412715,1,5
611,MA4082000,0,0.7135272517412715,1,5
612,MA4083000,0,0.6250788091373141,1,5
613,MA4083000,1,0.6250788091373141,1,5
614,MA4086095,0,0.5012308537588036,1,3
615,MA4086095,0,0.5012308537588036,1,3
616,MA4088000,0,0.618113136334257,1,1
617,MA4088000,1,0.618113136334257,1,1
618,MA4088000,1,0.618113136334257,1,1
619,MA4088000,1,0.618113136334257,1,1
620,MA4089000,0,0.11990559721213548,0,2
621,MA4089000,0,0.11990559721213548,0,2
622,MA4089000,0,0.11990559721213548,0,2
623,MA4089000,0,0.11990559721213548,0,2
624,MA4089000,0,0.11990559721213548,0,2
625,MA4094000,0,0.5544032954618751,1,1
626,MA4095000,0,0.49228251652096383,0,3
627,MA4096000,0,0.19936463126803639,0,2
628,MA4096000,0,0.2316729017602247,0,2
629,MA4096000,0,0.1745627742841222,0,2
630,MA4096000,0,0.1992582593449568,0,2
631,MA4096001,0,0.18917088795464643,0,1
632,MA4099000,1,0.7704503722673022,1,1
633,MA4099000,1,0.7704503722673022,1,1
634,MA4099000,1,0.7704503722673022,1,1
635,MA4118000,1,0.4494206961788131,0,5
636,MA4118000,1,0.4494206961788131,0,5
637,MA4118000,0,0.4494206961788131,0,5
638,MA4118000,0,0.4494206961788131,0,5
639,MA4122000,1,0.7748586410869133,1,4
640,MA4122000,1,0.7748586410869133,1,4
641,MA4122000,1,0.6843738454905223,1,4
642,MA4123000,1,0.5697161340183906,1,5
643,MA4126000,0,0.32075792682740845,0,3
644,MA4126000,0,0.32075792682740845,0,3
645,MA4126000,0,0.32075792682740845,0,3
646,MA4126000,0,0.32075792682740845,0,3
647,MA4126000,0,0.32075792682740845,0,3
648,MA4131000,1,0.63287040839498,1,2
649,MA4131000,1,0.63287040839498,1,2
650,MA4133000,1,0.6405279004368417,1,2
651,MA4145000,0,0.4389875139705092,0,3
652,MA4145000,0,0.4389875139705092,0,3
653,MA4145000,0,0.4389875139705092,0,3
654,MA4145000,0,0.48924694871127367,0,3
655,MA4145000,0,0.48924694871127367,0,3
656,MA4167000,0,0.7273293465303258,1,5
657,MA4167000,0,0.7273293465303258,1,5
658,MA4167000,1,0.7273293465303258,1,5
659,MA4169000,0,0.47628318974844913,0,4
660,MA4171000,0,0.7658145437538058,1,5
661,MA4171000,1,0.7581068018330392,1,5
662,MA4171000,1,0.7901017740259467,1,5
663,MA4171000,1,0.7658145437538058,1,5
664,MA4171000,0,0.7658145437538058,1,5
665,MA4171000,0,0.7658145437538058,1,5
666,MA4171000,1,0.8036572839914227,1,5
667,MA4171000,0,0.7658145437538058,1,5
668,MA4171000,1,0.7658145437538058,1,5
669,MA4171000,0,0.7658145437538058,1,5
670,MA4171000,0,0.7658145437538058,1,5
671,MA4171000,0,0.7658145437538058,1,5
672,MA4171000,0,0.7658145437538058,1,5
673,MA4171000,1,0.7048998776767537,1,5
674,MA4171000,1,0.7220219366852527,1,5
675,MA4171000,0,0.7220219366852527,1,5
676,MA4172039,0,0.21230892269070012,0,5
677,MA4172039,0,0.29007411529611477,0,5
678,MA4172039,0,0.29007411529611477,0,5
679,MA4172039,0,0.230068640030345,0,5
680,MA4172039,0,0.29007411529611477,0,5
681,MA4172039,1,0.24540913850770754,0,5
682,MA4173000,0,0.5726037233370822,1,4
683,MA4173001,0,0.19011915466863757,0,2
684,MA4173001,0,0.20200775281102737,0,2
685,MA4182000,1,0.09878917710963482,0,5
686,MA4182000,0,0.09878917710963482,0,5
687,MA4182000,1,0.09878917710963482,0,5
688,MA4182000,0,0.09878917710963482,0,5
689,MA4182000,0,0.09878917710963482,0,5
690,MA4182000,0,0.09878917710963482,0,5
691,MA4182000,0,0.09878917710963482,0,5
692,MA4182000,1,0.09878917710963482,0,5
693,MA4182000,1,0.09878917710963482,0,5
694,MA4182000,0,0.09878917710963482,0,5
695,MA4197000,0,0.0760368751169363,0,4
696,MA4197000,0,0.0760368751169363,0,4
697,MA4197000,0,0.0760368751169363,0,4
698,MA4201000,1,0.4322817319866864,0,1
699,MA4211000,0,0.7964193040933711,1,3
700,MA4211000,1,0.825775948867539,1,3
701,MA4211000,1,0.825775948867539,1,3
702,MA4211000,1,0.825775948867539,1,3
703,MA4218000,1,0.6339969143708213,1,4
704,MA4218000,1,0.6339969143708213,1,4
705,MA4218000,0,0.6339969143708213,1,4
706,MA4219000,1,0.628994837863487,1,4
707,MA4219000,1,0.723946398183023,1,4
708,MA4219000,1,0.723946398183023,1,4
709,MA4220000,0,0.3026231615248434,0,1
710,MA4221000,0,0.520127965674608,1,5
711,MA4221000,1,0.520127965674608,1,5
712,MA4221000,0,0.520127965674608,1,5
713,MA4221000,0,0.520127965674608,1,5
714,MA4221000,0,0.520127965674608,1,5
715,MA4224000,0,0.12353492876269312,0,3
716,MA4224000,0,0.12353492876269312,0,3
717,MA4231000,1,0.7826432828852936,1,5
718,MA4231000,1,0.7826432828852936,1,5
719,MA4231000,0,0.7826432828852936,1,5
720,MA4238000,1,0.6255368281623278,1,4
721,MA4238000,1,0.6300654808112912,1,4
722,MA4239000,0,0.5855367639820286,1,4
723,MA4239000,0,0.5855367639820286,1,4
724,MA4239000,0,0.5855367639820286,1,4
725,MA4239000,1,0.5855367639820286,1,4
726,MA4239000,0,0.5855367639820286,1,4
727,MA4239000,0,0.5855367639820286,1,4
728,MA4239000,0,0.5855367639820286,1,4
729,MA4239000,0,0.5855367639820286,1,4
730,MA4239000,0,0.5855367639820286,1,4
731,MA4239000,0,0.5855367639820286,1,4
732,MA4239000,0,0.5855367639820286,1,4
733,MA4239055,1,0.48900357063184163,0,2
734,MA4242000,0,0.026705327044329524,0,4
735,MA4242000,0,0.026705327044329524,0,4
736,MA4244000,1,0.5520755905458561,1,3
737,MA4244001,1,0.3073870760717479,0,3
738,MA4245000,0,0.5881485279651631,1,4
739,MA4245000,1,0.5881485279651631,1,4
740,MA4245000,1,0.5881485279651631,1,4
741,MA4245002,1,0.4357727788980052,0,2
742,MA4245002,0,0.43094570124063947,0,2
743,MA4261000,0,0.36744264883285815,0,3
744,MA4261000,0,0.3610593485547274,0,3
745,MA4261000,0,0.3610593485547274,0,3
746,MA4261000,0,0.3610593485547274,0,3
747,MA4261000,0,0.3610593485547274,0,3
748,MA4261000,0,0.3610593485547274,0,3
749,MA4261000,0,0.3610593485547274,0,3
750,MA4261000,0,0.3610593485547274,0,3
751,MA4261000,0,0.3610593485547274,0,3
752,MA4261000,0,0.3610593485547274,0,3
753,MA4261024,0,0.14076126337650124,0,3
754,MA4261024,0,0.14076126337650124,0,3
755,MA4261024,0,0.14076126337650124,0,3
756,MA4264000,0,0.6558511859627741,1,3
757,MA4264000,1,0.5667057306823516,1,3
758,MA4264000,1,0.6558511859627741,1,3
759,MA4264000,1,0.6558511859627741,1,3
760,MA4265000,1,0.530608703290565,1,2
761,MA4266000,1,0.7587455043013331,1,2
762,MA4266000,1,0.7587455043013331,1,2
763,MA4266000,1,0.7587455043013331,1,2
764,MA4266000,1,0.7587455043013331,1,2
765,MA4266000,1,0.7587455043013331,1,2
766,MA4266000,0,0.7587455043013331,1,2
767,MA4273000,0,0.5043967377616789,1,5
768,MA4292000,1,0.70174576360907,1,2
769,MA4292000,1,0.6982768706413937,1,2
770,MA4292000,1,0.6840700723387367,1,2
771,MA4292000,0,0.6628889979317447,1,2
772,MA4293000,0,0.3822855335359544,0,1
773,MA4296000,0,0.4938553413851693,0,5
774,MA4296000,0,0.4938553413851693,0,5
775,MA4296000,0,0.4938553413851693,0,5
776,MA4307000,1,0.7961199199659739,1,4
777,MA4307000,1,0.8523985206487577,1,4
778,MA4310000,0,0.38837697691216544,0,4
779,MA4310000,0,0.41465934470978844,0,4
780,MA4322000,1,0.5336451311037276,1,5
781,MA4322000,0,0.5336451311037276,1,5
782,MA4322000,1,0.5336451311037276,1,5
783,MA4322000,1,0.5336451311037276,1,5
784,MA4336000,0,0.6172354738019789,1,5
785,MA4336000,1,0.7149247883074111,1,5
786,MA4338000,1,0.4979477262985588,0,4
787,MA4350000,1,0.44809087836453204,0,1
788,MA4350000,1,0.44809087836453204,0,1
789,MA4350000,1,0.44809087836453204,0,1
790,MA4351000,0,0.22183502767051316,0,5
791,MA4351000,0,0.22183502767051316,0,5
792,MA4351000,0,0.22183502767051316,0,5
793,MA4351000,0,0.22183502767051316,0,5
794,MA4351000,0,0.22183502767051316,0,5
795,MA4351000,1,0.22183502767051316,0,5
796,MA4351000,0,0.22183502767051316,0,5
797,MA4351000,0,0.22183502767051316,0,5
798,MA4351000,1,0.22183502767051316,0,5
799,MA4351000,0,0.26933408946844273,0,5
800,MA4351000,0,0.22183502767051316,0,5
801,MA4351000,0,0.22183502767051316,0,5
802,MA4351000,1,0.22183502767051316,0,5
803,MA4351000,0,0.22183502767051316,0,5
804,MA4351000,0,0.22183502767051316,0,5
805,ME0000147,1,0.31992115591896186,0,1
806,ME0090070,0,0.23571100040941267,0,4
807,ME0090110,0,0.19749803978066072,0,3
808,ME0090120,1,0.22079821087567927,0,3
809,ME0090130,0,0.21786138028890958,0,5
810,ME0090140,0,0.23268066736116322,0,2
811,ME0090140,1,0.23268066736116322,0,2
812,ME0090170,0,0.5822062550087621,1,1
813,ME0090200,0,0.4759972351568036,0,1
814,ME0090220,0,0.24234788560405637,0,4
815,ME0090260,0,0.36042781110760946,0,3
816,ME0090260,0,0.36042781110760946,0,3
817,ME0090260,0,0.2543711264140451,0,3
818,ME0090300,0,0.41365565775469393,0,2
819,ME0090320,0,0.10713244003179041,0,3
820,ME0090520,0,0.10051265847493526,0,3
821,ME0090540,0,0.11683650961151451,0,3
822,ME0090540,0,0.11683650961151451,0,3
823,ME0090570,1,0.319763643898996,0,2
824,ME0090610,1,0.3951456761038873,0,3
825,ME0090660,0,0.09530965074764249,0,2
826,ME0090660,0,0.0989603897104989,0,2
827,ME0090660,0,0.0989603897104989,0,2
828,ME0090700,1,0.10150502834307747,0,1
829,ME0090700,0,0.10150502834307747,0,1
830,ME0090750,1,0.1214767687887208,0,2
831,ME0090760,0,0.6482009466681085,1,5
832,ME0090760,0,0.7475324564717538,1,5
833,ME0090760,0,0.755953063902987,1,5
834,ME0090760,0,0.6482009466681085,1,5
835,ME0090760,0,0.6482009466681085,1,5
836,ME0090790,0,0.6453842033705647,1,3
837,ME0090830,0,0.30140402263146104,0,2
838,ME0090870,1,0.4414794075134431,0,3
839,ME0090870,1,0.4414794075134431,0,3
840,ME0090870,1,0.4414794075134431,0,3
841,ME0090870,1,0.4414794075134431,0,3
842,ME0090930,0,0.37726515649788706,0,5
843,ME0090930,0,0.36098446570946907,0,5
844,ME0090990,0,0.3967813030891688,0,2
845,ME0091200,0,0.14939600475590076,0,3
846,ME0091210,0,0.1406468487446287,0,5
847,ME0091300,0,0.08971485775358747,0,4
848,ME0091310,0,0.39753347744860057,0,4
849,ME0091380,0,0.14089158757753154,0,4
850,ME0091380,0,0.14089158757753154,0,4
851,ME0091410,1,0.4500536192283398,0,3
852,ME0091410,1,0.4500536192283398,0,3
853,ME0091410,1,0.4500536192283398,0,3
854,ME0091410,0,0.4500536192283398,0,3
855,ME0091410,0,0.4500536192283398,0,3
856,ME0091410,0,0.4500536192283398,0,3
857,ME0091450,0,0.34625044150723905,0,4
858,ME0091540,0,0.0893770451352399,0,1
859,ME0091550,0,0.3083469550871663,0,2
860,ME0091670,0,0.20815472073912938,0,4
861,ME0091670,0,0.20815472073912938,0,4
862,ME0091670,1,0.20815472073912938,0,4
863,ME0091670,0,0.20815472073912938,0,4
864,ME0091680,0,0.4638661870893237,0,5
865,ME0092559,0,0.6657919256074365,1,2
866,ME0092710,0,0.6094536418921361,1,4
867,NH0161020,0,0.38883355377998075,0,3
868,NH0161020,0,0.38883355377998075,0,3
869,NH0162170,0,0.2202837326431299,0,4
870,NH0192080,1,0.4486577346342884,0,5
871,NH0231010,0,0.10163578779736306,0,4
872,NH0231010,0,0.08072479931762491,0,4
873,NH0251010,0,0.16656393646610404,0,4
874,NH0251010,0,0.16656393646610404,0,4
875,NH0251010,0,0.16656393646610404,0,4
876,NH0301010,0,0.07087462055380711,0,3
877,NH0301010,0,0.07087462055380711,0,3
878,NH0301010,0,0.07087462055380711,0,3
879,NH0446020,0,0.40631985263020887,0,3
880,NH0461010,0,0.16915629845507574,0,3
881,NH0501010,0,0.1235745787103056,0,3
882,NH0511030,0,0.5604798590196246,1,5
883,NH0511030,0,0.5604798590196246,1,5
884,NH0511030,0,0.5604798590196246,1,5
885,NH0511030,0,0.5604798590196246,1,5
886,NH0511030,0,0.5604798590196246,1,5
887,NH0512120,0,0.12533448355012106,0,1
888,NH0611010,1,0.3249133066884562,0,4
889,NH0651010,0,0.41847279259641046,0,2
890,NH0651010,0,0.41847279259641046,0,2
891,NH0651010,0,0.41847279259641046,0,2
892,NH0651010,0,0.41847279259641046,0,2
893,NH0651010,0,0.4334537850521309,0,2
894,NH0691010,0,0.284271720578158,0,1
895,NH0691010,0,0.27330850908586607,0,1
896,NH0801010,1,0.5060179115055076,1,3
897,NH0801010,0,0.5088422893998551,1,3
898,NH0851010,0,0.06347178425477329,0,3
899,NH0851010,0,0.06347178425477329,0,3
900,NH0851010,0,0.06347178425477329,0,3
901,NH0851010,0,0.06347178425477329,0,3
902,NH0951010,0,0.08738846297154586,0,2
903,NH1031010,1,0.672117984751664,1,2
904,NH1031010,1,0.6734759909985407,1,2
905,NH1031010,0,0.6734759909985407,1,2
906,NH1031010,1,0.6734759909985407,1,2
907,NH1031010,1,0.6734759909985407,1,2
908,NH1031010,1,0.6734759909985407,1,2
909,NH1031010,1,0.6734759909985407,1,2
910,NH1031010,0,0.6734759909985407,1,2
911,NH1031010,1,0.6734759909985407,1,2
912,NH1031010,0,0.6734759909985407,1,2
913,NH1031010,1,0.6734759909985407,1,2
914,NH1031010,0,0.6734759909985407,1,2
915,NH1051010,0,0.5112340586486368,1,3
916,NH1051010,1,0.5112340586486368,1,3
917,NH1051010,1,0.5112340586486368,1,3
918,NH1051010,0,0.5112340586486368,1,3
919,NH1071010,0,0.18856575039938253,0,1
920,NH1181010,1,0.27993283436994165,0,2
921,NH1196050,0,0.45417202346689073,0,4
922,NH1201010,1,0.5643333562768996,1,1
923,NH1221010,0,0.19672861230784847,0,1
924,NH1221010,1,0.19672861230784847,0,1
925,NH1221010,0,0.19672861230784847,0,1
926,NH1221010,1,0.19672861230784847,0,1
927,NH1241010,0,0.1237859941181899,0,3
928,NH1241010,0,0.16104418025539122,0,3
929,NH1241010,0,0.16104418025539122,0,3
930,NH1281010,0,0.15329910148952844,0,5
931,NH1321010,0,0.025729988690431176,0,4
932,NH1371010,0,0.6050397881633562,1,3
933,NH1371010,1,0.713232901887899,1,3
934,NH1381010,0,0.07843128219423996,0,4
935,NH1391010,1,0.36314127088529163,0,4
936,NH1461010,0,0.16838866654905735,0,4
937,NH1461010,0,0.16838866654905735,0,4
938,NH1471010,1,0.18557770377326094,0,3
939,NH1531010,0,0.4199044295010622,0,4
940,NH1531010,0,0.37410105512724173,0,4
941,NH1531010,0,0.37410105512724173,0,4
942,NH1561010,0,0.4234237123144352,0,5
943,NH1561010,0,0.651268772483782,1,5
944,NH1621010,0,0.3627566382977492,0,5
945,NH1622010,0,0.41025547769576376,0,2
946,NH1721010,0,0.17297833745804006,0,2
947,NH1731010,0,0.22686294465382043,0,5
948,NH1731010,0,0.22686294465382043,0,5
949,NH1741010,0,0.11612144922733252,0,1
950,NH1741010,0,0.13410124520088545,0,1
951,NH1861010,0,0.24924438945681968,0,4
952,NH1861010,0,0.24924438945681968,0,4
953,NH1861010,0,0.24924438945681968,0,4
954,NH1861010,1,0.24924438945681968,0,4
955,NH1871010,0,0.16516268340290072,0,2
956,NH1871010,0,0.16516268340290072,0,2
957,NH1871010,0,0.16516268340290072,0,2
958,NH1941010,0,0.07998757546839691,0,2
959,NH1941010,0,0.07998757546839691,0,2
960,NH1951010,1,0.5626352521581711,1,1
961,NH1951010,1,0.5626352521581711,1,1
962,NH1951010,1,0.5626352521581711,1,1
963,NH1951010,0,0.529479231895405,1,1
964,NH1951010,1,0.529479231895405,1,1
965,NH1951010,1,0.4158251266245762,0,1
966,NH1951010,0,0.529479231895405,1,1
967,NH1951010,0,0.529479231895405,1,1
968,NH1951020,1,0.8210941553279938,1,4
969,NH1971010,0,0.16254298476782178,0,1
970,NH1971010,0,0.16254298476782178,0,1
971,NH1971010,1,0.15115097132373898,0,1
972,NH2001010,0,0.3558646381044392,0,2
973,NH2001010,0,0.4281250266904097,0,2
974,NH2051010,1,0.3222830973341637,0,4
975,NH2051010,1,0.3306469091523461,0,4
976,NH2111010,1,0.4247558657394118,0,4
977,NH2111010,1,0.4247558657394118,0,4
978,NH2111010,0,0.4247558657394118,0,4
979,NH2111010,0,0.43397607384322284,0,4
980,NH2151010,0,0.28514210943885215,0,3
981,NH2561010,0,0.09247901805518892,0,4
982,NJ0102001,1,0.2181071276470915,0,5
983,NJ0102301,0,0.2361555814899436,0,3
984,NJ0103001,1,0.06788377541148512,0,4
985,NJ0103001,1,0.06788377541148512,0,4
986,NJ0103001,1,0.06788377541148512,0,4
987,NJ0104003,0,0.06247243619865475,0,5
988,NJ0104003,0,0.06247243619865475,0,5
989,NJ0107001,0,0.30445775139428816,0,4
990,NJ0108352,0,0.31773897929405825,0,5
991,NJ0111304,0,0.3460547821494038,0,1
992,NJ0112001,0,0.2827268647085331,0,2
993,NJ0112001,0,0.2827268647085331,0,2
994,NJ0112001,0,0.2827268647085331,0,2
995,NJ0112001,1,0.2827268647085331,0,2
996,NJ0112001,0,0.2827268647085331,0,2
997,NJ0112325,0,0.30805098235877326,0,4
998,NJ0113001,0,0.2639972321169073,0,4
999,NJ0113001,0,0.24235709180104342,0,4
1000,NJ0113001,0,0.24235709180104342,0,4
1001,NJ0115001,0,0.10769295682026968,0,3
1002,NJ0116001,0,0.4831730695868066,0,2
1003,NJ0116001,0,0.4831730695868066,0,2
1004,NJ0119002,0,0.22800702657062016,0,5
1005,NJ0119002,0,0.22800702657062016,0,5
1006,NJ0119002,1,0.22800702657062016,0,5
1007,NJ0119002,0,0.22800702657062016,0,5
1008,NJ0119002,0,0.22800702657062016,0,5
1009,NJ0119002,0,0.22800702657062016,0,5
1010,NJ0119002,0,0.22800702657062016,0,5
1011,NJ0119002,0,0.22800702657062016,0,5
1012,NJ0119002,1,0.22800702657062016,0,5
1013,NJ0119002,1,0.22800702657062016,0,5
1014,NJ0119002,1,0.22800702657062016,0,5
1015,NJ0119002,0,0.22800702657062016,0,5
1016,NJ0119002,0,0.22800702657062016,0,5
1017,NJ0119002,1,0.22800702657062016,0,5
1018,NJ0122001,0,0.5597701660010705,1,4
1019,NJ0122001,0,0.5597701660010705,1,4
1020,NJ0122001,0,0.5597701660010705,1,4
1021,NJ0201001,1,0.6768757557650157,1,2
1022,NJ0201001,1,0.836676794411099,1,2
1023,NJ0201001,1,0.7788167898816931,1,2
1024,NJ0201001,1,0.7885199511629022,1,2
1025,NJ0211001,1,0.7029892917659663,1,4
1026,NJ0217001,1,0.7190095422118672,1,5
1027,NJ0217001,1,0.7190095422118672,1,5
1028,NJ0217001,1,0.838370545819466,1,5
1029,NJ0220001,1,0.7416896799917552,1,5
1030,NJ0220001,1,0.9071778743820313,1,5
1031,NJ0221001,1,0.8738242044300166,1,4
1032,NJ0221001,1,0.8738242044300166,1,4
1033,NJ0221001,1,0.8738242044300166,1,4
1034,NJ0221001,1,0.8571659738791201,1,4
1035,NJ0228001,1,0.4110434969856465,0,1
1036,NJ0228001,1,0.4110434969856465,0,1
1037,NJ0228001,1,0.4110434969856465,0,1
1038,NJ0228001,1,0.4110434969856465,0,1
1039,NJ0231001,1,0.8922713994497727,1,3
1040,NJ0232001,1,0.6412162600420179,1,4
1041,NJ0233001,0,0.8135412208641694,1,3
1042,NJ0233001,1,0.8135412208641694,1,3
1043,NJ0233001,1,0.8135412208641694,1,3
1044,NJ0233001,1,0.6935979422414652,1,3
1045,NJ0238001,1,0.7269564453181532,1,4
1046,NJ0238001,1,0.7269564453181532,1,4
1047,NJ0238001,1,0.7269564453181532,1,4
1048,NJ0239001,1,0.856921763517954,1,1
1049,NJ0242001,1,0.8002256372056811,1,3
1050,NJ0242001,1,0.7949308193100075,1,3
1051,NJ0242001,1,0.8002256372056811,1,3
1052,NJ0242001,1,0.8002256372056811,1,3
1053,NJ0247001,1,0.9449825006242406,1,2
1054,NJ0247001,1,0.905179175851216,1,2
1055,NJ0247001,1,0.9449825006242406,1,2
1056,NJ0247001,0,0.9001508022106733,1,2
1057,NJ0247001,1,0.9419294937269936,1,2
1058,NJ0247001,1,0.905179175851216,1,2
1059,NJ0247001,0,0.9001508022106733,1,2
1060,NJ0247001,1,0.905179175851216,1,2
1061,NJ0247001,1,0.905179175851216,1,2
1062,NJ0247001,0,0.9001508022106733,1,2
1063,NJ0247001,1,0.9001508022106733,1,2
1064,NJ0247001,0,0.9001508022106733,1,2
1065,NJ0247001,1,0.905179175851216,1,2
1066,NJ0248001,1,0.6955855547302213,1,2
1067,NJ0248001,1,0.818389843717643,1,2
1068,NJ0248001,1,0.818389843717643,1,2
1069,NJ0248001,1,0.818389843717643,1,2
1070,NJ0248001,1,0.818389843717643,1,2
1071,NJ0248001,0,0.8802326704516547,1,2
1072,NJ0251001,1,0.8576988410584424,1,2
1073,NJ0251001,1,0.8576988410584424,1,2
1074,NJ0251001,1,0.8576988410584424,1,2
1075,NJ0251001,1,0.8576988410584424,1,2
1076,NJ0251001,1,0.8576988410584424,1,2
1077,NJ0251001,1,0.8576988410584424,1,2
1078,NJ0251001,1,0.8576988410584424,1,2
1079,NJ0251001,1,0.8576988410584424,1,2
1080,NJ0251001,1,0.8576988410584424,1,2
1081,NJ0251001,1,0.8576988410584424,1,2
1082,NJ0251001,1,0.8576988410584424,1,2
1083,NJ0251001,1,0.8576988410584424,1,2
1084,NJ0251001,1,0.8576988410584424,1,2
1085,NJ0251001,1,0.730332279725602,1,2
1086,NJ0251001,1,0.8576988410584424,1,2
1087,NJ0251001,1,0.8576988410584424,1,2
1088,NJ0251001,1,0.771154399258109,1,2
1089,NJ0257001,1,0.5655446480292313,1,1
1090,NJ0264001,1,0.6940754711425782,1,3
1091,NJ0264001,1,0.6940754711425782,1,3
1092,NJ0264001,1,0.6940754711425782,1,3
1093,NJ0264001,1,0.6940754711425782,1,3
1094,NJ0264001,1,0.6940754711425782,1,3
1095,NJ0265001,1,0.8526941959653929,1,4
1096,NJ0303001,0,0.33669115987056775,0,3
1097,NJ0305001,1,0.6614223412554701,1,2
1098,NJ0306001,0,0.1737522465803437,0,4
1099,NJ0306001,1,0.14589138454002407,0,4
1100,NJ0306001,1,0.14589138454002407,0,4
1101,NJ0313001,0,0.2632226303012912,0,2
1102,NJ0313001,0,0.2632226303012912,0,2
1103,NJ0313001,0,0.2632226303012912,0,2
1104,NJ0313001,0,0.5434951403704102,1,2
1105,NJ0313001,1,0.5434951403704102,1,2
1106,NJ0313001,0,0.2632226303012912,0,2
1107,NJ0313001,0,0.2632226303012912,0,2
1108,NJ0313001,0,0.2632226303012912,0,2
1109,NJ0313001,0,0.2632226303012912,0,2
1110,NJ0313001,0,0.2632226303012912,0,2
1111,NJ0313001,0,0.2632226303012912,0,2
1112,NJ0315001,1,0.4777865924276953,0,3
1113,NJ0319001,1,0.5936572081981935,1,4
1114,NJ0319001,0,0.583869322650528,1,4
1115,NJ0320001,0,0.24421871635639758,0,5
1116,NJ0320001,0,0.24421871635639758,0,5
1117,NJ0320001,0,0.24421871635639758,0,5
1118,NJ0320001,0,0.24421871635639758,0,5
1119,NJ0320001,0,0.24421871635639758,0,5
1120,NJ0320001,0,0.24421871635639758,0,5
1121,NJ0320001,1,0.24421871635639758,0,5
1122,NJ0320001,0,0.5872107891764845,1,5
1123,NJ0322001,0,0.3471231483806301,0,2
1124,NJ0322001,0,0.3471231483806301,0,2
1125,NJ0322001,1,0.3516279954295228,0,2
1126,NJ0322001,1,0.6749648878540162,1,2
1127,NJ0322001,1,0.6749648878540162,1,2
1128,NJ0323001,0,0.1988934475878333,0,5
1129,NJ0323001,0,0.1988934475878333,0,5
1130,NJ0323001,0,0.1988934475878333,0,5
1131,NJ0323001,1,0.5347115172378694,1,5
1132,NJ0324001,0,0.4667080177201515,0,1
1133,NJ0324001,1,0.4667080177201515,0,1
1134,NJ0324001,0,0.7956961733711453,1,1
1135,NJ0325001,0,0.6131455666144127,1,3
1136,NJ0325001,0,0.23988474502688228,0,3
1137,NJ0325001,0,0.23988474502688228,0,3
1138,NJ0325001,0,0.23988474502688228,0,3
1139,NJ0326006,0,0.07133665940559054,0,5
1140,NJ0326006,0,0.07133665940559054,0,5
1141,NJ0327001,0,0.5095184360444758,1,4
1142,NJ0327001,0,0.5095184360444758,1,4
1143,NJ0327001,0,0.5095184360444758,1,4
1144,NJ0327001,0,0.5095184360444758,1,4
1145,NJ0327001,0,0.5095184360444758,1,4
1146,NJ0327001,0,0.5095184360444758,1,4
1147,NJ0327001,0,0.5095184360444758,1,4
1148,NJ0327001,0,0.5095184360444758,1,4
1149,NJ0327001,0,0.5095184360444758,1,4
1150,NJ0327001,1,0.7316604597364141,1,4
1151,NJ0327001,0,0.5095184360444758,1,4
1152,NJ0329003,0,0.057288442632454126,0,3
1153,NJ0329003,0,0.057288442632454126,0,3
1154,NJ0333001,0,0.3300945770709306,0,5
1155,NJ0333001,0,0.3300945770709306,0,5
1156,NJ0333001,0,0.3300945770709306,0,5
1157,NJ0333001,0,0.3300945770709306,0,5
1158,NJ0338001,1,0.3186906738481575,0,1
1159,NJ0338001,1,0.30990417945673115,0,1
1160,NJ0338001,0,0.3186906738481575,0,1
1161,NJ0338001,0,0.3292968889842034,0,1
1162,NJ0404001,0,0.591941239467433,1,4
1163,NJ0404001,0,0.591941239467433,1,4
1164,NJ0405001,0,0.26284867556626057,0,1
1165,NJ0405001,0,0.2758413498269468,0,1
1166,NJ0405001,0,0.2758413498269468,0,1
1167,NJ0405001,1,0.6076876702459733,1,1
1168,NJ0407001,1,0.40222760971107485,0,3
1169,NJ0408001,1,0.5602282921892039,1,5
1170,NJ0408001,1,0.5602282921892039,1,5
1171,NJ0408001,1,0.5602282921892039,1,5
1172,NJ0411001,0,0.2151453054941039,0,3
1173,NJ0411001,0,0.2151453054941039,0,3
1174,NJ0411001,0,0.2151453054941039,0,3
1175,NJ0412001,0,0.5538070232469098,1,2
1176,NJ0414001,0,0.26086182013627585,0,5
1177,NJ0415002,0,0.6320156026272676,1,4
1178,NJ0415002,0,0.6320156026272676,1,4
1179,NJ0415002,0,0.6320156026272676,1,4
1180,NJ0415002,0,0.6320156026272676,1,4
1181,NJ0415002,0,0.6320156026272676,1,4
1182,NJ0415002,0,0.6320156026272676,1,4
1183,NJ0415002,0,0.6320156026272676,1,4
1184,NJ0415002,0,0.6320156026272676,1,4
1185,NJ0415002,1,0.6320156026272676,1,4
1186,NJ0416001,0,0.38742582023474387,0,4
1187,NJ0416001,0,0.7702071101706883,1,4
1188,NJ0424001,1,0.41222242050244584,0,1
1189,NJ0424001,0,0.43399127001589455,0,1
1190,NJ0424001,1,0.43399127001589455,0,1
1191,NJ0424001,0,0.41222242050244584,0,1
1192,NJ0424001,0,0.41222242050244584,0,1
1193,NJ0424001,0,0.7535457190907222,1,1
1194,NJ0428002,0,0.5323905920281339,1,3
1195,NJ0428002,0,0.23900977675902085,0,3
1196,NJ0428002,0,0.23900977675902085,0,3
1197,NJ0428002,0,0.23900977675902085,0,3
1198,NJ0436007,1,0.5685830504708925,1,5
1199,NJ0436007,1,0.5685830504708925,1,5
1200,NJ0436007,0,0.6032807860843978,1,5
1201,NJ0436007,0,0.5685830504708925,1,5
1202,NJ0436007,1,0.6032807860843978,1,5
1203,NJ0436007,1,0.6032807860843978,1,5
1204,NJ0436007,0,0.5685830504708925,1,5
1205,NJ0501001,0,0.10820897554978977,0,2
1206,NJ0501001,0,0.10820897554978977,0,2
1207,NJ0501001,0,0.10820897554978977,0,2
1208,NJ0501001,0,0.10820897554978977,0,2
1209,NJ0501001,0,0.10820897554978977,0,2
1210,NJ0502001,0,0.07035316371426677,0,4
1211,NJ0502001,0,0.07035316371426677,0,4
1212,NJ0503001,0,0.18052310001091967,0,5
1213,NJ0505002,0,0.18266392296647221,0,5
1214,NJ0505002,0,0.18266392296647221,0,5
1215,NJ0505002,0,0.18266392296647221,0,5
1216,NJ0505002,0,0.18266392296647221,0,5
1217,NJ0505002,0,0.18266392296647221,0,5
1218,NJ0505002,0,0.18266392296647221,0,5
1219,NJ0506010,0,0.27654805463987986,0,4
1220,NJ0506010,0,0.27654805463987986,0,4
1221,NJ0506010,0,0.27654805463987986,0,4
1222,NJ0508001,0,0.5049360593478378,1,3
1223,NJ0508001,0,0.5049360593478378,1,3
1224,NJ0508001,0,0.5049360593478378,1,3
1225,NJ0508001,0,0.5049360593478378,1,3
1226,NJ0508001,0,0.5049360593478378,1,3
1227,NJ0508001,0,0.5049360593478378,1,3
1228,NJ0508001,0,0.5049360593478378,1,3
1229,NJ0508001,0,0.5049360593478378,1,3
1230,NJ0509001,0,0.1204671219772484,0,3
1231,NJ0509001,0,0.1204671219772484,0,3
1232,NJ0509001,0,0.1204671219772484,0,3
1233,NJ0509001,0,0.1204671219772484,0,3
1234,NJ0514001,0,0.12607266508257634,0,3
1235,NJ0514001,0,0.12607266508257634,0,3
1236,NJ0514001,0,0.12607266508257634,0,3
1237,NJ0514001,0,0.12607266508257634,0,3
1238,NJ0514001,0,0.12607266508257634,0,3
1239,NJ0514001,0,0.12607266508257634,0,3
1240,NJ0514001,0,0.12607266508257634,0,3
1241,NJ0601001,0,0.5070045632728399,1,3
1242,NJ0601001,0,0.5070045632728399,1,3
1243,NJ0601001,0,0.5070045632728399,1,3
1244,NJ0601001,0,0.5070045632728399,1,3
1245,NJ0609001,0,0.03932177234028725,0,4
1246,NJ0609001,0,0.03932177234028725,0,4
1247,NJ0609001,0,0.03932177234028725,0,4
1248,NJ0609001,0,0.03932177234028725,0,4
1249,NJ0609001,0,0.03932177234028725,0,4
1250,NJ0610001,0,0.0674129110629401,0,4
1251,NJ0610001,0,0.0674129110629401,0,4
1252,NJ0610001,1,0.0674129110629401,0,4
1253,NJ0610001,0,0.0674129110629401,0,4
1254,NJ0614003,1,0.2200121416701113,0,4
1255,NJ0614003,1,0.27239002196528445,0,4
1256,NJ0614003,1,0.2200121416701113,0,4
1257,NJ0614003,1,0.27239002196528445,0,4
1258,NJ0614003,0,0.2200121416701113,0,4
1259,NJ0614003,0,0.2200121416701113,0,4
1260,NJ0614003,1,0.27239002196528445,0,4
1261,NJ0701001,0,0.6502192527645209,1,5
1262,NJ0702001,0,0.7717993846585026,1,2
1263,NJ0703001,1,0.5615912520739675,1,1
1264,NJ0704001,1,0.7196880790620112,1,4
1265,NJ0704001,1,0.7196880790620112,1,4
1266,NJ0705001,1,0.8796754318424376,1,5
1267,NJ0707001,1,0.8323568845140475,1,1
1268,NJ0708001,1,0.7098232746658443,1,4
1269,NJ0710001,1,0.8533091736822594,1,4
1270,NJ0710001,1,0.8533091736822594,1,4
1271,NJ0710001,1,0.7725579645188873,1,4
1272,NJ0710001,1,0.8533091736822594,1,4
1273,NJ0710001,1,0.8533091736822594,1,4
1274,NJ0710001,1,0.8533091736822594,1,4
1275,NJ0710001,1,0.8533091736822594,1,4
1276,NJ0710001,1,0.8533091736822594,1,4
1277,NJ0710001,1,0.8533091736822594,1,4
1278,NJ0710001,1,0.8533091736822594,1,4
1279,NJ0712001,0,0.8003753532132911,1,2
1280,NJ0712001,1,0.8003753532132911,1,2
1281,NJ0712001,1,0.8003753532132911,1,2
1282,NJ0712001,1,0.8003753532132911,1,2
1283,NJ0712001,1,0.8003753532132911,1,2
1284,NJ0712001,1,0.8003753532132911,1,2
1285,NJ0712001,1,0.8071673104559616,1,2
1286,NJ0712001,1,0.8071673104559616,1,2
1287,NJ0712001,0,0.884756223651007,1,2
1288,NJ0712001,0,0.884756223651007,1,2
1289,NJ0712001,1,0.8003753532132911,1,2
1290,NJ0712001,1,0.8071673104559616,1,2
1291,NJ0713001,1,0.9011691911993316,1,3
1292,NJ0713001,1,0.9011691911993316,1,3
1293,NJ0713001,1,0.895592571673591,1,3
1294,NJ0714001,1,0.8183772855013961,1,4
1295,NJ0714001,0,0.8183772855013961,1,4
1296,NJ0715001,1,0.8711866120070173,1,5
1297,NJ0717001,1,0.8719583472873939,1,3
1298,NJ0718001,1,0.79350773942765,1,5
1299,NJ0719001,1,0.8188273494054741,1,1
1300,NJ0721001,1,0.6217410646853812,1,2
1301,NJ0801001,1,0.29663737354612085,0,2
1302,NJ0801001,0,0.29663737354612085,0,2
1303,NJ0802001,1,0.5874295275360003,1,5
1304,NJ0802001,1,0.5874295275360003,1,5
1305,NJ0802001,0,0.5874295275360003,1,5
1306,NJ0802001,0,0.5874295275360003,1,5
1307,NJ0802001,1,0.5874295275360003,1,5
1308,NJ0802001,0,0.5874295275360003,1,5
1309,NJ0802001,0,0.5874295275360003,1,5
1310,NJ0802001,0,0.5874295275360003,1,5
1311,NJ0803001,1,0.5250172203290099,1,5
1312,NJ0803001,0,0.28685663298805586,0,5
1313,NJ0803001,1,0.3264368609290013,0,5
1314,NJ0803001,0,0.28685663298805586,0,5
1315,NJ0806001,1,0.25816618024921445,0,4
1316,NJ0806001,1,0.6279612362395656,1,4
1317,NJ0806001,0,0.24112408437000066,0,4
1318,NJ0806001,0,0.25816618024921445,0,4
1319,NJ0806001,1,0.24112408437000066,0,4
1320,NJ0807001,0,0.6433289335797365,1,5
1321,NJ0807001,0,0.6433289335797365,1,5
1322,NJ0808001,0,0.6286478041158058,1,3
1323,NJ0808001,0,0.6112010809809161,1,3
1324,NJ0809002,1,0.6025098549243814,1,1
1325,NJ0809002,0,0.23652881101156142,0,1
1326,NJ0809002,0,0.2530133804992759,0,1
1327,NJ0810004,1,0.6391471876610775,1,4
1328,NJ0810004,0,0.2892990893603029,0,4
1329,NJ0810004,0,0.2827893745310838,0,4
1330,NJ0810004,0,0.2827893745310838,0,4
1331,NJ0810004,0,0.2827893745310838,0,4
1332,NJ0810004,0,0.2827893745310838,0,4
1333,NJ0811002,0,0.5243214455370804,1,3
1334,NJ0811002,1,0.5611312182631878,1,3
1335,NJ0811002,0,0.5250091575961985,1,3
1336,NJ0811002,0,0.5250091575961985,1,3
1337,NJ0811002,0,0.5250091575961985,1,3
1338,NJ0811002,0,0.5250091575961985,1,3
1339,NJ0811002,0,0.5250091575961985,1,3
1340,NJ0811002,0,0.5243214455370804,1,3
1341,NJ0814001,0,0.5751561239305599,1,5
1342,NJ0814001,1,0.4454141590853539,0,5
1343,NJ0815001,1,0.6030986995835118,1,5
1344,NJ0815001,0,0.3455817411389131,0,5
1345,NJ0815001,0,0.3455817411389131,0,5
1346,NJ0817305,0,0.30157393804155724,0,1
1347,NJ0818004,0,0.6203665668127221,1,2
1348,NJ0818004,0,0.6203665668127221,1,2
1349,NJ0818004,1,0.6203665668127221,1,2
1350,NJ0818004,1,0.4586422101910507,0,2
1351,NJ0818004,0,0.4586422101910507,0,2
1352,NJ0818004,0,0.4586422101910507,0,2
1353,NJ0818004,0,0.4586422101910507,0,2
1354,NJ0818004,0,0.4586422101910507,0,2
1355,NJ0818004,0,0.4586422101910507,0,2
1356,NJ0818004,0,0.4586422101910507,0,2
1357,NJ0818004,0,0.4586422101910507,0,2
1358,NJ0820001,1,0.5809731245364507,1,5
1359,NJ0820001,1,0.5809731245364507,1,5
1360,NJ0820001,1,0.5809731245364507,1,5
1361,NJ0820001,1,0.5809731245364507,1,5
1362,NJ0820001,0,0.6153485008848358,1,5
1363,NJ0820001,1,0.5809731245364507,1,5
1364,NJ0820301,1,0.23067245672579034,0,3
1365,NJ0821001,1,0.5316373207635139,1,1
1366,NJ0822001,0,0.6614238339229672,1,5
1367,NJ0822001,0,0.6614238339229672,1,5
1368,NJ0822001,1,0.7308181484631064,1,5
1369,NJ0824001,0,0.572241250450451,1,4
1370,NJ0824001,0,0.572241250450451,1,4
1371,NJ0901001,1,0.7129292693353642,1,1
1372,NJ0904001,1,0.8459681727528446,1,1
1373,NJ0905001,1,0.49346992251751104,0,5
1374,NJ0906001,1,0.755575104924994,1,1
1375,NJ0907001,1,0.8847593696573779,1,2
1376,NJ1005001,1,0.605767141096577,1,3
1377,NJ1005001,0,0.605767141096577,1,3
1378,NJ1005001,0,0.605767141096577,1,3
1379,NJ1005001,0,0.605767141096577,1,3
1380,NJ1005001,1,0.605767141096577,1,3
1381,NJ1005001,1,0.605767141096577,1,3
1382,NJ1005001,0,0.605767141096577,1,3
1383,NJ1005001,1,0.605767141096577,1,3
1384,NJ1005001,1,0.605767141096577,1,3
1385,NJ1005001,1,0.605767141096577,1,3
1386,NJ1009001,1,0.858365660032065,1,1
1387,NJ1009001,1,0.858365660032065,1,1
1388,NJ1009001,1,0.858365660032065,1,1
1389,NJ1009001,1,0.858365660032065,1,1
1390,NJ1014001,1,0.4151522032244677,0,3
1391,NJ1014001,0,0.4725685566681812,0,3
1392,NJ1017001,0,0.5661237986985004,1,1
1393,NJ1101002,0,0.5666207868545169,1,2
1394,NJ1101002,0,0.5666207868545169,1,2
1395,NJ1101002,0,0.5666207868545169,1,2
1396,NJ1101002,0,0.5666207868545169,1,2
1397,NJ1103001,1,0.8598435896422324,1,3
1398,NJ1103001,1,0.8598435896422324,1,3
1399,NJ1103001,1,0.8598435896422324,1,3
1400,NJ1103001,0,0.8598435896422324,1,3
1401,NJ1103001,1,0.8598435896422324,1,3
1402,NJ1104001,0,0.4174152300540805,0,1
1403,NJ1106316,1,0.6641457958512845,1,3
1404,NJ1106319,1,0.1478961881945523,0,3
1405,NJ1107002,1,0.21984531638004293,0,1
1406,NJ1107002,1,0.21984531638004293,0,1
1407,NJ1111001,0,0.7805083338462134,1,4
1408,NJ1204001,1,0.7390610507264904,1,4
1409,NJ1205001,0,0.8157746964200036,1,1
1410,NJ1205001,1,0.8157746964200036,1,1
1411,NJ1207001,1,0.792798247200359,1,2
1412,NJ1209002,0,0.6081089819176628,1,4
1413,NJ1209002,1,0.6081089819176628,1,4
1414,NJ1209002,1,0.7345380017730554,1,4
1415,NJ1209002,1,0.7345380017730554,1,4
1416,NJ1212001,1,0.7668426353846035,1,5
1417,NJ1213002,0,0.37844692766236154,0,5
1418,NJ1213002,1,0.37844692766236154,0,5
1419,NJ1213002,0,0.37844692766236154,0,5
1420,NJ1213002,1,0.37844692766236154,0,5
1421,NJ1213002,1,0.37844692766236154,0,5
1422,NJ1213002,0,0.37844692766236154,0,5
1423,NJ1214001,1,0.573684897666532,1,3
1424,NJ1215001,0,0.7528088598543192,1,1
1425,NJ1216001,1,0.7227404039592485,1,5
1426,NJ1219001,1,0.7093411850240086,1,5
1427,NJ1221004,1,0.7833218175921475,1,5
1428,NJ1221004,1,0.8327522127892598,1,5
1429,NJ1221004,1,0.8327522127892598,1,5
1430,NJ1221004,0,0.8327522127892598,1,5
1431,NJ1223001,0,0.7243037305029784,1,2
1432,NJ1223001,1,0.7064669863051178,1,2
1433,NJ1224001,1,0.732726349475214,1,2
1434,NJ1225001,1,0.6767854307889191,1,1
1435,NJ1225001,1,0.8504838960665367,1,1
1436,NJ1225001,1,0.6838051299528894,1,1
1437,NJ1302001,0,0.5092025820753875,1,4
1438,NJ1304001,0,0.22628085609498585,0,4
1439,NJ1305001,1,0.6267864521990665,1,4
1440,NJ1305001,0,0.31199907793446696,0,4
1441,NJ1306001,1,0.5909280056886644,1,5
1442,NJ1306001,1,0.5909280056886644,1,5
1443,NJ1308001,1,0.6643425143080024,1,4
1444,NJ1308001,1,0.6643425143080024,1,4
1445,NJ1312001,1,0.6875224787982522,1,4
1446,NJ1312001,0,0.32769216887041824,0,4
1447,NJ1315001,0,0.38478724302830647,0,4
1448,NJ1316001,0,0.3294926281491435,0,4
1449,NJ1316001,0,0.3199778976100177,0,4
1450,NJ1316001,0,0.3199778976100177,0,4
1451,NJ1316001,1,0.6674020130433878,1,4
1452,NJ1321001,1,0.7541339389982012,1,3
1453,NJ1321001,0,0.7541339389982012,1,3
1454,NJ1322001,1,0.7180198416781846,1,1
1455,NJ1322001,0,0.3965976624904731,0,1
1456,NJ1326001,0,0.2041801020263589,0,1
1457,NJ1326001,0,0.2041801020263589,0,1
1458,NJ1326001,1,0.4667662813127307,0,1
1459,NJ1326001,1,0.4667662813127307,0,1
1460,NJ1326002,1,0.5877017021964127,1,2
1461,NJ1326002,0,0.24378407053381523,0,2
1462,NJ1327001,0,0.3113674184395342,0,2
1463,NJ1328002,0,0.7471018194609172,1,2
1464,NJ1328002,0,0.7471018194609172,1,2
1465,NJ1328002,1,0.7036698167396689,1,2
1466,NJ1329001,1,0.7055271391029175,1,5
1467,NJ1329001,1,0.33440164195502325,0,5
1468,NJ1330002,0,0.6390241549175677,1,4
1469,NJ1332313,0,0.3043526078877072,0,2
1470,NJ1339001,1,0.7650400173276835,1,3
1471,NJ1339001,0,0.4944420839943432,0,3
1472,NJ1339001,0,0.4944420839943432,0,3
1473,NJ1340001,1,0.55717503191474,1,2
1474,NJ1345001,0,0.2149209342309224,0,1
1475,NJ1345001,1,0.2149209342309224,0,1
1476,NJ1345001,0,0.2149209342309224,0,1
1477,NJ1345001,0,0.2149209342309224,0,1
1478,NJ1345001,0,0.2149209342309224,0,1
1479,NJ1345001,1,0.46134049647857395,0,1
1480,NJ1345001,1,0.4387593022074975,0,1
1481,NJ1345001,0,0.2149209342309224,0,1
1482,NJ1345001,1,0.4934413128069661,0,1
1483,NJ1345001,0,0.2149209342309224,0,1
1484,NJ1345001,1,0.43569176943062937,0,1
1485,NJ1345001,0,0.2149209342309224,0,1
1486,NJ1345001,0,0.2149209342309224,0,1
1487,NJ1345001,0,0.2149209342309224,0,1
1488,NJ1345001,1,0.2149209342309224,0,1
1489,NJ1348001,0,0.232384281582526,0,5
1490,NJ1348001,0,0.232384281582526,0,5
1491,NJ1348001,0,0.48448795839043196,0,5
1492,NJ1349001,1,0.703634061524708,1,3
1493,NJ1349001,0,0.20562591366872024,0,3
1494,NJ1350001,1,0.6759943494078068,1,2
1495,NJ1352003,0,0.5029264043097498,1,2
1496,NJ1352003,0,0.5029264043097498,1,2
1497,NJ1352003,1,0.5029264043097498,1,2
1498,NJ1352003,0,0.5029264043097498,1,2
1499,NJ1352003,1,0.5029264043097498,1,2
1500,NJ1352003,1,0.5029264043097498,1,2
1501,NJ1401001,1,0.9076219118729704,1,4
1502,NJ1401001,1,0.89828275291962,1,4
1503,NJ1403001,1,0.8867711864659928,1,2
1504,NJ1404001,0,0.8511539344072353,1,3
1505,NJ1406325,1,0.6547100750597921,1,3
1506,NJ1408001,1,0.801233131017299,1,2
1507,NJ1408001,1,0.801233131017299,1,2
1508,NJ1408001,1,0.801233131017299,1,2
1509,NJ1408001,1,0.801233131017299,1,2
1510,NJ1408001,0,0.8305898726004346,1,2
1511,NJ1409001,1,0.6221033370006439,1,2
1512,NJ1409001,1,0.6221033370006439,1,2
1513,NJ1410001,1,0.8603748785298101,1,4
1514,NJ1410001,1,0.843571606292108,1,4
1515,NJ1410001,1,0.812342649096867,1,4
1516,NJ1411001,1,0.8046599012640598,1,5
1517,NJ1411001,1,0.8046599012640598,1,5
1518,NJ1411001,1,0.8046599012640598,1,5
1519,NJ1411001,1,0.8046599012640598,1,5
1520,NJ1414003,1,0.7670590841031737,1,3
1521,NJ1414003,1,0.7670590841031737,1,3
1522,NJ1414003,1,0.7670590841031737,1,3
1523,NJ1414011,1,0.835713963091161,1,1
1524,NJ1414011,1,0.835713963091161,1,1
1525,NJ1416001,1,0.7514845029671425,1,4
1526,NJ1417001,1,0.7153309614316545,1,4
1527,NJ1417001,1,0.7172448588197055,1,4
1528,NJ1417001,1,0.7153309614316545,1,4
1529,NJ1417001,1,0.7172448588197055,1,4
1530,NJ1420001,0,0.46641184162178373,0,5
1531,NJ1421003,1,0.8343946027703714,1,2
1532,NJ1421003,1,0.8343946027703714,1,2
1533,NJ1421003,1,0.7652119319507381,1,2
1534,NJ1421003,1,0.7652119319507381,1,2
1535,NJ1424001,1,0.9155444702050702,1,2
1536,NJ1424001,0,0.9142583734006546,1,2
1537,NJ1424001,1,0.9155444702050702,1,2
1538,NJ1424001,1,0.9155444702050702,1,2
1539,NJ1424001,0,0.9155444702050702,1,2
1540,NJ1424001,1,0.9155444702050702,1,2
1541,NJ1424001,1,0.9142583734006546,1,2
1542,NJ1424001,1,0.9155444702050702,1,2
1543,NJ1424001,0,0.9155444702050702,1,2
1544,NJ1425001,1,0.7085191863028732,1,3
1545,NJ1425001,1,0.7085191863028732,1,3
1546,NJ1425001,1,0.7085191863028732,1,3
1547,NJ1425001,1,0.7085191863028732,1,3
1548,NJ1426005,0,0.8220241386182566,1,4
1549,NJ1427001,1,0.6536723309619276,1,4
1550,NJ1427001,1,0.6536723309619276,1,4
1551,NJ1427001,1,0.6536723309619276,1,4
1552,NJ1427005,1,0.608287475457522,1,3
1553,NJ1427005,1,0.608287475457522,1,3
1554,NJ1427005,1,0.608287475457522,1,3
1555,NJ1427007,0,0.8741363578524209,1,2
1556,NJ1427017,0,0.49576155886397066,0,4
1557,NJ1427017,0,0.49576155886397066,0,4
1558,NJ1427017,1,0.49576155886397066,0,4
1559,NJ1428001,1,0.7931436071249424,1,4
1560,NJ1428001,1,0.7931436071249424,1,4
1561,NJ1428001,1,0.7931436071249424,1,4
1562,NJ1429001,1,0.6724028055442198,1,5
1563,NJ1429001,1,0.6724028055442198,1,5
1564,NJ1429001,1,0.6724028055442198,1,5
1565,NJ1429001,1,0.6724028055442198,1,5
1566,NJ1429001,1,0.6724028055442198,1,5
1567,NJ1429001,0,0.6724028055442198,1,5
1568,NJ1429001,1,0.6724028055442198,1,5
1569,NJ1429001,1,0.6724028055442198,1,5
1570,NJ1429001,1,0.6724028055442198,1,5
1571,NJ1429001,1,0.6724028055442198,1,5
1572,NJ1429001,1,0.6724028055442198,1,5
1573,NJ1429001,1,0.6724028055442198,1,5
1574,NJ1429001,1,0.6724028055442198,1,5
1575,NJ1429001,1,0.6724028055442198,1,5
1576,NJ1431001,0,0.7513813531148958,1,4
1577,NJ1432003,0,0.7036167792102785,1,1
1578,NJ1432003,0,0.7036167792102785,1,1
1579,NJ1434001,1,0.5661704163558618,1,2
1580,NJ1435002,1,0.6075704431270859,1,2
1581,NJ1435002,1,0.6036249118824538,1,2
1582,NJ1435002,1,0.6075704431270859,1,2
1583,NJ1435003,1,0.8826248709311593,1,5
1584,NJ1436002,0,0.6279360083054507,1,4
1585,NJ1436002,0,0.6279360083054507,1,4
1586,NJ1436002,0,0.6279360083054507,1,4
1587,NJ1436002,0,0.6279360083054507,1,4
1588,NJ1436003,0,0.6975478343475966,1,1
1589,NJ1436003,1,0.6975478343475966,1,1
1590,NJ1436004,1,0.7929922174560583,1,5
1591,NJ1436004,0,0.7929922174560583,1,5
1592,NJ1438003,1,0.7188649422849157,1,5
1593,NJ1438003,0,0.7188649422849157,1,5
1594,NJ1438003,0,0.7188649422849157,1,5
1595,NJ1438004,1,0.44077701801419117,0,4
1596,NJ1438004,0,0.44077701801419117,0,4
1597,NJ1438004,0,0.44077701801419117,0,4
1598,NJ1438004,1,0.44077701801419117,0,4
1599,NJ1438004,1,0.44077701801419117,0,4
1600,NJ1438004,1,0.44077701801419117,0,4
1601,NJ1438004,1,0.44077701801419117,0,4
1602,NJ1438004,1,0.44077701801419117,0,4
1603,NJ1439001,1,0.7779318317391818,1,4
1604,NJ1439001,1,0.7660464014967348,1,4
1605,NJ1439001,1,0.7660464014967348,1,4
1606,NJ1501001,0,0.22883908005067002,0,5
1607,NJ1501001,0,0.22883908005067002,0,5
1608,NJ1503001,0,0.15548155794778964,0,3
1609,NJ1504001,0,0.2972076134910525,0,4
1610,NJ1505002,0,0.2879369404507379,0,3
1611,NJ1505002,0,0.2879369404507379,0,3
1612,NJ1505002,0,0.2879369404507379,0,3
1613,NJ1505003,0,0.12646746561119945,0,5
1614,NJ1505003,0,0.12646746561119945,0,5
1615,NJ1505004,0,0.39290837672785217,0,5
1616,NJ1506001,1,0.4744792960747669,0,2
1617,NJ1507005,0,0.16107174086732573,0,5
1618,NJ1507005,0,0.16107174086732573,0,5
1619,NJ1507005,1,0.16107174086732573,0,5
1620,NJ1507005,1,0.1562845594527832,0,5
1621,NJ1507005,1,0.2052234386957113,0,5
1622,NJ1507005,0,0.1562845594527832,0,5
1623,NJ1507005,0,0.16107174086732573,0,5
1624,NJ1509001,0,0.10553472631670355,0,3
1625,NJ1509001,0,0.10553472631670355,0,3
1626,NJ1511001,0,0.3449615462273979,0,2
1627,NJ1511001,0,0.3449615462273979,0,2
1628,NJ1511001,0,0.3449615462273979,0,2
1629,NJ1511001,0,0.3449615462273979,0,2
1630,NJ1511001,0,0.3449615462273979,0,2
1631,NJ1511001,0,0.3449615462273979,0,2
1632,NJ1511001,0,0.3449615462273979,0,2
1633,NJ1511415,0,0.3349434735002195,0,1
1634,NJ1512001,0,0.22561257582849098,0,5
1635,NJ1512001,0,0.22561257582849098,0,5
1636,NJ1514002,1,0.5170029554622274,1,3
1637,NJ1514002,1,0.5170029554622274,1,3
1638,NJ1514002,1,0.4986762787083962,0,3
1639,NJ1514002,0,0.4986762787083962,0,3
1640,NJ1514002,1,0.4986762787083962,0,3
1641,NJ1514002,0,0.4986762787083962,0,3
1642,NJ1514002,1,0.4986762787083962,0,3
1643,NJ1515001,0,0.08398001928708398,0,1
1644,NJ1515001,0,0.08398001928708398,0,1
1645,NJ1516001,0,0.19111150321634884,0,2
1646,NJ1516001,0,0.19111150321634884,0,2
1647,NJ1516001,0,0.19111150321634884,0,2
1648,NJ1516001,0,0.1208822287159779,0,2
1649,NJ1516001,0,0.1208822287159779,0,2
1650,NJ1517001,0,0.12453075561165494,0,3
1651,NJ1517001,0,0.12453075561165494,0,3
1652,NJ1517001,0,0.12453075561165494,0,3
1653,NJ1518004,1,0.5028749082923138,1,1
1654,NJ1518004,1,0.5028749082923138,1,1
1655,NJ1518004,0,0.5028749082923138,1,1
1656,NJ1518004,0,0.5130649249575367,1,1
1657,NJ1518005,1,0.4857429026981269,0,2
1658,NJ1518005,0,0.4858552245999874,0,2
1659,NJ1518005,1,0.4857429026981269,0,2
1660,NJ1520001,0,0.40865441475358816,0,4
1661,NJ1520001,0,0.40865441475358816,0,4
1662,NJ1524001,0,0.5488720859916042,1,1
1663,NJ1524001,0,0.5488720859916042,1,1
1664,NJ1524001,0,0.5488720859916042,1,1
1665,NJ1524001,1,0.5931567115835072,1,1
1666,NJ1524001,1,0.5931567115835072,1,1
1667,NJ1525001,1,0.4586466521151505,0,2
1668,NJ1526001,0,0.3213851276283365,0,4
1669,NJ1527001,0,0.12243793691315244,0,5
1670,NJ1527001,0,0.12243793691315244,0,5
1671,NJ1527001,0,0.12243793691315244,0,5
1672,NJ1528001,0,0.10150499614595397,0,1
1673,NJ1530004,0,0.15097304361844607,0,5
1674,NJ1530004,0,0.15097304361844607,0,5
1675,NJ1530004,0,0.15097304361844607,0,5
1676,NJ1531001,0,0.056231975493789825,0,4
1677,NJ1531001,0,0.056231975493789825,0,4
1678,NJ1531001,0,0.056231975493789825,0,4
1679,NJ1532002,0,0.09468860631570271,0,4
1680,NJ1533001,0,0.15558193573598242,0,2
1681,NJ1533001,0,0.15558193573598242,0,2
1682,NJ1533001,0,0.15558193573598242,0,2
1683,NJ1533001,0,0.15558193573598242,0,2
1684,NJ1601001,1,0.5637777290812899,1,5
1685,NJ1603001,1,0.8460484854369335,1,1
1686,NJ1604001,1,0.9157172032345835,1,4
1687,NJ1604001,1,0.9157172032345835,1,4
1688,NJ1604001,1,0.9157172032345835,1,4
1689,NJ1604001,1,0.9157172032345835,1,4
1690,NJ1605001,1,0.8074002755700378,1,1
1691,NJ1605001,1,0.8074002755700378,1,1
1692,NJ1605002,1,0.7733056813972734,1,2
1693,NJ1609001,0,0.8069006494123259,1,2
1694,NJ1609001,0,0.8069006494123259,1,2
1695,NJ1611002,1,0.8596592756442736,1,1
1696,NJ1611002,1,0.8839778544338884,1,1
1697,NJ1611002,1,0.8839778544338884,1,1
1698,NJ1611002,1,0.8839778544338884,1,1
1699,NJ1612001,1,0.8185639106030542,1,3
1700,NJ1613002,1,0.9171109140309653,1,1
1701,NJ1613002,1,0.9171109140309653,1,1
1702,NJ1613002,1,0.9171109140309653,1,1
1703,NJ1613002,1,0.8915821513973504,1,1
1704,NJ1614001,1,0.7118365460707263,1,4
1705,NJ1616001,1,0.8909280129622416,1,2
1706,NJ1616001,1,0.8909280129622416,1,2
1707,NJ1707001,0,0.21877998633620985,0,5
1708,NJ1707001,1,0.5522033756324731,1,5
1709,NJ1708001,1,0.1533524280171126,0,5
1710,NJ1708001,1,0.1533524280171126,0,5
1711,NJ1708001,1,0.1533524280171126,0,5
1712,NJ1712001,1,0.3143515821268676,0,1
1713,NJ1715001,0,0.2979098646192946,0,3
1714,NJ1715001,0,0.2979098646192946,0,3
1715,NJ1808001,1,0.8076309319649212,1,2
1716,NJ1808001,1,0.8076309319649212,1,2
1717,NJ1808001,1,0.8076309319649212,1,2
1718,NJ1904357,0,0.7216177194557207,1,5
1719,NJ1906002,0,0.7408058837446694,1,1
1720,NJ1908322,0,0.18483766694504675,0,3
1721,NJ1909001,1,0.3037974802476957,0,2
1722,NJ1909001,1,0.3037974802476957,0,2
1723,NJ1910337,0,0.3368166952866016,0,2
1724,NJ1912001,0,0.7450228857013234,1,5
1725,NJ1912001,1,0.7450228857013234,1,5
1726,NJ1912001,0,0.7450228857013234,1,5
1727,NJ1912001,0,0.7450228857013234,1,5
1728,NJ1912001,0,0.7450228857013234,1,5
1729,NJ1912001,1,0.7450228857013234,1,5
1730,NJ1912001,0,0.7450228857013234,1,5
1731,NJ1915001,0,0.29907990292307673,0,4
1732,NJ1918004,1,0.4827098631548012,0,5
1733,NJ1918004,1,0.4827098631548012,0,5
1734,NJ1918004,1,0.4827098631548012,0,5
1735,NJ1918004,0,0.4827098631548012,0,5
1736,NJ1918004,1,0.4827098631548012,0,5
1737,NJ1918004,1,0.4827098631548012,0,5
1738,NJ1918004,1,0.4827098631548012,0,5
1739,NJ1918004,1,0.4827098631548012,0,5
1740,NJ1918004,1,0.4827098631548012,0,5
1741,NJ1918004,1,0.4827098631548012,0,5
1742,NJ1918004,1,0.4827098631548012,0,5
1743,NJ1918004,1,0.4827098631548012,0,5
1744,NJ1918004,1,0.4827098631548012,0,5
1745,NJ1919001,1,0.660701045413572,1,3
1746,NJ1919001,1,0.660701045413572,1,3
1747,NJ1919001,0,0.660701045413572,1,3
1748,NJ1922026,1,0.4664183951089077,0,2
1749,NJ1922350,0,0.3357165114322472,0,1
1750,NJ1924316,0,0.22677672074187405,0,5
1751,NJ2004001,1,0.7648235072285647,1,3
1752,NJ2004002,1,0.7216184511453574,1,3
1753,NJ2004002,1,0.7216184511453574,1,3
1754,NJ2004002,1,0.7921703557149965,1,3
1755,NJ2004002,1,0.5472827202310016,1,3
1756,NJ2004002,1,0.5867265803261741,1,3
1757,NJ2004002,1,0.7216184511453574,1,3
1758,NJ2004002,0,0.7216184511453574,1,3
1759,NJ2013001,1,0.6873246169783024,1,3
1760,NJ2101001,1,0.4321524430768107,0,1
1761,NJ2108001,0,0.6048561468239597,1,3
1762,NJ2108001,0,0.6048561468239597,1,3
1763,NJ2108001,0,0.6048561468239597,1,3
1764,NJ2108001,0,0.6048561468239597,1,3
1765,NJ2113002,0,0.4661867910091077,0,4
1766,NJ2119001,0,0.47612964780087896,0,5
1767,NJ2121001,0,0.5047605047385121,1,2
1768,NJ2121001,1,0.49571657699399924,0,2
1769,NJ2121001,1,0.49571657699399924,0,2
1770,NJ2121001,0,0.5047605047385121,1,2
1771,NJ2121001,1,0.49571657699399924,0,2
1772,NJ2121001,1,0.49571657699399924,0,2
1773,NY0100189,0,0.2918505782902767,0,4
1774,NY0100191,0,0.22645658254088008,0,2
1775,NY0100191,0,0.22645658254088008,0,2
1776,NY0100191,0,0.24340357750698483,0,2
1777,NY0100192,0,0.35325386992285884,0,5
1778,NY0100194,1,0.19347923725688482,0,4
1779,NY0100198,0,0.5764886673653931,1,2
1780,NY0100200,0,0.13186457601973486,0,4
1781,NY0100201,1,0.14944837101405573,0,4
1782,NY0100203,1,0.20088850327590568,0,3
1783,NY0100203,1,0.20088850327590568,0,3
1784,NY0100205,0,0.44962858036208747,0,5
1785,NY0110127,0,0.3970871306917754,0,3
1786,NY0200319,0,0.05238368358706631,0,2
1787,NY0200319,0,0.05238368358706631,0,2
1788,NY0200327,1,0.08305899907181771,0,3
1789,NY0220581,0,0.06464425229477519,0,4
1790,NY0301651,0,0.23474055080720826,0,4
1791,NY0301651,1,0.29618681934290225,0,4
1792,NY0301653,0,0.4768316774368062,0,1
1793,NY0301653,1,0.4768316774368062,0,1
1794,NY0301653,1,0.4768316774368062,0,1
1795,NY0301653,0,0.4768316774368062,0,1
1796,NY0301653,0,0.4768316774368062,0,1
1797,NY0301653,0,0.4768316774368062,0,1
1798,NY0301665,0,0.2597600844593104,0,5
1799,NY0301668,1,0.2723207644829057,0,5
1800,NY0301668,1,0.2723207644829057,0,5
1801,NY0301668,1,0.2723207644829057,0,5
1802,NY0301674,0,0.26864923113940076,0,2
1803,NY0301674,0,0.26864923113940076,0,2
1804,NY0301674,1,0.26864923113940076,0,2
1805,NY0400345,0,0.28191016992776413,0,3
1806,NY0400345,0,0.28191016992776413,0,3
1807,NY0400345,0,0.2356263561801268,0,3
1808,NY0400349,1,0.09998682902674352,0,4
1809,NY0400349,1,0.09998682902674352,0,4
1810,NY0420357,0,0.31487407854281474,0,1
1811,NY0420357,0,0.31487407854281474,0,1
1812,NY0420358,0,0.33713759440585916,0,1
1813,NY0501710,0,0.13390982869622484,0,2
1814,NY0501717,0,0.10510894710501803,0,4
1815,NY0501717,0,0.10510894710501803,0,4
1816,NY0501720,0,0.08798641759308629,0,1
1817,NY0501720,0,0.08798641759308629,0,1
1818,NY0600360,0,0.19204423119864703,0,2
1819,NY0600364,0,0.1820864946548934,0,2
1820,NY0600366,0,0.31251078495901835,0,3
1821,NY0600366,0,0.31251078495901835,0,3
1822,NY0600381,0,0.18622778339690135,0,2
1823,NY0615782,0,0.10046695917267628,0,2
1824,NY0701008,0,0.16728124713067719,0,3
1825,NY0701009,0,0.47381680388362973,0,2
1826,NY0701009,0,0.4665507306822415,0,2
1827,NY0701011,1,0.4659251005849678,0,3
1828,NY0701011,0,0.4659251005849678,0,3
1829,NY0701011,0,0.4659251005849678,0,3
1830,NY0801745,0,0.07869476020410292,0,5
1831,NY0801745,0,0.08625054207914123,0,5
1832,NY0900217,1,0.15869568570127965,0,5
1833,NY0900220,0,0.28065289514117897,0,4
1834,NY0904192,0,0.12439828627619928,0,3
1835,NY1000238,0,0.33501763479563657,0,5
1836,NY1000239,0,0.1721712970908691,0,2
1837,NY1100634,0,0.16500738981835403,0,3
1838,NY1101754,0,0.17082494371702558,0,2
1839,NY1101754,0,0.16995294458315513,0,2
1840,NY1101755,1,0.03594020071915808,0,2
1841,NY1101755,0,0.03594020071915808,0,2
1842,NY1101757,0,0.1120397923240123,0,3
1843,NY1101757,0,0.1120397923240123,0,3
1844,NY1200257,0,0.18263382613909115,0,4
1845,NY1200257,0,0.18263382613909115,0,4
1846,NY1200270,1,0.16212189352737896,0,4
1847,NY1200270,1,0.16212189352737896,0,4
1848,NY1302760,0,0.22458222126208405,0,5
1849,NY1302765,0,0.4129274010751157,0,2
1850,NY1302766,1,0.267989522867361,0,1
1851,NY1302776,0,0.21847203790940098,0,4
1852,NY1302783,0,0.25744406855211927,0,5
1853,NY1302794,1,0.22765313328013045,0,3
1854,NY1302796,0,0.19141627018785035,0,4
1855,NY1302812,0,0.272937554654656,0,3
1856,NY1319317,0,0.35305882178565906,0,4
1857,NY1330291,0,0.30394258196823476,0,2
1858,NY1330550,1,0.1382000624521998,0,5
1859,NY1330660,0,0.24920375242021506,0,1
1860,NY1330660,1,0.24920375242021506,0,1
1861,NY1330660,0,0.24920375242021506,0,1
1862,NY1400411,0,0.22974894044777525,0,4
1863,NY1400422,0,0.3698379784183315,0,2
1864,NY1400433,1,0.24953016594043936,0,2
1865,NY1400443,0,0.25167930558507395,0,4
1866,NY1400443,0,0.25167930558507395,0,4
1867,NY1400451,0,0.38072631161821796,0,2
1868,NY1400539,0,0.17425259208357266,0,5
1869,NY1404556,0,0.1015318365250517,0,3
1870,NY1410142,0,0.2598778729640907,0,5
1871,NY1415379,0,0.22349659931003701,0,3
1872,NY1420549,0,0.35169334568026706,0,2
1873,NY1500284,0,0.11241108232763512,0,3
1874,NY1500286,0,0.29923805685198224,0,3
1875,NY1500293,0,0.05781397476489718,0,3
1876,NY1500293,0,0.07433903552146034,0,3
1877,NY1500293,1,0.05781397476489718,0,3
1878,NY1500299,0,0.41710742188986366,0,5
1879,NY1600008,0,0.09699208986152193,0,1
1880,NY1600011,0,0.1360408630223434,0,3
1881,NY1600012,0,0.14311898951030913,0,3
1882,NY1600012,0,0.14311898951030913,0,3
1883,NY1700018,0,0.36405648685391667,0,1
1884,NY1700019,0,0.150788885901639,0,4
1885,NY1700019,0,0.150788885901639,0,4
1886,NY1800544,1,0.37283194190663804,0,4
1887,NY1800554,0,0.3194308983694181,0,5
1888,NY1800554,0,0.274819769755092,0,5
1889,NY1900026,1,0.10241807350877137,0,4
1890,NY1900027,0,0.09294082577369885,0,2
1891,NY1920318,0,0.08445879877316038,0,2
1892,NY1920318,0,0.09543055845305366,0,2
1893,NY1920318,0,0.09543055845305366,0,2
1894,NY1930059,1,0.08100283987810726,0,3
1895,NY1930059,0,0.08100283987810726,0,3
1896,NY2102300,0,0.09297994861310693,0,5
1897,NY2102306,0,0.2235304230621693,0,5
1898,NY2102307,0,0.18525240512647348,0,2
1899,NY2102308,0,0.16575474076274352,0,4
1900,NY2102313,0,0.13153414751091652,0,3
1901,NY2202334,0,0.12825505377305613,0,4
1902,NY2202346,0,0.10471967591373069,0,2
1903,NY2212214,1,0.17971250391009058,0,5
1904,NY2212214,0,0.1671951087702463,0,5
1905,NY2221206,1,0.23170195161615353,0,2
1906,NY2221206,0,0.23170195161615353,0,2
1907,NY2221206,0,0.23170195161615353,0,2
1908,NY2221206,0,0.23170195161615353,0,2
1909,NY2402365,0,0.10174326738906428,0,1
1910,NY2501015,0,0.2207873519008521,0,3
1911,NY2501017,0,0.3015354915819271,0,4
1912,NY2501019,0,0.38576454843134317,0,2
1913,NY2501023,0,0.17055192230135213,0,3
1914,NY2602371,0,0.18632097927921648,0,5
1915,NY2602377,0,0.16603634007512724,0,3
1916,NY2602377,0,0.16603634007512724,0,3
1917,NY2602379,0,0.10751580880273746,0,5
1918,NY2602381,0,0.16880854332124293,0,1
1919,NY2613319,0,0.07106976473666185,0,2
1920,NY2701039,0,0.4284991280224027,0,3
1921,NY2701045,1,0.20088734995603202,0,5
1922,NY2701047,0,0.3627044130979546,0,5
1923,NY2701047,0,0.3627044130979546,0,5
1924,NY2701047,0,0.3627044130979546,0,5
1925,NY2701047,0,0.3627044130979546,0,5
1926,NY2701047,0,0.4811987480738525,0,5
1927,NY2701118,0,0.27662115498753265,0,5
1928,NY2704518,0,0.4056393264463092,0,2
1929,NY2704518,0,0.42831667100493237,0,2
1930,NY2800136,0,0.24497524803302034,0,3
1931,NY2800139,0,0.053905355416889796,0,3
1932,NY2900000,0,0.24511250360578227,0,2
1933,NY2900000,0,0.24511250360578227,0,2
1934,NY2900000,1,0.2509192042786675,0,2
1935,NY2900000,0,0.2509192042786675,0,2
1936,NY2900000,0,0.2552076321529443,0,2
1937,NY2900000,0,0.2509192042786675,0,2
1938,NY2900000,0,0.2509192042786675,0,2
1939,NY2900000,0,0.2509192042786675,0,2
1940,NY2900000,0,0.2552076321529443,0,2
1941,NY2900000,0,0.2552076321529443,0,2
1942,NY2900000,1,0.262144657063149,0,2
1943,NY2900000,0,0.4257186278737173,0,2
1944,NY2900000,0,0.2552076321529443,0,2
1945,NY2902815,0,0.3290522893494326,0,4
1946,NY2902815,1,0.36959050487177,0,4
1947,NY2902815,1,0.3290522893494326,0,4
1948,NY2902815,1,0.3290522893494326,0,4
1949,NY2902816,0,0.47908770166264897,0,2
1950,NY2902816,0,0.47908770166264897,0,2
1951,NY2902816,0,0.47908770166264897,0,2
1952,NY2902817,0,0.18756339679900863,0,1
1953,NY2902817,0,0.18756339679900863,0,1
1954,NY2902817,0,0.19681108012606013,0,1
1955,NY2902817,0,0.24088769367002363,0,1
1956,NY2902817,1,0.24088769367002363,0,1
1957,NY2902818,0,0.40892654195445743,0,3
1958,NY2902818,0,0.40892654195445743,0,3
1959,NY2902818,0,0.5361165377062888,1,3
1960,NY2902822,0,0.16547990044495697,0,4
1961,NY2902822,0,0.16547990044495697,0,4
1962,NY2902822,0,0.21301688661771587,0,4
1963,NY2902823,0,0.22699850694959,0,2
1964,NY2902823,0,0.22699850694959,0,2
1965,NY2902823,0,0.22699850694959,0,2
1966,NY2902824,0,0.31307187899212996,0,4
1967,NY2902824,1,0.30050461889422664,0,4
1968,NY2902824,0,0.31307187899212996,0,4
1969,NY2902824,0,0.30050461889422664,0,4
1970,NY2902824,0,0.31307187899212996,0,4
1971,NY2902824,0,0.31307187899212996,0,4
1972,NY2902825,1,0.47076356799041646,0,1
1973,NY2902825,0,0.47076356799041646,0,1
1974,NY2902825,1,0.47076356799041646,0,1
1975,NY2902825,1,0.5270497843857577,1,1
1976,NY2902825,1,0.47076356799041646,0,1
1977,NY2902826,0,0.19771747096410353,0,2
1978,NY2902826,1,0.19771747096410353,0,2
1979,NY2902826,1,0.19771747096410353,0,2
1980,NY2902826,0,0.26183748868073964,0,2
1981,NY2902827,1,0.2884943572867734,0,4
1982,NY2902827,0,0.2884943572867734,0,4
1983,NY2902829,0,0.20005899882047493,0,4
1984,NY2902829,0,0.13955929324767222,0,4
1985,NY2902829,0,0.20005899882047493,0,4
1986,NY2902829,0,0.13955929324767222,0,4
1987,NY2902829,0,0.13955929324767222,0,4
1988,NY2902829,0,0.15607132332509427,0,4
1989,NY2902829,0,0.12223663635218346,0,4
1990,NY2902829,1,0.15847898221843343,0,4
1991,NY2902830,0,0.5689931363464954,1,2
1992,NY2902830,0,0.5641264554308723,1,2
1993,NY2902830,1,0.5689931363464954,1,2
1994,NY2902830,0,0.5641264554308723,1,2
1995,NY2902830,1,0.4705419179029882,0,2
1996,NY2902830,1,0.5641264554308723,1,2
1997,NY2902830,1,0.5689931363464954,1,2
1998,NY2902830,1,0.5689931363464954,1,2
1999,NY2902830,0,0.5641264554308723,1,2
2000,NY2902830,0,0.4705419179029882,0,2
2001,NY2902830,1,0.5641264554308723,1,2
2002,NY2902830,0,0.5641264554308723,1,2
2003,NY2902830,0,0.5641264554308723,1,2
2004,NY2902831,1,0.17714841645703758,0,5
2005,NY2902831,0,0.17714841645703758,0,5
2006,NY2902831,1,0.17714841645703758,0,5
2007,NY2902831,0,0.17714841645703758,0,5
2008,NY2902831,0,0.17714841645703758,0,5
2009,NY2902831,0,0.17714841645703758,0,5
2010,NY2902831,1,0.17714841645703758,0,5
2011,NY2902831,0,0.17714841645703758,0,5
2012,NY2902831,1,0.17714841645703758,0,5
2013,NY2902831,1,0.17714841645703758,0,5
2014,NY2902831,1,0.17714841645703758,0,5
2015,NY2902831,1,0.17714841645703758,0,5
2016,NY2902831,0,0.17714841645703758,0,5
2017,NY2902831,1,0.17714841645703758,0,5
2018,NY2902831,1,0.17714841645703758,0,5
2019,NY2902831,0,0.17714841645703758,0,5
2020,NY2902831,0,0.17714841645703758,0,5
2021,NY2902833,0,0.2457380338817247,0,5
2022,NY2902833,1,0.2457380338817247,0,5
2023,NY2902833,0,0.2457380338817247,0,5
2024,NY2902833,0,0.2457380338817247,0,5
2025,NY2902833,0,0.2457380338817247,0,5
2026,NY2902834,0,0.09739063291090806,0,5
2027,NY2902835,0,0.27504205078590616,0,5
2028,NY2902835,0,0.27504205078590616,0,5
2029,NY2902835,0,0.27504205078590616,0,5
2030,NY2902835,0,0.27504205078590616,0,5
2031,NY2902835,0,0.27504205078590616,0,5
2032,NY2902835,0,0.27504205078590616,0,5
2033,NY2902835,0,0.27504205078590616,0,5
2034,NY2902835,0,0.27504205078590616,0,5
2035,NY2902835,0,0.27504205078590616,0,5
2036,NY2902835,0,0.27504205078590616,0,5
2037,NY2902835,0,0.27504205078590616,0,5
2038,NY2902835,0,0.27504205078590616,0,5
2039,NY2902835,1,0.27504205078590616,0,5
2040,NY2902835,0,0.27504205078590616,0,5
2041,NY2902835,0,0.27504205078590616,0,5
2042,NY2902835,0,0.27504205078590616,0,5
2043,NY2902835,1,0.27504205078590616,0,5
2044,NY2902835,0,0.27504205078590616,0,5
2045,NY2902836,0,0.0916409816746748,0,5
2046,NY2902836,0,0.09197163498374857,0,5
2047,NY2902836,1,0.09197163498374857,0,5
2048,NY2902836,1,0.09197163498374857,0,5
2049,NY2902836,0,0.0916409816746748,0,5
2050,NY2902836,0,0.09197163498374857,0,5
2051,NY2902836,0,0.09197163498374857,0,5
2052,NY2902836,0,0.09197163498374857,0,5
2053,NY2902836,1,0.09197163498374857,0,5
2054,NY2902836,0,0.0916409816746748,0,5
2055,NY2902837,0,0.21833120503255715,0,3
2056,NY2902837,0,0.21833120503255715,0,3
2057,NY2902837,0,0.21833120503255715,0,3
2058,NY2902837,0,0.21833120503255715,0,3
2059,NY2902837,0,0.21833120503255715,0,3
2060,NY2902837,0,0.21833120503255715,0,3
2061,NY2902837,0,0.21833120503255715,0,3
2062,NY2902837,0,0.21833120503255715,0,3
2063,NY2902837,0,0.21833120503255715,0,3
2064,NY2902839,0,0.26893788973184335,0,4
2065,NY2902839,1,0.26893788973184335,0,4
2066,NY2902839,1,0.3054416572445855,0,4
2067,NY2902840,0,0.1740190909640378,0,5
2068,NY2902840,0,0.1740190909640378,0,5
2069,NY2902840,0,0.1740190909640378,0,5
2070,NY2902840,0,0.1740190909640378,0,5
2071,NY2902840,0,0.1740190909640378,0,5
2072,NY2902840,0,0.1740190909640378,0,5
2073,NY2902840,0,0.1740190909640378,0,5
2074,NY2902841,0,0.40676275680221313,0,2
2075,NY2902841,0,0.4775331824351856,0,2
2076,NY2902841,0,0.5343783022909847,1,2
2077,NY2902841,0,0.40676275680221313,0,2
2078,NY2902841,0,0.40676275680221313,0,2
2079,NY2902841,0,0.40676275680221313,0,2
2080,NY2902841,0,0.4775331824351856,0,2
2081,NY2902841,0,0.5343783022909847,1,2
2082,NY2902843,0,0.32730457402120955,0,5
2083,NY2902845,0,0.43229601826773545,0,5
2084,NY2902845,0,0.43229601826773545,0,5
2085,NY2902845,0,0.4662254203634592,0,5
2086,NY2902845,1,0.4502364439350657,0,5
2087,NY2902845,1,0.4502364439350657,0,5
2088,NY2902848,0,0.16871014760083325,0,4
2089,NY2902848,0,0.16871014760083325,0,4
2090,NY2902848,0,0.15632881740723678,0,4
2091,NY2902848,0,0.15632881740723678,0,4
2092,NY2902851,0,0.40094173192847554,0,5
2093,NY2902851,0,0.40094173192847554,0,5
2094,NY2902851,0,0.40094173192847554,0,5
2095,NY2902851,1,0.40094173192847554,0,5
2096,NY2902851,0,0.40094173192847554,0,5
2097,NY2902851,0,0.40094173192847554,0,5
2098,NY2902851,0,0.40094173192847554,0,5
2099,NY2902851,1,0.40094173192847554,0,5
2100,NY2902853,0,0.338686251901336,0,3
2101,NY2902853,0,0.3139920918038136,0,3
2102,NY2902854,0,0.4140284506826654,0,3
2103,NY2902854,0,0.4140284506826654,0,3
2104,NY2902854,0,0.4140284506826654,0,3
2105,NY2902854,0,0.4206177806977993,0,3
2106,NY2902854,0,0.4140284506826654,0,3
2107,NY2902854,0,0.4206177806977993,0,3
2108,NY2902854,0,0.4140284506826654,0,3
2109,NY2902856,0,0.5323626821059749,1,3
2110,NY2902856,0,0.5323626821059749,1,3
2111,NY2902856,0,0.5323626821059749,1,3
2112,NY2902856,0,0.5323626821059749,1,3
2113,NY2902856,1,0.5323626821059749,1,3
2114,NY2902856,0,0.5323626821059749,1,3
2115,NY2902856,1,0.5323626821059749,1,3
2116,NY2902857,0,0.32126616234451605,0,3
2117,NY2902857,0,0.29694187572198966,0,3
2118,NY2902858,0,0.40526817280831157,0,2
2119,NY2902858,1,0.39639840354494293,0,2
2120,NY2912267,0,0.5038865947295416,1,3
2121,NY2912267,0,0.5038865947295416,1,3
2122,NY2912267,0,0.5153655974402631,1,3
2123,NY2912267,0,0.5153655974402631,1,3
2124,NY2912267,1,0.5153655974402631,1,3
2125,NY2912267,1,0.5038865947295416,1,3
2126,NY2912267,1,0.5038865947295416,1,3
2127,NY2912267,1,0.5153655974402631,1,3
2128,NY2912267,1,0.5038865947295416,1,3
2129,NY3100557,0,0.2771203213367162,0,4
2130,NY3100561,1,0.24072599619998594,0,5
2131,NY3100563,0,0.3252446756292276,0,2
2132,NY3100564,0,0.3233564143613068,0,4
2133,NY3100568,0,0.18596698861549274,0,5
2134,NY3100571,0,0.28588104875837006,0,4
2135,NY3100572,0,0.3987144518790991,0,1
2136,NY3100573,1,0.18615932158718945,0,3
2137,NY3100574,0,0.20850850949468194,0,3
2138,NY3100574,0,0.20850850949468194,0,3
2139,NY3100577,0,0.4429695103358663,0,1
2140,NY3100580,0,0.1895502643895119,0,3
2141,NY3100585,0,0.3282389391967247,0,1
2142,NY3100587,0,0.24965987511523915,0,5
2143,NY3100588,0,0.2766143189668067,0,2
2144,NY3100595,0,0.3489059202727496,0,1
2145,NY3202405,0,0.2961369788209617,0,5
2146,NY3202411,0,0.18108734521258232,0,4
2147,NY3304307,0,0.3195271755544337,0,3
2148,NY3304307,0,0.3195271755544337,0,3
2149,NY3304334,0,0.2289235058070439,0,3
2150,NY3304336,0,0.3574635491112501,0,4
2151,NY3304336,0,0.3574635491112501,0,4
2152,NY3304336,1,0.31089571343699035,0,4
2153,NY3304343,0,0.1939343250583589,0,1
2154,NY3304343,0,0.1939343250583589,0,1
2155,NY3304344,0,0.2105441264617578,0,4
2156,NY3304347,0,0.1769495312464703,0,1
2157,NY3316112,0,0.21089725347638497,0,3
2158,NY3400784,1,0.15375202187994616,0,3
2159,NY3401150,0,0.2987268531216629,0,1
2160,NY3401151,0,0.14468425031355528,0,5
2161,NY3401156,0,0.12999491337312605,0,5
2162,NY3401170,0,0.19058591956607365,0,2
2163,NY3404514,0,0.20621185174432285,0,2
2164,NY3411948,0,0.1397191027033479,0,1
2165,NY3411948,0,0.12704657304132258,0,1
2166,NY3430008,0,0.15975680692904343,0,5
2167,NY3430034,0,0.12346856246421126,0,4
2168,NY3430041,0,0.07719086674196728,0,3
2169,NY3503524,1,0.3453258313542675,0,5
2170,NY3503524,0,0.48761708079944954,0,5
2171,NY3503526,1,0.5889279833372029,1,3
2172,NY3503526,0,0.648073717941026,1,3
2173,NY3503528,0,0.27360136834073956,0,1
2174,NY3503528,0,0.2880425955813624,0,1
2175,NY3503531,1,0.6512777006934711,1,4
2176,NY3503531,0,0.6512777006934711,1,4
2177,NY3503532,0,0.3503939248301682,0,5
2178,NY3503534,0,0.3071544731863891,0,4
2179,NY3503535,1,0.5407230751378735,1,4
2180,NY3503535,1,0.5312790731841726,1,4
2181,NY3503536,1,0.301622989803097,0,4
2182,NY3503542,0,0.1638640056291949,0,1
2183,NY3503542,1,0.16043262267933273,0,1
2184,NY3503542,0,0.16043262267933273,0,1
2185,NY3503549,0,0.5031400546734062,1,1
2186,NY3503553,0,0.1927053696584529,0,4
2187,NY3503553,0,0.1927053696584529,0,4
2188,NY3503553,0,0.1927053696584529,0,4
2189,NY3503554,0,0.18101964796404948,0,2
2190,NY3503559,0,0.3051118652016372,0,5
2191,NY3503559,0,0.3051118652016372,0,5
2192,NY3503559,0,0.3051118652016372,0,5
2193,NY3503561,0,0.4259423162686425,0,1
2194,NY3503561,0,0.374179045742004,0,1
2195,NY3503567,0,0.495597358069126,0,3
2196,NY3503567,0,0.495597358069126,0,3
2197,NY3503573,0,0.6665365587983497,1,3
2198,NY3503573,0,0.6665365587983497,1,3
2199,NY3503573,1,0.6665365587983497,1,3
2200,NY3503578,1,0.3432384686186683,0,2
2201,NY3503578,1,0.3432384686186683,0,2
2202,NY3503580,0,0.5142548809485107,1,3
2203,NY3503580,1,0.49933541585312563,0,3
2204,NY3503580,0,0.49933541585312563,0,3
2205,NY3503627,1,0.7694737976915977,1,3
2206,NY3503627,0,0.7694737976915977,1,3
2207,NY3503627,1,0.7694737976915977,1,3
2208,NY3503627,0,0.7694737976915977,1,3
2209,NY3503627,0,0.7694737976915977,1,3
2210,NY3504069,0,0.15443840437576006,0,4
2211,NY3504069,0,0.15443840437576006,0,4
2212,NY3504069,0,0.15443840437576006,0,4
2213,NY3511338,0,0.48194108069688246,0,2
2214,NY3511887,0,0.2792389216399817,0,4
2215,NY3522798,0,0.32988571825928903,0,1
2216,NY3600596,0,0.2913309815512389,0,1
2217,NY3600600,0,0.2816071381859412,0,2
2218,NY3630023,1,0.5181138992570727,1,4
2219,NY3704355,0,0.25059840661710836,0,2
2220,NY3704361,0,0.24880701463273552,0,5
2221,NY3730037,0,0.1894563862086499,0,4
2222,NY3800154,0,0.2390334666373853,0,5
2223,NY3802590,0,0.13353124062603797,0,2
2224,NY3830002,0,0.10185836739706099,0,5
2225,NY3903641,0,0.4511395886482051,0,2
2226,NY3922421,0,0.4684437165278545,0,3
2227,NY4100041,0,0.38752426499354836,0,1
2228,NY4100044,0,0.20115174000445393,0,1
2229,NY4100050,0,0.5324695254487201,1,2
2230,NY4100051,0,0.22095814188299606,0,1
2231,NY4110144,0,0.22969181060582008,0,1
2232,NY4130243,0,0.16554787151789177,0,2
2233,NY4130338,0,0.19798149296140735,0,1
2234,NY4303666,1,0.6518002032310601,1,2
2235,NY4303673,1,0.6455902400604565,1,3
2236,NY4303673,1,0.7128960682830736,1,3
2237,NY4303673,1,0.7136472897598968,1,3
2238,NY4303673,1,0.7128960682830736,1,3
2239,NY4303673,1,0.7195617625111451,1,3
2240,NY4303673,0,0.7128960682830736,1,3
2241,NY4303673,1,0.7136472897598968,1,3
2242,NY4303673,1,0.7136472897598968,1,3
2243,NY4303673,1,0.7195617625111451,1,3
2244,NY4303673,1,0.6795354811027295,1,3
2245,NY4303673,1,0.7195617625111451,1,3
2246,NY4303673,0,0.7128960682830736,1,3
2247,NY4303673,1,0.7136472897598968,1,3
2248,NY4303673,0,0.6858443599051085,1,3
2249,NY4303673,0,0.7136472897598968,1,3
2250,NY4303673,1,0.6866352500995812,1,3
2251,NY4303673,0,0.7136472897598968,1,3
2252,NY4303673,1,0.7136472897598968,1,3
2253,NY4303673,1,0.7136472897598968,1,3
2254,NY4303673,1,0.7195617625111451,1,3
2255,NY4303673,1,0.7136472897598968,1,3
2256,NY4303673,1,0.7136472897598968,1,3
2257,NY4303673,1,0.7068982783711845,1,3
2258,NY4303673,1,0.7480170177221412,1,3
2259,NY4303673,1,0.7136472897598968,1,3
2260,NY4303673,1,0.7136472897598968,1,3
2261,NY4303673,0,0.7195617625111451,1,3
2262,NY4303673,0,0.7195617625111451,1,3
2263,NY4303673,1,0.7136472897598968,1,3
2264,NY4303673,1,0.7136472897598968,1,3
2265,NY4303673,0,0.7136472897598968,1,3
2266,NY4303673,1,0.7195617625111451,1,3
2267,NY4303673,1,0.6795354811027295,1,3
2268,NY4303673,0,0.6455902400604565,1,3
2269,NY4303675,1,0.8333501790054368,1,5
2270,NY4404381,0,0.08157604709393367,0,5
2271,NY4404381,0,0.08157604709393367,0,5
2272,NY4404381,0,0.08157604709393367,0,5
2273,NY4404381,0,0.08157604709393367,0,5
2274,NY4404381,0,0.08157604709393367,0,5
2275,NY4404385,0,0.11901335815304713,0,2
2276,NY4404390,0,0.3096777404183369,0,5
2277,NY4404394,0,0.18513471481847663,0,2
2278,NY4404397,0,0.33395533627111296,0,5
2279,NY4500162,0,0.5271145944064923,1,2
2280,NY4500164,0,0.19272382406666036,0,4
2281,NY4500166,0,0.4869617133670671,0,2
2282,NY4500168,0,0.3611601200552071,0,5
2283,NY4500168,1,0.19730243909775474,0,5
2284,NY4500170,0,0.3497513853186279,0,3
2285,NY4500173,0,0.1959431287690947,0,1
2286,NY4500173,0,0.1959431287690947,0,1
2287,NY4500175,1,0.3664297555985716,0,2
2288,NY4500175,0,0.3263783610433985,0,2
2289,NY4500175,0,0.3083816261367307,0,2
2290,NY4500175,0,0.3263783610433985,0,2
2291,NY4500175,0,0.3263783610433985,0,2
2292,NY4500175,0,0.3263783610433985,0,2
2293,NY4500177,0,0.15973288621854131,0,2
2294,NY4500177,0,0.15973288621854131,0,2
2295,NY4500178,0,0.3580214018173849,0,2
2296,NY4500186,0,0.4853971731385012,0,3
2297,NY4500186,0,0.4853971731385012,0,3
2298,NY4500186,0,0.5096228324764578,1,3
2299,NY4500186,0,0.4853971731385012,0,3
2300,NY4505658,0,0.5414324700883107,1,2
2301,NY4505658,0,0.5504001242069737,1,2
2302,NY4511620,0,0.2185496511503695,0,3
2303,NY4511620,0,0.2185496511503695,0,3
2304,NY4519111,0,0.3213004598774144,0,5
2305,NY4519111,0,0.3213004598774144,0,5
2306,NY4530240,0,0.15154114538583127,0,4
2307,NY4600069,0,0.5360245633848265,1,1
2308,NY4600071,1,0.49703881965098606,0,5
2309,NY4600073,0,0.3652150792016277,0,3
2310,NY4600091,1,0.5885422093609726,1,4
2311,NY4700094,0,0.13884783232947398,0,3
2312,NY4901198,0,0.1857682561568855,0,4
2313,NY4901199,0,0.0856063206309435,0,3
2314,NY5001206,0,0.11543634233937705,0,2
2315,NY5001206,0,0.11543634233937705,0,2
2316,NY5001206,0,0.11543634233937705,0,2
2317,NY5001206,0,0.11543634233937705,0,2
2318,NY5001209,1,0.30704388863350224,0,1
2319,NY5001209,0,0.30704388863350224,0,1
2320,NY5001212,0,0.31523440317945894,0,3
2321,NY5001212,0,0.31523440317945894,0,3
2322,NY5001212,1,0.31523440317945894,0,3
2323,NY5001212,0,0.31523440317945894,0,3
2324,NY5001212,0,0.31523440317945894,0,3
2325,NY5001215,0,0.14048589228007227,0,4
2326,NY5001215,0,0.12820181102540767,0,4
2327,NY5103263,0,0.33974375433054604,0,2
2328,NY5103263,0,0.3510781071060126,0,2
2329,NY5103263,0,0.3510781071060126,0,2
2330,NY5103263,0,0.3510781071060126,0,2
2331,NY5103263,0,0.3291599946283019,0,2
2332,NY5103263,0,0.33974375433054604,0,2
2333,NY5103263,0,0.3510781071060126,0,2
2334,NY5103263,0,0.3510781071060126,0,2
2335,NY5103263,0,0.3360481063873393,0,2
2336,NY5103263,0,0.3360481063873393,0,2
2337,NY5103263,0,0.3510781071060126,0,2
2338,NY5103266,1,0.1554201855664117,0,2
2339,NY5103271,1,0.31801054203254703,0,4
2340,NY5103271,0,0.31801054203254703,0,4
2341,NY5103271,0,0.31801054203254703,0,4
2342,NY5103271,0,0.37340668313545855,0,4
2343,NY5103271,0,0.31801054203254703,0,4
2344,NY5103271,1,0.31801054203254703,0,4
2345,NY5103271,0,0.37340668313545855,0,4
2346,NY5103271,0,0.36174659398769465,0,4
2347,NY5103271,0,0.37340668313545855,0,4
2348,NY5103271,1,0.31801054203254703,0,4
2349,NY5103271,0,0.37340668313545855,0,4
2350,NY5103271,0,0.31801054203254703,0,4
2351,NY5103276,0,0.18438709890022928,0,5
2352,NY5103276,0,0.18438709890022928,0,5
2353,NY5103276,0,0.18438709890022928,0,5
2354,NY5103276,0,0.18438709890022928,0,5
2355,NY5103276,0,0.18438709890022928,0,5
2356,NY5103276,0,0.18438709890022928,0,5
2357,NY5103276,0,0.18438709890022928,0,5
2358,NY5103280,0,0.0690032800703159,0,5
2359,NY5103280,0,0.0690032800703159,0,5
2360,NY5103704,0,0.16061910518900768,0,5
2361,NY5103704,1,0.16061910518900768,0,5
2362,NY5103704,0,0.16061910518900768,0,5
2363,NY5103704,0,0.16061910518900768,0,5
2364,NY5103704,0,0.16061910518900768,0,5
2365,NY5103705,0,0.25500736265753526,0,5
2366,NY5103705,0,0.4189751778882727,0,5
2367,NY5103705,0,0.4189751778882727,0,5
2368,NY5103705,0,0.25500736265753526,0,5
2369,NY5103705,0,0.25500736265753526,0,5
2370,NY5103705,0,0.25500736265753526,0,5
2371,NY5103705,0,0.25500736265753526,0,5
2372,NY5103705,0,0.25500736265753526,0,5
2373,NY5103705,0,0.25500736265753526,0,5
2374,NY5103705,1,0.25500736265753526,0,5
2375,NY5105656,0,0.5004220455538203,1,1
2376,NY5110526,0,0.20084587942588383,0,1
2377,NY5110526,1,0.20035092692589412,0,1
2378,NY5110526,0,0.20035092692589412,0,1
2379,NY5110526,0,0.20035092692589412,0,1
2380,NY5110526,0,0.20035092692589412,0,1
2381,NY5110526,0,0.20035092692589412,0,1
2382,NY5110526,0,0.20035092692589412,0,1
2383,NY5110526,0,0.20035092692589412,0,1
2384,NY5110526,0,0.20035092692589412,0,1
2385,NY5110526,0,0.20035092692589412,0,1
2386,NY5110526,0,0.20035092692589412,0,1
2387,NY5110526,0,0.20035092692589412,0,1
2388,NY5110526,0,0.20035092692589412,0,1
2389,NY5110526,0,0.20035092692589412,0,1
2390,NY5110526,0,0.20035092692589412,0,1
2391,NY5110526,1,0.20035092692589412,0,1
2392,NY5110526,0,0.20035092692589412,0,1
2393,NY5110526,1,0.20035092692589412,0,1
2394,NY5110526,0,0.20035092692589412,0,1
2395,NY5110526,0,0.20035092692589412,0,1
2396,NY5110526,0,0.20035092692589412,0,1
2397,NY5110526,0,0.20084587942588383,0,1
2398,NY5110526,0,0.20084587942588383,0,1
2399,NY5110526,0,0.20035092692589412,0,1
2400,NY5110526,0,0.20035092692589412,0,1
2401,NY5110526,0,0.20035092692589412,0,1
2402,NY5110526,0,0.20084587942588383,0,1
2403,NY5110526,0,0.20035092692589412,0,1
2404,NY5110526,0,0.20035092692589412,0,1
2405,NY5110526,0,0.20084587942588383,0,1
2406,NY5110526,0,0.20035092692589412,0,1
2407,NY5110526,0,0.20035092692589412,0,1
2408,NY5110526,0,0.20035092692589412,0,1
2409,NY5110526,0,0.20035092692589412,0,1
2410,NY5110526,0,0.20035092692589412,0,1
2411,NY5110526,0,0.20035092692589412,0,1
2412,NY5110526,0,0.20035092692589412,0,1
2413,NY5110526,0,0.20035092692589412,0,1
2414,NY5110526,0,0.20084587942588383,0,1
2415,NY5110526,0,0.20035092692589412,0,1
2416,NY5110526,0,0.20035092692589412,0,1
2417,NY5110526,0,0.20035092692589412,0,1
2418,NY5110526,0,0.20035092692589412,0,1
2419,NY5110526,0,0.20035092692589412,0,1
2420,NY5110526,0,0.20035092692589412,0,1
2421,NY5110526,0,0.20035092692589412,0,1
2422,NY5110526,0,0.20035092692589412,0,1
2423,NY5110526,0,0.20084587942588383,0,1
2424,NY5110526,1,0.20035092692589412,0,1
2425,NY5110526,0,0.20035092692589412,0,1
2426,NY5110526,0,0.20035092692589412,0,1
2427,NY5110526,0,0.20035092692589412,0,1
2428,NY5110526,0,0.20035092692589412,0,1
2429,NY5110526,0,0.20035092692589412,0,1
2430,NY5110526,0,0.20084587942588383,0,1
2431,NY5110526,0,0.20084587942588383,0,1
2432,NY5110526,0,0.20084587942588383,0,1
2433,NY5110526,0,0.20084587942588383,0,1
2434,NY5110526,1,0.20084587942588383,0,1
2435,NY5110526,0,0.20035092692589412,0,1
2436,NY5110526,0,0.20035092692589412,0,1
2437,NY5110526,0,0.20084587942588383,0,1
2438,NY5110526,0,0.20035092692589412,0,1
2439,NY5110526,0,0.20084587942588383,0,1
2440,NY5110526,0,0.20084587942588383,0,1
2441,NY5110526,0,0.20084587942588383,0,1
2442,NY5110526,1,0.20084587942588383,0,1
2443,NY5110526,0,0.20084587942588383,0,1
2444,NY5110526,0,0.20084587942588383,0,1
2445,NY5110526,0,0.24412709663175627,0,1
2446,NY5110526,0,0.20035092692589412,0,1
2447,NY5110526,0,0.20084587942588383,0,1
2448,NY5110526,0,0.20035092692589412,0,1
2449,NY5110526,1,0.20084587942588383,0,1
2450,NY5110526,0,0.20084587942588383,0,1
2451,NY5110526,1,0.20084587942588383,0,1
2452,NY5110526,0,0.20084587942588383,0,1
2453,NY5110526,0,0.20035092692589412,0,1
2454,NY5110526,0,0.20084587942588383,0,1
2455,NY5110526,0,0.20035092692589412,0,1
2456,NY5110526,0,0.20035092692589412,0,1
2457,NY5110526,0,0.20084587942588383,0,1
2458,NY5110526,0,0.20035092692589412,0,1
2459,NY5110526,1,0.24412709663175627,0,1
2460,NY5110526,0,0.20035092692589412,0,1
2461,NY5110526,0,0.20035092692589412,0,1
2462,NY5110526,0,0.20035092692589412,0,1
2463,NY5110526,0,0.20035092692589412,0,1
2464,NY5110526,1,0.20084587942588383,0,1
2465,NY5110526,1,0.20084587942588383,0,1
2466,NY5110526,0,0.20035092692589412,0,1
2467,NY5110526,0,0.20035092692589412,0,1
2468,NY5110526,1,0.20084587942588383,0,1
2469,NY5110526,0,0.20084587942588383,0,1
2470,NY5110526,0,0.20084587942588383,0,1
2471,NY5110526,0,0.20084587942588383,0,1
2472,NY5110526,1,0.20035092692589412,0,1
2473,NY5110526,0,0.20035092692589412,0,1
2474,NY5110526,0,0.20035092692589412,0,1
2475,NY5110526,0,0.20084587942588383,0,1
2476,NY5110526,0,0.20035092692589412,0,1
2477,NY5110526,0,0.20035092692589412,0,1
2478,NY5110526,0,0.20035092692589412,0,1
2479,NY5110526,0,0.20084587942588383,0,1
2480,NY5110526,0,0.20035092692589412,0,1
2481,NY5110526,0,0.20035092692589412,0,1
2482,NY5110526,0,0.20035092692589412,0,1
2483,NY5110526,0,0.20035092692589412,0,1
2484,NY5110526,0,0.20035092692589412,0,1
2485,NY5110526,0,0.20035092692589412,0,1
2486,NY5110526,1,0.20035092692589412,0,1
2487,NY5110526,0,0.20035092692589412,0,1
2488,NY5110526,0,0.20084587942588383,0,1
2489,NY5110526,0,0.20035092692589412,0,1
2490,NY5110526,0,0.20035092692589412,0,1
2491,NY5110526,0,0.20035092692589412,0,1
2492,NY5110526,0,0.20035092692589412,0,1
2493,NY5110526,0,0.20035092692589412,0,1
2494,NY5110526,0,0.20035092692589412,0,1
2495,NY5110526,0,0.20035092692589412,0,1
2496,NY5110526,0,0.20035092692589412,0,1
2497,NY5110526,0,0.20084587942588383,0,1
2498,NY5110526,0,0.20035092692589412,0,1
2499,NY5110526,1,0.20035092692589412,0,1
2500,NY5110526,0,0.20035092692589412,0,1
2501,NY5110526,0,0.20035092692589412,0,1
2502,NY5110526,1,0.20035092692589412,0,1
2503,NY5110526,1,0.20084587942588383,0,1
2504,NY5110526,0,0.20035092692589412,0,1
2505,NY5110526,0,0.20084587942588383,0,1
2506,NY5110526,0,0.20035092692589412,0,1
2507,NY5110526,1,0.20035092692589412,0,1
2508,NY5110526,0,0.20035092692589412,0,1
2509,NY5110526,1,0.20035092692589412,0,1
2510,NY5110526,0,0.20084587942588383,0,1
2511,NY5110526,0,0.20035092692589412,0,1
2512,NY5110526,0,0.20035092692589412,0,1
2513,NY5110526,1,0.20084587942588383,0,1
2514,NY5110526,1,0.20035092692589412,0,1
2515,NY5110526,1,0.20035092692589412,0,1
2516,NY5110526,0,0.20035092692589412,0,1
2517,NY5110526,0,0.20035092692589412,0,1
2518,NY5110526,1,0.20084587942588383,0,1
2519,NY5110526,0,0.20084587942588383,0,1
2520,NY5110526,0,0.20035092692589412,0,1
2521,NY5110526,0,0.20035092692589412,0,1
2522,NY5110526,1,0.24469710175662107,0,1
2523,NY5110526,0,0.20035092692589412,0,1
2524,NY5110526,0,0.20035092692589412,0,1
2525,NY5110526,0,0.20035092692589412,0,1
2526,NY5110526,0,0.20084587942588383,0,1
2527,NY5110526,0,0.20035092692589412,0,1
2528,NY5110526,0,0.20084587942588383,0,1
2529,NY5110526,0,0.20084587942588383,0,1
2530,NY5110526,0,0.20084587942588383,0,1
2531,NY5110526,1,0.20035092692589412,0,1
2532,NY5110526,0,0.20084587942588383,0,1
2533,NY5110526,0,0.20035092692589412,0,1
2534,NY5110526,0,0.20035092692589412,0,1
2535,NY5110526,1,0.20035092692589412,0,1
2536,NY5110526,0,0.20035092692589412,0,1
2537,NY5110526,0,0.20035092692589412,0,1
2538,NY5110526,1,0.20035092692589412,0,1
2539,NY5110526,1,0.20035092692589412,0,1
2540,NY5110526,1,0.20084587942588383,0,1
2541,NY5110526,0,0.20035092692589412,0,1
2542,NY5110526,0,0.20084587942588383,0,1
2543,NY5110526,0,0.20035092692589412,0,1
2544,NY5110526,0,0.20084587942588383,0,1
2545,NY5110526,1,0.20035092692589412,0,1
2546,NY5110526,0,0.20084587942588383,0,1
2547,NY5110526,0,0.20035092692589412,0,1
2548,NY5110526,0,0.20035092692589412,0,1
2549,NY5110526,0,0.20035092692589412,0,1
2550,NY5110526,0,0.20035092692589412,0,1
2551,NY5110526,0,0.20035092692589412,0,1
2552,NY5110526,0,0.20035092692589412,0,1
2553,NY5110526,0,0.20084587942588383,0,1
2554,NY5110526,1,0.20035092692589412,0,1
2555,NY5110526,1,0.20035092692589412,0,1
2556,NY5110526,0,0.20084587942588383,0,1
2557,NY5110526,0,0.20084587942588383,0,1
2558,NY5110526,0,0.20035092692589412,0,1
2559,NY5110526,1,0.20035092692589412,0,1
2560,NY5110526,0,0.20035092692589412,0,1
2561,NY5110526,0,0.20035092692589412,0,1
2562,NY5110526,0,0.20035092692589412,0,1
2563,NY5110526,0,0.20035092692589412,0,1
2564,NY5110526,0,0.20035092692589412,0,1
2565,NY5110526,1,0.20035092692589412,0,1
2566,NY5110526,0,0.20035092692589412,0,1
2567,NY5110526,0,0.20035092692589412,0,1
2568,NY5110526,0,0.20035092692589412,0,1
2569,NY5110526,0,0.20035092692589412,0,1
2570,NY5110526,0,0.20035092692589412,0,1
2571,NY5110526,1,0.20035092692589412,0,1
2572,NY5110526,0,0.20084587942588383,0,1
2573,NY5110526,0,0.20035092692589412,0,1
2574,NY5110526,0,0.20035092692589412,0,1
2575,NY5110526,1,0.20035092692589412,0,1
2576,NY5110526,0,0.20084587942588383,0,1
2577,NY5110526,0,0.20035092692589412,0,1
2578,NY5110526,0,0.20084587942588383,0,1
2579,NY5110526,0,0.20035092692589412,0,1
2580,NY5110526,0,0.20035092692589412,0,1
2581,NY5110526,0,0.20035092692589412,0,1
2582,NY5110526,0,0.20084587942588383,0,1
2583,NY5110526,0,0.20035092692589412,0,1
2584,NY5110526,1,0.20084587942588383,0,1
2585,NY5110526,0,0.20035092692589412,0,1
2586,NY5110526,0,0.20035092692589412,0,1
2587,NY5110526,1,0.20035092692589412,0,1
2588,NY5110526,0,0.20084587942588383,0,1
2589,NY5110526,0,0.20035092692589412,0,1
2590,NY5110526,0,0.20035092692589412,0,1
2591,NY5110526,1,0.20035092692589412,0,1
2592,NY5110526,1,0.20035092692589412,0,1
2593,NY5110526,0,0.20084587942588383,0,1
2594,NY5110526,0,0.20035092692589412,0,1
2595,NY5110526,0,0.20035092692589412,0,1
2596,NY5110526,1,0.20035092692589412,0,1
2597,NY5110526,0,0.20035092692589412,0,1
2598,NY5110526,0,0.20035092692589412,0,1
2599,NY5110526,0,0.20035092692589412,0,1
2600,NY5110526,0,0.20035092692589412,0,1
2601,NY5110526,0,0.20035092692589412,0,1
2602,NY5110526,0,0.20035092692589412,0,1
2603,NY5110526,0,0.20035092692589412,0,1
2604,NY5110526,1,0.20035092692589412,0,1
2605,NY5110526,0,0.20035092692589412,0,1
2606,NY5110526,0,0.20035092692589412,0,1
2607,NY5110526,0,0.20035092692589412,0,1
2608,NY5110526,0,0.20035092692589412,0,1
2609,NY5110526,0,0.20035092692589412,0,1
2610,NY5110526,0,0.20035092692589412,0,1
2611,NY5110526,1,0.20035092692589412,0,1
2612,NY5110526,1,0.20084587942588383,0,1
2613,NY5110526,0,0.20035092692589412,0,1
2614,NY5110526,1,0.20035092692589412,0,1
2615,NY5110526,1,0.20084587942588383,0,1
2616,NY5110526,0,0.20035092692589412,0,1
2617,NY5110526,0,0.20035092692589412,0,1
2618,NY5111891,0,0.43145198158662207,0,3
2619,NY5111891,1,0.43145198158662207,0,3
2620,NY5111891,0,0.43145198158662207,0,3
2621,NY5111891,0,0.3883863939571803,0,3
2622,NY5203324,0,0.3873003092231521,0,2
2623,NY5203324,1,0.3873003092231521,0,2
2624,NY5203324,0,0.3873003092231521,0,2
2625,NY5203324,0,0.3873003092231521,0,2
2626,NY5203324,0,0.3873003092231521,0,2
2627,NY5203324,0,0.3873003092231521,0,2
2628,NY5203329,0,0.11632861558379393,0,1
2629,NY5203329,1,0.11418504582308787,0,1
2630,NY5203329,0,0.11632861558379393,0,1
2631,NY5203330,0,0.11585780302889387,0,3
2632,NY5203337,1,0.27858346067816697,0,5
2633,NY5203337,0,0.3553038066047928,0,5
2634,NY5203348,0,0.18559238745657736,0,5
2635,NY5203348,0,0.184046837057516,0,5
2636,NY5203348,0,0.18559238745657736,0,5
2637,NY5203353,0,0.1544790271098396,0,2
2638,NY5304409,0,0.33669736858915705,0,5
2639,NY5304409,0,0.33669736858915705,0,5
2640,NY5304410,1,0.19026083787645348,0,5
2641,NY5304410,1,0.19026083787645348,0,5
2642,NY5304410,0,0.19026083787645348,0,5
2643,NY5304410,1,0.19026083787645348,0,5
2644,NY5330037,0,0.13453862782221743,0,5
2645,NY5404416,0,0.24961172364115192,0,4
2646,NY5404419,1,0.3132235348048556,0,1
2647,NY5417686,0,0.225340482958031,0,2
2648,NY5503367,0,0.08249607473989112,0,2
2649,NY5503368,0,0.15723497443571618,0,3
2650,NY5503374,1,0.1919631178818044,0,5
2651,NY5503379,0,0.36940758514167804,0,3
2652,NY5503382,0,0.08772444755613695,0,1
2653,NY5503386,0,0.1069991961964218,0,2
2654,NY5503390,0,0.15861312216011306,0,4
2655,NY5503392,0,0.11719035114645338,0,3
2656,NY5510590,0,0.38149819074739616,0,3
2657,NY5600104,1,0.3173267130838882,0,3
2658,NY5600114,0,0.4081860486446002,0,5
2659,NY5700119,1,0.14054601066894715,0,4
2660,NY5700123,0,0.08824605673964257,0,4
2661,NY5704191,0,0.2517296692501527,0,5
2662,NY5722361,0,0.06153429574091412,0,3
2663,NY5801231,0,0.1239382675155906,0,4
2664,NY5801232,0,0.2790614295722837,0,4
2665,NY5801233,0,0.1901851458475397,0,4
2666,NY5801235,0,0.2248358750052214,0,3
2667,NY5801247,1,0.08469551040326978,0,3
2668,NY5801257,0,0.1786437165549722,0,2
2669,NY5801257,0,0.1786437165549722,0,2
2670,NY5801257,0,0.1786437165549722,0,2
2671,NY5801258,0,0.29672995115053524,0,3
2672,NY5821130,0,0.08172310909214693,0,3
2673,NY5903150,1,0.39530170860089914,0,2
2674,NY5903419,1,0.2537849078721535,0,4
2675,NY5903420,0,0.335491490135996,0,2
2676,NY5903423,0,0.4514120630222602,0,5
2677,NY5903425,0,0.4252775786495916,0,1
2678,NY5903427,0,0.3929387582509941,0,3
2679,NY5903429,0,0.29371420039986024,0,4
2680,NY5903432,0,0.5730583801367074,1,2
2681,NY5903433,0,0.390192456838951,0,3
2682,NY5903435,0,0.34592963838184604,0,4
2683,NY5903435,0,0.3841553156059608,0,4
2684,NY5903437,0,0.6057200349880809,1,1
2685,NY5903437,1,0.43784499434026236,0,1
2686,NY5903441,0,0.3942059214389179,0,4
2687,NY5903441,0,0.3942059214389179,0,4
2688,NY5903442,0,0.507341769437235,1,1
2689,NY5903444,0,0.6472261262731365,1,3
2690,NY5903450,0,0.4195415236286625,0,5
2691,NY5903451,1,0.47471005928715304,0,1
2692,NY5903452,0,0.663450806403402,1,3
2693,NY5903455,0,0.6054213470477626,1,1
2694,NY5903456,0,0.5403831642355424,1,2
2695,NY5903456,1,0.5403831642355424,1,2
2696,NY5903457,0,0.3606914826302837,0,3
2697,NY5903457,0,0.3606914826302837,0,3
2698,NY5903461,0,0.5689937230072427,1,2
2699,NY5903464,0,0.2509979068965751,0,2
2700,NY5903464,0,0.2509979068965751,0,2
2701,NY5903465,0,0.21919957850985322,0,3
2702,NY5903465,0,0.21919957850985322,0,3
2703,NY5903469,0,0.3367485167137702,0,4
2704,NY5903469,1,0.3367485167137702,0,4
2705,NY5903482,0,0.4032391468432177,0,5
2706,NY5906659,1,0.31374658529811483,0,3
2707,NY5917221,1,0.8167437725206977,1,5
2708,NY5930082,0,0.36799537087671597,0,5
2709,NY6000613,0,0.18252378325895477,0,1
2710,NY6000618,0,0.2147022789935091,0,5
2711,NY6101263,1,0.1490300012100661,0,2
2712,NY7003493,0,0.43844009955664714,0,2
2713,NY7003493,0,0.49504093744333705,0,2
2714,NY7003493,0,0.49504093744333705,0,2
2715,NY7003493,0,0.4931773554652229,0,2
2716,PA1090001,1,0.9092521895547114,1,1
2717,PA1090005,1,0.9165587290946734,1,1
2718,PA1090005,1,0.9203523719915393,1,1
2719,PA1090005,1,0.9203523719915393,1,1
2720,PA1090022,1,0.7643876318262048,1,4
2721,PA1090026,0,0.6515417384545268,1,3
2722,PA1090037,0,0.6278697121916417,1,3
2723,PA1090043,1,0.8818203808518349,1,1
2724,PA1090043,1,0.8818203808518349,1,1
2725,PA1090043,0,0.7793041431725456,1,1
2726,PA1090043,1,0.7793041431725456,1,1
2727,PA1090046,1,0.894312074303238,1,3
2728,PA1090046,1,0.894312074303238,1,3
2729,PA1090046,0,0.894312074303238,1,3
2730,PA1090046,1,0.894312074303238,1,3
2731,PA1090063,1,0.8574501625961019,1,5
2732,PA1090063,1,0.8574501625961019,1,5
2733,PA1090063,1,0.7733179587680481,1,5
2734,PA1090069,1,0.7846208088776379,1,3
2735,PA1090069,1,0.7846208088776379,1,3
2736,PA1090069,0,0.7453405100584749,1,3
2737,PA1090070,0,0.8940781654957056,1,4
2738,PA1090070,0,0.8940781654957056,1,4
2739,PA1090070,0,0.8940781654957056,1,4
2740,PA1090070,0,0.8940781654957056,1,4
2741,PA1090070,0,0.8940781654957056,1,4
2742,PA1090070,0,0.8940781654957056,1,4
2743,PA1090070,0,0.8038645665561223,1,4
2744,PA1090070,0,0.8038645665561223,1,4
2745,PA1090070,0,0.8038645665561223,1,4
2746,PA1090070,1,0.8038645665561223,1,4
2747,PA1090070,0,0.8038645665561223,1,4
2748,PA1090070,0,0.8038645665561223,1,4
2749,PA1090070,0,0.8038645665561223,1,4
2750,PA1090074,0,0.4966044994841596,0,1
2751,PA1090074,1,0.7072434271785311,1,1
2752,PA1090074,1,0.7072434271785311,1,1
2753,PA1090078,1,0.9181882617068197,1,4
2754,PA1090078,1,0.9181882617068197,1,4
2755,PA1090079,1,0.6752794499841814,1,4
2756,PA1090079,0,0.6752794499841814,1,4
2757,PA1090079,1,0.6752794499841814,1,4
2758,PA1090079,1,0.6874609933142787,1,4
2759,PA1090081,1,0.8373295531138466,1,4
2760,PA1090081,1,0.8373295531138466,1,4
2761,PA1090081,1,0.8373295531138466,1,4
2762,PA1090081,1,0.8373295531138466,1,4
2763,PA1090081,1,0.8373295531138466,1,4
2764,PA1090082,1,0.7553458113713504,1,3
2765,PA1090082,0,0.7553458113713504,1,3
2766,PA1090082,1,0.7553458113713504,1,3
2767,PA1090082,1,0.7553458113713504,1,3
2768,PA1090082,1,0.7553458113713504,1,3
2769,PA1090082,1,0.7553458113713504,1,3
2770,PA1090082,1,0.7553458113713504,1,3
2771,PA1090082,0,0.7553458113713504,1,3
2772,PA1090089,1,0.8715528823971439,1,2
2773,PA1090089,1,0.8715528823971439,1,2
2774,PA1090089,1,0.8715528823971439,1,2
2775,PA1090089,1,0.8715528823971439,1,2
2776,PA1090089,1,0.8715528823971439,1,2
2777,PA1090089,1,0.8715528823971439,1,2
2778,PA1090089,1,0.8715528823971439,1,2
2779,PA1090089,1,0.8715528823971439,1,2
2780,PA1090089,0,0.8715528823971439,1,2
2781,PA1090089,1,0.8715528823971439,1,2
2782,PA1090089,0,0.8715528823971439,1,2
2783,PA1090089,1,0.8715528823971439,1,2
2784,PA1090089,1,0.8715528823971439,1,2
2785,PA1090089,1,0.8715528823971439,1,2
2786,PA1090089,1,0.8715528823971439,1,2
2787,PA1090089,0,0.8128780087763838,1,2
2788,PA1090117,1,0.8287338448856433,1,2
2789,PA1090117,0,0.8287338448856433,1,2
2790,PA1090117,0,0.8287338448856433,1,2
2791,PA1090117,0,0.7102802776096894,1,2
2792,PA1090125,0,0.7120245626829648,1,3
2793,PA1090125,0,0.7120245626829648,1,3
2794,PA1090125,1,0.7120245626829648,1,3
2795,PA1090127,1,0.7010531211164973,1,5
2796,PA1090127,0,0.7010531211164973,1,5
2797,PA1090128,1,0.7757772817301709,1,4
2798,PA1090128,1,0.7757772817301709,1,4
2799,PA1090128,1,0.7757772817301709,1,4
2800,PA1090128,1,0.7757772817301709,1,4
2801,PA1090128,1,0.7757772817301709,1,4
2802,PA1090128,1,0.7757772817301709,1,4
2803,PA1090128,1,0.7757772817301709,1,4
2804,PA1090128,0,0.6522887711469467,1,4
2805,PA1090131,1,0.7287180039930967,1,3
2806,PA1090131,1,0.7287180039930967,1,3
2807,PA1090131,1,0.7287180039930967,1,3
2808,PA1090137,1,0.46559325714059757,0,2
2809,PA1090137,1,0.46148548263954353,0,2
2810,PA1090144,1,0.6118187680006051,1,1
2811,PA1090144,1,0.6118187680006051,1,1
2812,PA1090144,1,0.6118187680006051,1,1
2813,PA1090144,0,0.6118187680006051,1,1
2814,PA1090329,1,0.7691332976421883,1,5
2815,PA1090962,1,0.6233923145023105,1,5
2816,PA1150026,1,0.7081252314196569,1,2
2817,PA1150035,0,0.8777414389594494,1,5
2818,PA1150035,1,0.8777414389594494,1,5
2819,PA1150035,1,0.8777414389594494,1,5
2820,PA1150035,1,0.8777414389594494,1,5
2821,PA1150035,1,0.8777414389594494,1,5
2822,PA1150035,1,0.8777414389594494,1,5
2823,PA1150035,1,0.8913572208646778,1,5
2824,PA1150066,1,0.8345040955185208,1,3
2825,PA1150066,1,0.8479656432088513,1,3
2826,PA1150077,1,0.8149683026568701,1,5
2827,PA1150089,1,0.859613612999816,1,3
2828,PA1150089,1,0.859613612999816,1,3
2829,PA1150089,1,0.859613612999816,1,3
2830,PA1150089,1,0.8380950590341322,1,3
2831,PA1150098,1,0.905827219287091,1,3
2832,PA1150098,1,0.8844702847612205,1,3
2833,PA1150106,1,0.6320929661439605,1,5
2834,PA1150108,1,0.8435560668263397,1,4
2835,PA1150108,0,0.8481428286061005,1,4
2836,PA1150108,1,0.8481428286061005,1,4
2837,PA1150137,1,0.8861848078602061,1,5
2838,PA1150137,1,0.8861848078602061,1,5
2839,PA1150137,1,0.8861848078602061,1,5
2840,PA1150137,1,0.8861848078602061,1,5
2841,PA1150137,1,0.8861848078602061,1,5
2842,PA1150137,1,0.8988135356431365,1,5
2843,PA1150137,0,0.8861848078602061,1,5
2844,PA1150165,1,0.8493343801769017,1,1
2845,PA1150165,0,0.9119787833952179,1,1
2846,PA1150166,1,0.6857756054990005,1,1
2847,PA1150166,1,0.7769173560402943,1,1
2848,PA1150166,1,0.7769173560402943,1,1
2849,PA1150166,0,0.7769173560402943,1,1
2850,PA1150166,0,0.7769173560402943,1,1
2851,PA1230004,1,0.7001935337804243,1,4
2852,PA1230012,1,0.4399308422539053,0,5
2853,PA1230012,1,0.4399308422539053,0,5
2854,PA1230012,1,0.4399308422539053,0,5
2855,PA1230012,1,0.4399308422539053,0,5
2856,PA1460020,1,0.6339428257342863,1,3
2857,PA1460020,1,0.6339428257342863,1,3
2858,PA1460020,1,0.6339428257342863,1,3
2859,PA1460020,1,0.6339428257342863,1,3
2860,PA1460020,1,0.6339428257342863,1,3
2861,PA1460020,1,0.6339428257342863,1,3
2862,PA1460020,1,0.6339428257342863,1,3
2863,PA1460020,1,0.6042396489768798,1,3
2864,PA1460020,1,0.6339428257342863,1,3
2865,PA1460022,1,0.7988827565376175,1,5
2866,PA1460022,1,0.7988827565376175,1,5
2867,PA1460022,1,0.7988827565376175,1,5
2868,PA1460022,1,0.7988827565376175,1,5
2869,PA1460022,1,0.7988827565376175,1,5
2870,PA1460022,1,0.7988827565376175,1,5
2871,PA1460022,1,0.7988827565376175,1,5
2872,PA1460028,1,0.9305294064972179,1,1
2873,PA1460028,1,0.9271821470740558,1,1
2874,PA1460028,1,0.91473846741971,1,1
2875,PA1460033,1,0.8240696284992944,1,5
2876,PA1460033,1,0.8240696284992944,1,5
2877,PA1460033,1,0.8056963414112954,1,5
2878,PA1460033,1,0.8056963414112954,1,5
2879,PA1460033,0,0.8240696284992944,1,5
2880,PA1460033,1,0.8240696284992944,1,5
2881,PA1460033,1,0.8240696284992944,1,5
2882,PA1460033,1,0.8056963414112954,1,5
2883,PA1460033,0,0.8240696284992944,1,5
2884,PA1460033,1,0.6679382635975378,1,5
2885,PA1460033,0,0.6679382635975378,1,5
2886,PA1460034,1,0.6412491789404317,1,2
2887,PA1460034,1,0.6412491789404317,1,2
2888,PA1460034,1,0.6412491789404317,1,2
2889,PA1460034,0,0.6412491789404317,1,2
2890,PA1460034,0,0.511068176888603,1,2
2891,PA1460037,1,0.573892686740879,1,1
2892,PA1460042,1,0.8507939547249614,1,2
2893,PA1460042,1,0.9104641402704547,1,2
2894,PA1460042,1,0.9104641402704547,1,2
2895,PA1460042,0,0.8507939547249614,1,2
2896,PA1460046,1,0.7623502733310243,1,5
2897,PA1460048,1,0.8866649498473093,1,3
2898,PA1460048,1,0.8866649498473093,1,3
2899,PA1460048,1,0.8866649498473093,1,3
2900,PA1460048,1,0.8866649498473093,1,3
2901,PA1460048,1,0.8866649498473093,1,3
2902,PA1460048,1,0.8866649498473093,1,3
2903,PA1460048,0,0.8239977891888618,1,3
2904,PA1460050,1,0.8173975720461982,1,1
2905,PA1460050,1,0.8173975720461982,1,1
2906,PA1460050,1,0.8173975720461982,1,1
2907,PA1460050,1,0.8586518867018438,1,1
2908,PA1460050,1,0.8173975720461982,1,1
2909,PA1460050,1,0.7122860466825146,1,1
2910,PA1460050,0,0.7122860466825146,1,1
2911,PA1460055,1,0.8485287103456763,1,3
2912,PA1460055,1,0.852696087090852,1,3
2913,PA1460055,1,0.8485287103456763,1,3
2914,PA1460055,1,0.8485287103456763,1,3
2915,PA1460055,1,0.852696087090852,1,3
2916,PA1460055,1,0.852696087090852,1,3
2917,PA1460055,0,0.852696087090852,1,3
2918,PA1460055,1,0.8485287103456763,1,3
2919,PA1460069,1,0.7413016211466833,1,5
2920,PA1460069,1,0.7413016211466833,1,5
2921,PA1460069,1,0.7413016211466833,1,5
2922,PA1460069,1,0.7413016211466833,1,5
2923,PA1460069,1,0.7413016211466833,1,5
2924,PA1460073,1,0.8518191537621387,1,4
2925,PA1460073,1,0.8513926238250408,1,4
2926,PA1460073,1,0.8540607139684112,1,4
2927,PA1460073,1,0.8359650832851512,1,4
2928,PA1460073,0,0.8540607139684112,1,4
2929,PA1460073,1,0.8614521225798073,1,4
2930,PA1460073,1,0.8834233611699278,1,4
2931,PA1460073,1,0.8540607139684112,1,4
2932,PA1460073,1,0.8797463932737861,1,4
2933,PA1460073,1,0.8797463932737861,1,4
2934,PA1460073,1,0.8797463932737861,1,4
2935,PA1460073,1,0.8540607139684112,1,4
2936,PA1460073,1,0.8540607139684112,1,4
2937,PA1460073,1,0.8540607139684112,1,4
2938,PA1460073,1,0.8540607139684112,1,4
2939,PA1460073,1,0.8540607139684112,1,4
2940,PA1460073,1,0.8797463932737861,1,4
2941,PA1460073,0,0.8540607139684112,1,4
2942,PA1460073,1,0.8797463932737861,1,4
2943,PA1460085,0,0.9307897632822256,1,1
2944,PA1460085,1,0.9307897632822256,1,1
2945,PA1460085,1,0.9307897632822256,1,1
2946,PA1460085,1,0.9307897632822256,1,1
2947,PA1460085,1,0.9307897632822256,1,1
2948,PA1460085,0,0.9307897632822256,1,1
2949,PA1460085,0,0.9307897632822256,1,1
2950,PA1460085,1,0.8843206592751123,1,1
2951,PA1460492,1,0.8928057549452276,1,1
2952,PA1461065,1,0.40515955447928664,0,1
2953,PA1510001,1,0.7948682158135015,1,5
2954,PA1510001,1,0.7948682158135015,1,5
2955,PA1510001,1,0.7948682158135015,1,5
2956,PA2080028,0,0.38581687246368,0,2
2957,PA2080029,0,0.1523267759221806,0,1
2958,PA2080029,0,0.1523267759221806,0,1
2959,PA2350833,0,0.21373192913636263,0,1
2960,PA2350833,1,0.21373192913636263,0,1
2961,PA2359001,0,0.19987002933387574,0,4
2962,PA2359008,0,0.20044524210037462,0,2
2963,PA2359008,1,0.5103319683677284,1,2
2964,PA2359008,1,0.5103319683677284,1,2
2965,PA2359008,0,0.5103319683677284,1,2
2966,PA2359008,0,0.5103319683677284,1,2
2967,PA2359008,0,0.5103319683677284,1,2
2968,PA2359008,0,0.5103319683677284,1,2
2969,PA2359008,0,0.5103319683677284,1,2
2970,PA2400054,1,0.27457123273628303,0,4
2971,PA2400054,0,0.26686234178753576,0,4
2972,PA2400054,1,0.27457123273628303,0,4
2973,PA2400054,0,0.27457123273628303,0,4
2974,PA2400054,0,0.27457123273628303,0,4
2975,PA2400076,1,0.7216548329973246,1,1
2976,PA2400076,1,0.7216548329973246,1,1
2977,PA2400076,1,0.7216548329973246,1,1
2978,PA2400076,1,0.7216548329973246,1,1
2979,PA2400076,0,0.7216548329973246,1,1
2980,PA2400076,0,0.7216548329973246,1,1
2981,PA2400076,0,0.7216548329973246,1,1
2982,PA2400115,1,0.16567578371958533,0,2
2983,PA2400370,1,0.30909106383963286,0,4
2984,PA2400806,0,0.37685108097569414,0,2
2985,PA2400806,1,0.37685108097569414,0,2
2986,PA2400806,0,0.37685108097569414,0,2
2987,PA2400806,0,0.3311030845700268,0,2
2988,PA2408001,0,0.20435151265150667,0,3
2989,PA2409002,0,0.2739461453383241,0,3
2990,PA2409003,1,0.144545213400566,0,1
2991,PA2409010,0,0.248834991823805,0,5
2992,PA2409011,0,0.43743869744732206,0,2
2993,PA2409013,0,0.3374519606448157,0,2
2994,PA2450020,0,0.4753638746058092,0,4
2995,PA2450020,0,0.4753638746058092,0,4
2996,PA2450023,0,0.43007665152270774,0,3
2997,PA2450023,0,0.43932888438545925,0,3
2998,PA2450023,0,0.43932888438545925,0,3
2999,PA2450023,0,0.43932888438545925,0,3
3000,PA2450023,0,0.43932888438545925,0,3
3001,PA2450034,0,0.3299240965729884,0,4
3002,PA2450034,0,0.31570866816242876,0,4
3003,PA2450034,0,0.31570866816242876,0,4
3004,PA2450034,0,0.3299240965729884,0,4
3005,PA2450053,0,0.40625570283936296,0,2
3006,PA2450063,0,0.708009122686642,1,4
3007,PA2450063,0,0.708009122686642,1,4
3008,PA2450063,0,0.708009122686642,1,4
3009,PA2450063,1,0.708009122686642,1,4
3010,PA2450063,0,0.708009122686642,1,4
3011,PA2450063,0,0.708009122686642,1,4
3012,PA2450063,0,0.708009122686642,1,4
3013,PA2450063,1,0.708009122686642,1,4
3014,PA2450063,0,0.708009122686642,1,4
3015,PA2450063,1,0.708009122686642,1,4
3016,PA2450065,0,0.5879314266042959,1,2
3017,PA2450065,0,0.5879314266042959,1,2
3018,PA2450065,0,0.5879314266042959,1,2
3019,PA2450065,0,0.5879314266042959,1,2
3020,PA2450065,0,0.5879314266042959,1,2
3021,PA2450065,0,0.5879314266042959,1,2
3022,PA2450065,0,0.5879314266042959,1,2
3023,PA2450542,1,0.22857193048337832,0,5
3024,PA2450677,0,0.21987388689383797,0,3
3025,PA2520033,0,0.5777876214638414,1,4
3026,PA2520033,0,0.5777876214638414,1,4
3027,PA2520033,0,0.5777876214638414,1,4
3028,PA2520033,0,0.5777876214638414,1,4
3029,PA2520033,0,0.5777876214638414,1,4
3030,PA2520037,1,0.23844030175049766,0,5
3031,PA2520037,0,0.23844030175049766,0,5
3032,PA2520037,0,0.23844030175049766,0,5
3033,PA2520037,0,0.23844030175049766,0,5
3034,PA2520037,0,0.23844030175049766,0,5
3035,PA2520037,0,0.23844030175049766,0,5
3036,PA2520062,0,0.3111511891287138,0,3
3037,PA2520062,0,0.3111511891287138,0,3
3038,PA2520062,0,0.3111511891287138,0,3
3039,PA2520062,0,0.3111511891287138,0,3
3040,PA2520941,0,0.09802929875032115,0,4
3041,PA2520941,0,0.09802929875032115,0,4
3042,PA2520941,0,0.09802929875032115,0,4
3043,PA2520941,0,0.09802929875032115,0,4
3044,PA2580024,0,0.17360550785547602,0,1
3045,PA2580024,0,0.12645138918019927,0,1
3046,PA2590038,0,0.15208507626372939,0,3
3047,PA2590042,0,0.12494267764071731,0,2
3048,PA2640018,0,0.33076153919432194,0,3
3049,PA2640018,0,0.33076153919432194,0,3
3050,PA2640018,0,0.33076153919432194,0,3
3051,PA2640018,0,0.33076153919432194,0,3
3052,PA2640025,0,0.4967866490681552,0,5
3053,PA2640025,0,0.4967866490681552,0,5
3054,PA2640025,0,0.4967866490681552,0,5
3055,PA2640025,0,0.4967866490681552,0,5
3056,PA2640025,0,0.4967866490681552,0,5
3057,PA2660010,0,0.18981553342021312,0,1
3058,PA2660014,1,0.16377400540693804,0,4
3059,PA2660014,0,0.16377400540693804,0,4
3060,PA2660014,0,0.16377400540693804,0,4
3061,PA2660014,0,0.16377400540693804,0,4
3062,PA3060010,0,0.48982702446234416,0,1
3063,PA3060012,0,0.23547498477549353,0,4
3064,PA3060012,0,0.23547498477549353,0,4
3065,PA3060012,1,0.23547498477549353,0,4
3066,PA3060018,1,0.9204938787200385,1,1
3067,PA3060018,0,0.9204938787200385,1,1
3068,PA3060018,0,0.9204938787200385,1,1
3069,PA3060029,0,0.5931838237780012,1,2
3070,PA3060029,0,0.5931838237780012,1,2
3071,PA3060029,0,0.5931838237780012,1,2
3072,PA3060035,0,0.5643325604622162,1,4
3073,PA3060035,0,0.5643325604622162,1,4
3074,PA3060038,0,0.8072567574506501,1,4
3075,PA3060038,0,0.8072567574506501,1,4
3076,PA3060038,1,0.8072567574506501,1,4
3077,PA3060038,1,0.8072567574506501,1,4
3078,PA3060038,0,0.8072567574506501,1,4
3079,PA3060038,1,0.8072567574506501,1,4
3080,PA3060038,0,0.8072567574506501,1,4
3081,PA3060038,1,0.8072567574506501,1,4
3082,PA3060041,0,0.5599210657998737,1,1
3083,PA3060052,1,0.45967069868546084,0,2
3084,PA3060052,0,0.45967069868546084,0,2
3085,PA3060052,1,0.45967069868546084,0,2
3086,PA3060059,1,0.5654645369267185,1,3
3087,PA3060067,1,0.7386070592310519,1,5
3088,PA3060067,1,0.7386070592310519,1,5
3089,PA3060067,1,0.7386070592310519,1,5
3090,PA3060067,1,0.7386070592310519,1,5
3091,PA3060069,0,0.7625323927334949,1,5
3092,PA3060069,0,0.7625323927334949,1,5
3093,PA3060069,1,0.7625323927334949,1,5
3094,PA3060069,1,0.7625323927334949,1,5
3095,PA3060069,1,0.7625323927334949,1,5
3096,PA3060069,1,0.7625323927334949,1,5
3097,PA3060069,0,0.7625323927334949,1,5
3098,PA3060076,0,0.7240524664398003,1,5
3099,PA3060076,1,0.7240524664398003,1,5
3100,PA3060076,0,0.65139435083009,1,5
3101,PA3060076,1,0.7619528156234688,1,5
3102,PA3060076,0,0.65139435083009,1,5
3103,PA3060076,0,0.65139435083009,1,5
3104,PA3060076,0,0.65139435083009,1,5
3105,PA3060078,1,0.6522194036348109,1,2
3106,PA3060080,0,0.41882091080749206,0,2
3107,PA3060080,0,0.41882091080749206,0,2
3108,PA3060080,0,0.41882091080749206,0,2
3109,PA3060081,0,0.2572409141707444,0,3
3110,PA3060082,0,0.7691853918262362,1,3
3111,PA3060082,1,0.7691853918262362,1,3
3112,PA3060083,1,0.8125198950757415,1,4
3113,PA3060088,0,0.41382303676814935,0,4
3114,PA3060088,1,0.41382303676814935,0,4
3115,PA3060088,1,0.41382303676814935,0,4
3116,PA3060088,1,0.41382303676814935,0,4
3117,PA3060088,1,0.621547721021606,1,4
3118,PA3060088,0,0.41382303676814935,0,4
3119,PA3060088,0,0.4168052987398395,0,4
3120,PA3060088,1,0.41382303676814935,0,4
3121,PA3060088,1,0.41382303676814935,0,4
3122,PA3060088,1,0.41382303676814935,0,4
3123,PA3060088,1,0.41382303676814935,0,4
3124,PA3060088,0,0.41382303676814935,0,4
3125,PA3060094,0,0.6651159962571319,1,4
3126,PA3060681,0,0.38083980040206217,0,5
3127,PA3060681,0,0.37025828604117766,0,5
3128,PA3060681,0,0.38083980040206217,0,5
3129,PA3061067,1,0.4888683971932883,0,4
3130,PA3130004,0,0.29825498732773126,0,1
3131,PA3130009,0,0.1474334692286663,0,4
3132,PA3130012,1,0.15726626513718628,0,5
3133,PA3130012,0,0.15726626513718628,0,5
3134,PA3130308,0,0.3079807890353648,0,2
3135,PA3390024,1,0.579704223658344,1,1
3136,PA3390024,1,0.579704223658344,1,1
3137,PA3390032,1,0.8404705638620179,1,4
3138,PA3390032,1,0.8404705638620179,1,4
3139,PA3390032,1,0.8404705638620179,1,4
3140,PA3390032,1,0.8404705638620179,1,4
3141,PA3390039,0,0.502077766970916,1,2
3142,PA3390039,0,0.5314451236671703,1,2
3143,PA3390044,1,0.7014431440657237,1,2
3144,PA3390055,1,0.5520727837410566,1,5
3145,PA3390062,1,0.5705839109099826,1,1
3146,PA3390065,1,0.7721900689027793,1,1
3147,PA3390065,0,0.7721900689027793,1,1
3148,PA3390065,1,0.7721900689027793,1,1
3149,PA3390065,1,0.7721900689027793,1,1
3150,PA3390065,1,0.7721900689027793,1,1
3151,PA3390065,0,0.7721900689027793,1,1
3152,PA3390065,1,0.7721900689027793,1,1
3153,PA3390065,1,0.5821605257951937,1,1
3154,PA3390065,1,0.5821605257951937,1,1
3155,PA3390073,0,0.7775932900098271,1,1
3156,PA3390073,1,0.7775932900098271,1,1
3157,PA3390073,0,0.7775932900098271,1,1
3158,PA3390073,1,0.7775932900098271,1,1
3159,PA3390073,1,0.7775932900098271,1,1
3160,PA3390073,1,0.7775932900098271,1,1
3161,PA3390073,1,0.7775932900098271,1,1
3162,PA3390073,0,0.7775932900098271,1,1
3163,PA3390073,0,0.7775932900098271,1,1
3164,PA3390073,1,0.7775932900098271,1,1
3165,PA3390073,0,0.7775932900098271,1,1
3166,PA3390073,0,0.7775932900098271,1,1
3167,PA3390073,0,0.7775932900098271,1,1
3168,PA3390073,1,0.6236008503089282,1,1
3169,PA3390077,0,0.595379919693605,1,5
3170,PA3390077,0,0.595379919693605,1,5
3171,PA3390077,0,0.595379919693605,1,5
3172,PA3390077,1,0.595379919693605,1,5
3173,PA3390077,0,0.595379919693605,1,5
3174,PA3390081,1,0.701756277709006,1,4
3175,PA3390081,1,0.701756277709006,1,4
3176,PA3390081,1,0.701756277709006,1,4
3177,PA3390081,1,0.701756277709006,1,4
3178,PA3390081,1,0.701756277709006,1,4
3179,PA3391032,0,0.49909831122209247,0,3
3180,PA3480015,0,0.33468964664335576,0,3
3181,PA3480027,0,0.5966619388496477,1,5
3182,PA3480038,0,0.20574232947013746,0,5
3183,PA3480038,0,0.2676195050212667,0,5
3184,PA3480046,0,0.509349663622353,1,5
3185,PA3480050,0,0.23712605566085304,0,2
3186,PA3480052,0,0.7767174330744543,1,4
3187,PA3480052,0,0.7767174330744543,1,4
3188,PA3480052,0,0.7767174330744543,1,4
3189,PA3480055,0,0.48786796161905044,0,1
3190,PA3480055,0,0.7453712041773526,1,1
3191,PA3480057,0,0.610523614593689,1,2
3192,PA3480816,1,0.2560529420601743,0,3
3193,PA3540011,0,0.4536998579575922,0,2
3194,PA3540012,0,0.2383296090512636,0,3
3195,PA3540014,0,0.20469311529921075,0,2
3196,PA3540014,0,0.20469311529921075,0,2
3197,PA3540017,0,0.18075991529533253,0,3
3198,PA3540017,0,0.18075991529533253,0,3
3199,PA3540017,0,0.18075991529533253,0,3
3200,PA3540030,1,0.2164714299088462,0,3
3201,PA3540032,1,0.5326579643291929,1,3
3202,PA3540035,0,0.21683754222824175,0,5
3203,PA3540038,0,0.38777327027731967,0,2
3204,PA3540038,0,0.3981810631225205,0,2
3205,PA3540038,0,0.38777327027731967,0,2
3206,PA3540038,0,0.510610932079395,1,2
3207,PA3540041,0,0.5019828111804087,1,5
3208,PA3540044,1,0.18273966368938893,0,5
3209,PA3540047,0,0.31230317597970364,0,3
3210,PA3540047,0,0.31230317597970364,0,3
3211,PA3540047,0,0.31230317597970364,0,3
3212,PA4050002,0,0.22094262713751722,0,2
3213,PA4050028,0,0.06745172801507965,0,2
3214,PA4050029,0,0.4951166620690711,0,4
3215,PA4070017,0,0.2999854254767995,0,5
3216,PA4070021,0,0.16899972598180846,0,1
3217,PA4110003,0,0.09740490694394704,0,5
3218,PA4110003,0,0.09740490694394704,0,5
3219,PA4110003,0,0.09546044521999443,0,5
3220,PA4110009,0,0.4696071480821835,0,3
3221,PA4110009,0,0.4696071480821835,0,3
3222,PA4110013,0,0.239918380820918,0,4
3223,PA4110013,0,0.239918380820918,0,4
3224,PA4110017,0,0.10426088265970493,0,3
3225,PA4110023,1,0.45446403500568555,0,3
3226,PA4110027,0,0.48914133252058595,0,3
3227,PA4110027,0,0.48914133252058595,0,3
3228,PA4110034,0,0.16298136186065196,0,5
3229,PA4110041,0,0.5191770743202602,1,3
3230,PA4110041,0,0.5191770743202602,1,3
3231,PA4110060,0,0.29948062859012864,0,4
3232,PA4110060,0,0.29948062859012864,0,4
3233,PA4110060,0,0.29948062859012864,0,4
3234,PA4110299,0,0.30875303358542866,0,1
3235,PA4140075,0,0.3817560044152392,0,1
3236,PA4140075,0,0.3817560044152392,0,1
3237,PA4140077,0,0.27544151095176367,0,5
3238,PA4140082,0,0.2998231877739997,0,3
3239,PA4140082,1,0.2998231877739997,0,3
3240,PA4140087,0,0.3264289579311391,0,4
3241,PA4140087,0,0.5338647138496461,1,4
3242,PA4140095,0,0.22490641103868325,0,1
3243,PA4140096,0,0.10338215846536715,0,2
3244,PA4140096,0,0.10435132381928443,0,2
3245,PA4140096,0,0.10338215846536715,0,2
3246,PA4140096,0,0.10338215846536715,0,2
3247,PA4140096,0,0.12032256293727843,0,2
3248,PA4140098,0,0.11476889517179663,0,5
3249,PA4140098,1,0.13263537304664316,0,5
3250,PA4140098,0,0.11391949220350653,0,5
3251,PA4140118,1,0.23210392445138328,0,4
3252,PA4140118,1,0.23210392445138328,0,4
3253,PA4180048,0,0.3698972662287396,0,5
3254,PA4180049,0,0.14322966306557308,0,3
3255,PA4190008,0,0.2869896395433592,0,1
3256,PA4190013,1,0.33223799041842633,0,5
3257,PA4190017,0,0.14079582035709906,0,5
3258,PA4190398,0,0.24374498661513802,0,2
3259,PA4190398,0,0.24374498661513802,0,2
3260,PA4310012,0,0.22083864908198197,0,1
3261,PA4310016,0,0.309983634763529,0,3
3262,PA4310016,0,0.309983634763529,0,3
3263,PA4310016,0,0.309983634763529,0,3
3264,PA4340008,0,0.04274474563744154,0,4
3265,PA4410156,0,0.2147289533272854,0,4
3266,PA4410156,0,0.20845139242908733,0,4
3267,PA4410166,0,0.6019521024866897,1,5
3268,PA4410173,1,0.14420140820908744,0,2
3269,PA4410175,1,0.4428744592780989,0,3
3270,PA4410175,1,0.4428744592780989,0,3
3271,PA4440010,0,0.1259107890305586,0,3
3272,PA4470007,0,0.16277864396835184,0,5
3273,PA4470012,0,0.09873073772575051,0,3
3274,PA4490007,0,0.3145844285818122,0,5
3275,PA4490023,0,0.21589144380631364,0,5
3276,PA4490023,0,0.21589144380631364,0,5
3277,PA4490024,0,0.1549641669547584,0,2
3278,PA4490024,0,0.18153783799383266,0,2
3279,PA4550005,0,0.2109534324144503,0,5
3280,PA4550005,0,0.2109534324144503,0,5
3281,PA4550005,0,0.2109534324144503,0,5
3282,PA4560013,0,0.18955117920435735,0,1
3283,PA4560020,0,0.23934429494089984,0,5
3284,PA4560024,0,0.2762561328324028,0,2
3285,PA4560024,0,0.280815256626851,0,2
3286,PA4560024,0,0.280815256626851,0,2
3287,PA4560042,0,0.2268329992968644,0,2
3288,PA4560042,0,0.23083662824558066,0,2
3289,PA4560042,0,0.1889058817489446,0,2
3290,PA4560046,0,0.12303766294534658,0,5
3291,PA4560048,0,0.16065899350239568,0,5
3292,PA4560048,1,0.16065899350239568,0,5
3293,PA4560048,0,0.16065899350239568,0,5
3294,PA4560048,1,0.16065899350239568,0,5
3295,PA4600012,0,0.07298616700572343,0,4
3296,PA5020006,0,0.25731008448306913,0,4
3297,PA5020010,1,0.45791782134667336,0,1
3298,PA5020010,1,0.24648255052750193,0,1
3299,PA5020011,1,0.4770565584137654,0,3
3300,PA5020012,0,0.38581673284311596,0,3
3301,PA5020015,0,0.6162193690198836,1,3
3302,PA5020015,0,0.6162193690198836,1,3
3303,PA5020018,0,0.5628671356856996,1,4
3304,PA5020019,0,0.3498724978829358,0,1
3305,PA5020019,0,0.16899721223358863,0,1
3306,PA5020025,0,0.30229946272675556,0,2
3307,PA5020027,0,0.14781591441474884,0,3
3308,PA5020027,1,0.14781591441474884,0,3
3309,PA5020027,0,0.14781591441474884,0,3
3310,PA5020029,0,0.29209537493177806,0,3
3311,PA5020034,0,0.5792847115332009,1,3
3312,PA5020034,1,0.5792847115332009,1,3
3313,PA5020034,0,0.5792847115332009,1,3
3314,PA5020034,0,0.5792847115332009,1,3
3315,PA5020036,0,0.4026412659204144,0,2
3316,PA5020038,0,0.13516823288187013,0,3
3317,PA5020039,0,0.5310331994103917,1,2
3318,PA5020039,0,0.5310331994103917,1,2
3319,PA5020039,0,0.5219746967201434,1,2
3320,PA5020040,0,0.42271481149501056,0,3
3321,PA5020041,0,0.33030437902846843,0,4
3322,PA5020041,0,0.33030437902846843,0,4
3323,PA5020041,0,0.33030437902846843,0,4
3324,PA5020043,0,0.3346421152603081,0,3
3325,PA5020043,0,0.2701438592927899,0,3
3326,PA5020045,0,0.5777525290239407,1,2
3327,PA5020047,0,0.3324786144946785,0,4
3328,PA5020050,1,0.6061231140502447,1,1
3329,PA5020053,1,0.621466935779398,1,3
3330,PA5020055,0,0.5394345426722866,1,1
3331,PA5020056,0,0.47295710983378436,0,2
3332,PA5020056,0,0.45099745226800514,0,2
3333,PA5020076,1,0.4079110827015154,0,5
3334,PA5020076,1,0.4371717897839249,0,5
3335,PA5020078,0,0.5611005635542511,1,2
3336,PA5020078,0,0.6120478626184802,1,2
3337,PA5020108,0,0.2985192611825033,0,3
3338,PA5020806,0,0.2747770198335337,0,2
3339,PA5020806,0,0.2747770198335337,0,2
3340,PA5020808,0,0.22711909736589522,0,4
3341,PA5020883,1,0.15803142031635725,0,1
3342,PA5020898,0,0.2747770198335337,0,2
3343,PA5020898,0,0.2747770198335337,0,2
3344,PA5020947,1,0.15648943770945373,0,2
3345,PA5020955,0,0.21878432988233465,0,5
3346,PA5030004,0,0.2472066482013127,0,4
3347,PA5030006,0,0.24744643346712988,0,4
3348,PA5030008,0,0.24580139506435963,0,2
3349,PA5030019,0,0.2337680562481716,0,4
3350,PA5030043,0,0.2931818967079407,0,5
3351,PA5040006,0,0.596018374216035,1,1
3352,PA5040007,0,0.4273740225487815,0,3
3353,PA5040008,0,0.4510148819692831,0,1
3354,PA5040009,1,0.6398423294850772,1,2
3355,PA5040010,1,0.43212216919807506,0,4
3356,PA5040010,1,0.43212216919807506,0,4
3357,PA5040012,1,0.4853015560581443,0,2
3358,PA5040017,1,0.4735277384841805,0,2
3359,PA5040039,1,0.6477497602077352,1,4
3360,PA5040063,0,0.6850626399455896,1,4
3361,PA5040080,0,0.6322152334726623,1,3
3362,PA5040085,1,0.3764743218633628,0,4
3363,PA5040085,1,0.3764743218633628,0,4
3364,PA5040085,1,0.3764743218633628,0,4
3365,PA5100012,0,0.3226506522364824,0,4
3366,PA5100042,0,0.39687084480064994,0,5
3367,PA5100071,0,0.17549678348992104,0,4
3368,PA5100079,0,0.1482046513117753,0,1
3369,PA5100079,0,0.1482046513117753,0,1
3370,PA5100080,0,0.30301023149989437,0,2
3371,PA5100093,1,0.6245845907638764,1,3
3372,PA5100094,0,0.5700244574106096,1,3
3373,PA5100141,0,0.5435952412675294,1,4
3374,PA5260004,0,0.16325422531778144,0,4
3375,PA5260005,0,0.4181849783792565,0,5
3376,PA5260005,0,0.4181849783792565,0,5
3377,PA5260006,0,0.22704955865370594,0,5
3378,PA5260006,0,0.22704955865370594,0,5
3379,PA5260009,0,0.15498866122987265,0,3
3380,PA5260009,0,0.15498866122987265,0,3
3381,PA5260011,0,0.5045393962967998,1,2
3382,PA5260011,0,0.5045393962967998,1,2
3383,PA5260011,0,0.5045393962967998,1,2
3384,PA5260011,0,0.6016826008102699,1,2
3385,PA5260013,0,0.15022095095563354,0,3
3386,PA5260019,0,0.35800291632060455,0,2
3387,PA5260020,0,0.09784481280525799,0,4
3388,PA5260020,0,0.09361841376606295,0,4
3389,PA5260022,0,0.1331125018598727,0,1
3390,PA5260022,0,0.1331125018598727,0,1
3391,PA5260032,0,0.22110894277454912,0,2
3392,PA5260032,0,0.20989879384474064,0,2
3393,PA5260036,0,0.34340107496893685,0,4
3394,PA5300012,0,0.4651458369716458,0,3
3395,PA5300017,0,0.20418664437320758,0,4
3396,PA5320006,0,0.45015611426651725,0,3
3397,PA5320025,0,0.22506989273048916,0,2
3398,PA5320040,0,0.09886427812779147,0,4
3399,PA5320109,0,0.28142963082867367,0,3
3400,PA5630039,0,0.11270017994173831,0,4
3401,PA5630044,0,0.16795933324643522,0,4
3402,PA5630045,0,0.1992174318127222,0,5
3403,PA5650032,0,0.1782670819301285,0,1
3404,PA5650049,1,0.33859089723644337,0,3
3405,PA5650060,0,0.46479640978313524,0,1
3406,PA5650069,0,0.20738686027035622,0,3
3407,PA5650069,1,0.20738686027035622,0,3
3408,PA5650070,0,0.3969716314931856,0,2
3409,PA6120002,0,0.029469847368799304,0,4
3410,PA6160001,0,0.2416421953311303,0,4
3411,PA6170008,1,0.1617423632497451,0,4
3412,PA6170008,0,0.15020448956524968,0,4
3413,PA6170013,0,0.05718502203209966,0,4
3414,PA6170016,0,0.223077113223016,0,2
3415,PA6170023,0,0.1013368236210107,0,1
3416,PA6170041,0,0.04675472053119891,0,4
3417,PA6170048,0,0.5252727566567618,1,2
3418,PA6170048,0,0.5211519226422484,1,2
3419,PA6200015,0,0.17184005851585568,0,1
3420,PA6200036,0,0.31763198920498464,0,1
3421,PA6200051,1,0.28313805165809564,0,4
3422,PA6240012,0,0.1419493493039323,0,3
3423,PA6240016,0,0.2637214316987216,0,5
3424,PA6250007,0,0.22963325826447953,0,1
3425,PA6250007,0,0.22963325826447953,0,1
3426,PA6250012,0,0.22998394673302935,0,5
3427,PA6250022,0,0.5700448505436265,1,3
3428,PA6250028,0,0.21794107609720184,0,5
3429,PA6250028,0,0.21794107609720184,0,5
3430,PA6250040,0,0.3588199456145722,0,4
3431,PA6250049,0,0.26516673793222745,0,4
3432,PA6250049,0,0.26516673793222745,0,4
3433,PA6250049,0,0.26516673793222745,0,4
3434,PA6250061,0,0.13708232217660488,0,4
3435,PA6250064,0,0.3219858162450054,0,1
3436,PA6250065,0,0.24683490142766812,0,1
3437,PA6250087,0,0.248929988867232,0,5
3438,PA6250090,0,0.41620148822138603,0,5
3439,PA6250090,0,0.42976692839060193,0,5
3440,PA6250092,0,0.4370319780164618,0,3
3441,PA6270008,0,0.25213067517138704,0,4
3442,PA6330002,0,0.17177047444099566,0,1
3443,PA6330002,0,0.17177047444099566,0,1
3444,PA6330004,1,0.30008067983662967,0,1
3445,PA6330010,0,0.2127592358522197,0,2
3446,PA6370011,1,0.3552018202250452,0,3
3447,PA6370034,1,0.32986173207085634,0,3
3448,PA6370035,0,0.1673103208630175,0,4
3449,PA6420014,0,0.12150658115864893,0,5
3450,PA6420019,0,0.21135586505424506,0,4
3451,PA6430037,0,0.3619446223353236,0,1
3452,PA6430054,1,0.2884165550969096,0,1
3453,PA6430055,1,0.1728402451891914,0,4
3454,PA6430059,0,0.348446135293371,0,2
3455,PA6610020,1,0.3414662346729844,0,4
3456,PA6610020,0,0.3414662346729844,0,4
3457,PA6610023,0,0.20197397749513857,0,2
3458,PA6610031,0,0.4038604570544783,0,3
3459,PA6610031,0,0.4038604570544783,0,3
3460,PA6620020,0,0.1889091910633557,0,3
3461,PA7010019,0,0.31907139868732853,0,3
3462,PA7010019,1,0.4430800933409083,0,3
3463,PA7010019,1,0.4430800933409083,0,3
3464,PA7010019,1,0.4430800933409083,0,3
3465,PA7010019,1,0.4430800933409083,0,3
3466,PA7010019,0,0.4430800933409083,0,3
3467,PA7010019,0,0.4430800933409083,0,3
3468,PA7010022,0,0.7716497861709231,1,5
3469,PA7010022,0,0.7716497861709231,1,5
3470,PA7010022,0,0.7716497861709231,1,5
3471,PA7010022,1,0.7716497861709231,1,5
3472,PA7010022,0,0.7716497861709231,1,5
3473,PA7010022,1,0.7716497861709231,1,5
3474,PA7010022,1,0.7716497861709231,1,5
3475,PA7010025,1,0.34508317431443464,0,2
3476,PA7010025,1,0.5314264340373156,1,2
3477,PA7010952,1,0.1935169950718568,0,4
3478,PA7210002,1,0.29869409176087675,0,5
3479,PA7210028,0,0.5342794156079387,1,4
3480,PA7210028,1,0.6780386807532344,1,4
3481,PA7210028,1,0.6780386807532344,1,4
3482,PA7210028,0,0.6780386807532344,1,4
3483,PA7210029,1,0.5220752749033101,1,5
3484,PA7210029,0,0.5220752749033101,1,5
3485,PA7210041,0,0.32306997508314483,0,4
3486,PA7210043,0,0.15027103138059802,0,3
3487,PA7210043,0,0.204156436752589,0,3
3488,PA7210043,0,0.204156436752589,0,3
3489,PA7210043,0,0.204156436752589,0,3
3490,PA7210046,1,0.18490305666966042,0,2
3491,PA7210046,1,0.18490305666966042,0,2
3492,PA7210049,0,0.5764138138625453,1,1
3493,PA7210049,0,0.538415826567475,1,1
3494,PA7210050,0,0.3935974845835319,0,5
3495,PA7210050,0,0.3935974845835319,0,5
3496,PA7210050,0,0.3935974845835319,0,5
3497,PA7210063,0,0.5023012761376493,1,1
3498,PA7210063,0,0.5023012761376493,1,1
3499,PA7220015,0,0.42589576265265017,0,3
3500,PA7220015,1,0.42589576265265017,0,3
3501,PA7220017,1,0.41686024192199533,0,2
3502,PA7220034,1,0.10802219790056973,0,4
3503,PA7220034,1,0.1321243036789436,0,4
3504,PA7220036,0,0.5078065219706136,1,1
3505,PA7220038,1,0.5973716324037156,1,1
3506,PA7220038,1,0.5973716324037156,1,1
3507,PA7220038,1,0.5973716324037156,1,1
3508,PA7220038,1,0.5973716324037156,1,1
3509,PA7220038,1,0.5973716324037156,1,1
3510,PA7220049,0,0.4650820250534439,0,5
3511,PA7220059,0,0.496357449360765,0,1
3512,PA7220059,0,0.496357449360765,0,1
3513,PA7280005,0,0.11097534458585231,0,4
3514,PA7280014,0,0.5251596100465319,1,3
3515,PA7280026,0,0.5177873420961173,1,3
3516,PA7280026,0,0.5177873420961173,1,3
3517,PA7280026,0,0.5177873420961173,1,3
3518,PA7280026,0,0.5177873420961173,1,3
3519,PA7280026,0,0.5177873420961173,1,3
3520,PA7280032,0,0.45674337461807923,0,2
3521,PA7280032,0,0.26338773365647333,0,2
3522,PA7280038,0,0.17866302732399802,0,4
3523,PA7280038,0,0.17866302732399802,0,4
3524,PA7280038,0,0.17866302732399802,0,4
3525,PA7280043,1,0.33032028432543825,0,4
3526,PA7280043,0,0.3178324762261785,0,4
3527,PA7280045,0,0.5041057152280058,1,3
3528,PA7280369,0,0.3255489024053881,0,4
3529,PA7360017,0,0.25357989534886893,0,3
3530,PA7360017,0,0.25357989534886893,0,3
3531,PA7360025,0,0.726177419150384,1,1
3532,PA7360045,1,0.31557294458200263,0,4
3533,PA7360045,1,0.5617815269674853,1,4
3534,PA7360045,0,0.5617815269674853,1,4
3535,PA7360058,0,0.49035423013039353,0,5
3536,PA7360058,1,0.49035423013039353,0,5
3537,PA7360078,1,0.4650602255582701,0,5
3538,PA7360083,1,0.7761632799544881,1,3
3539,PA7360091,0,0.46845777309377906,0,4
3540,PA7360091,0,0.4952696436957145,0,4
3541,PA7360099,1,0.398058296906915,0,2
3542,PA7360099,1,0.398058296906915,0,2
3543,PA7360099,1,0.398058296906915,0,2
3544,PA7360099,1,0.398058296906915,0,2
3545,PA7360113,0,0.7058136553417593,1,2
3546,PA7360113,1,0.7058136553417593,1,2
3547,PA7360113,1,0.7058136553417593,1,2
3548,PA7360113,0,0.7058136553417593,1,2
3549,PA7360113,1,0.7058136553417593,1,2
3550,PA7360113,0,0.7058136553417593,1,2
3551,PA7360113,0,0.7058136553417593,1,2
3552,PA7360113,1,0.7058136553417593,1,2
3553,PA7360113,0,0.7058136553417593,1,2
3554,PA7360113,0,0.6906988171425124,1,2
3555,PA7360116,0,0.6280580276362133,1,3
3556,PA7360123,0,0.49853670290813973,0,4
3557,PA7360123,0,0.64856147688075,1,4
3558,PA7360123,0,0.64856147688075,1,4
3559,PA7360124,1,0.486862046487878,0,3
3560,PA7360124,0,0.6215291658603876,1,3
3561,PA7360124,1,0.6215291658603876,1,3
3562,PA7360124,1,0.6215291658603876,1,3
3563,PA7360124,1,0.7316330520783131,1,3
3564,PA7360124,1,0.6215291658603876,1,3
3565,PA7360126,1,0.5616435165334807,1,1
3566,PA7360127,1,0.5252742221161615,1,3
3567,PA7360128,1,0.49717582421492634,0,4
3568,PA7360128,1,0.5201608626674469,1,4
3569,PA7360135,1,0.7302919354620171,1,3
3570,PA7360135,1,0.7367029165011475,1,3
3571,PA7360140,1,0.7439251033913115,1,1
3572,PA7360140,1,0.7439251033913115,1,1
3573,PA7360140,1,0.52495644679079,1,1
3574,PA7360143,0,0.8095313103437558,1,5
3575,PA7360143,0,0.7787630958025573,1,5
3576,PA7360345,1,0.2413054052168607,0,2
3577,PA7360345,0,0.2413054052168607,0,2
3578,PA7360345,0,0.2413054052168607,0,2
3579,PA7380010,0,0.2332844925943273,0,5
3580,PA7380025,0,0.48448137456695256,0,5
3581,PA7381001,0,0.5313688635853047,1,1
3582,PA7500030,0,0.12086902644418646,0,2
3583,PA7500030,0,0.12086902644418646,0,2
3584,PA7500030,0,0.12086902644418646,0,2
3585,PA7670061,1,0.4736916155914482,0,3
3586,PA7670061,1,0.4736916155914482,0,3
3587,PA7670061,1,0.4695025141904512,0,3
3588,PA7670061,1,0.4695025141904512,0,3
3589,PA7670061,1,0.4695025141904512,0,3
3590,PA7670061,0,0.4695025141904512,0,3
3591,PA7670062,1,0.8086296238840646,1,4
3592,PA7670062,1,0.7988259960112128,1,4
3593,PA7670062,1,0.7988259960112128,1,4
3594,PA7670062,1,0.7988259960112128,1,4
3595,PA7670062,1,0.7988259960112128,1,4
3596,PA7670071,0,0.3615782455373151,0,1
3597,PA7670071,1,0.3615782455373151,0,1
3598,PA7670071,0,0.3615782455373151,0,1
3599,PA7670071,0,0.3615782455373151,0,1
3600,PA7670073,1,0.4570002199720379,0,2
3601,PA7670073,1,0.75083740775919,1,2
3602,PA7670073,1,0.75083740775919,1,2
3603,PA7670073,1,0.75083740775919,1,2
3604,PA7670073,1,0.75083740775919,1,2
3605,PA7670073,1,0.75083740775919,1,2
3606,PA7670073,0,0.75083740775919,1,2
3607,PA7670073,1,0.75083740775919,1,2
3608,PA7670073,0,0.867475979231942,1,2
3609,PA7670076,1,0.36582686818161514,0,2
3610,PA7670082,1,0.7606345905844415,1,1
3611,PA7670082,1,0.8721645306852546,1,1
3612,PA7670082,1,0.8721645306852546,1,1
3613,PA7670082,1,0.8721645306852546,1,1
3614,PA7670082,0,0.8721645306852546,1,1
3615,PA7670085,0,0.7862634636406085,1,3
3616,PA7670086,0,0.422847981864711,0,3
3617,PA7670088,1,0.5966917152423288,1,5
3618,PA7670088,1,0.5966917152423288,1,5
3619,PA7670088,1,0.5966917152423288,1,5
3620,PA7670088,0,0.5966917152423288,1,5
3621,PA7670088,1,0.5966917152423288,1,5
3622,PA7670088,1,0.5966917152423288,1,5
3623,PA7670088,0,0.5966917152423288,1,5
3624,PA7670088,0,0.5966917152423288,1,5
3625,PA7670097,0,0.521721588312954,1,4
3626,PA7670100,0,0.5708123477764901,1,1
3627,PA7670101,1,0.5659949151139163,1,5
3628,PA7670101,1,0.5659949151139163,1,5
3629,PA7670101,1,0.5659949151139163,1,5
3630,RI1000016,1,0.5147924816981782,1,3
3631,RI1000016,1,0.5147924816981782,1,3
3632,RI1559511,1,0.34631856948573936,0,2
3633,RI1559511,0,0.34631856948573936,0,2
3634,RI1559511,1,0.6662507611846739,1,2
3635,RI1559511,1,0.6402115687925478,1,2
3636,RI1559511,1,0.6699138015640389,1,2
3637,RI1559512,1,0.504767469876542,1,1
3638,RI1559512,1,0.504767469876542,1,1
3639,RI1559512,1,0.504767469876542,1,1
3640,RI1559512,1,0.504767469876542,1,1
3641,RI1559512,0,0.504767469876542,1,1
3642,RI1559512,1,0.504767469876542,1,1
3643,RI1559512,0,0.504767469876542,1,1
3644,RI1559517,0,0.6666220089296815,1,2
3645,RI1559517,0,0.6666220089296815,1,2
3646,RI1559517,0,0.6666220089296815,1,2
3647,RI1559517,1,0.6423727082298945,1,2
3648,RI1559517,1,0.6666220089296815,1,2
3649,RI1559517,1,0.6423727082298945,1,2
3650,RI1559518,1,0.7520711259282329,1,2
3651,RI1583829,0,0.2813535770371554,0,5
3652,RI1583829,0,0.2813535770371554,0,5
3653,RI1592010,1,0.559063670612753,1,2
3654,RI1592010,0,0.559063670612753,1,2
3655,RI1592018,0,0.5211372408654176,1,1
3656,RI1592018,0,0.5211372408654176,1,1
3657,RI1592021,1,0.7419965231293814,1,5
3658,RI1592022,0,0.6622603747619661,1,1
3659,RI1592024,0,0.7484404371487581,1,4
3660,RI1592025,1,0.789878440395561,1,3
3661,RI1592025,1,0.789878440395561,1,3
3662,RI1592025,1,0.789878440395561,1,3
3663,RI1615610,0,0.5550205043069402,1,4
3664,RI1615616,0,0.5936188192137607,1,5
3665,RI1615623,0,0.663180431539603,1,5
3666,RI1615623,1,0.663180431539603,1,5
3667,RI1615624,0,0.7493118930363514,1,3
3668,RI1615624,0,0.7493118930363514,1,3
3669,RI1615627,0,0.5599226405244748,1,4
3670,RI1615627,0,0.5599226405244748,1,4
3671,RI1615627,0,0.5599226405244748,1,4
3672,RI1647515,0,0.558771752187515,1,2
3673,RI1647530,0,0.6033667226550766,1,5
3674,RI1647530,1,0.8198818686435454,1,5
3675,RI1647530,1,0.8198818686435454,1,5
3676,RI1647530,1,0.8198818686435454,1,5
3677,RI1647530,1,0.8198818686435454,1,5
3678,RI1858410,0,0.42637449092024426,0,2
3679,RI1858419,1,0.6689022956218146,1,4
3680,RI1858421,1,0.7208940577515569,1,5
3681,RI1858421,1,0.7208940577515569,1,5
3682,RI1858421,1,0.7208940577515569,1,5
3683,RI1858422,1,0.5498433753775144,1,4
3684,RI1858423,0,0.6815333103235974,1,5
3685,RI1858428,0,0.6025966929009335,1,5
3686,RI1858429,0,0.33324242631567885,0,2
3687,RI1858429,1,0.33324242631567885,0,2
3688,RI1858430,0,0.18136909248596078,0,3
3689,RI2980469,0,0.4572277810470722,0,4
3690,VT0005001,0,0.4879062378289739,0,3
3691,VT0005004,0,0.07937310569049659,0,4
3692,VT0005004,0,0.07937310569049659,0,4
3693,VT0005004,0,0.07937310569049659,0,4
3694,VT0005010,0,0.37891748022402605,0,5
3695,VT0005016,0,0.11767962579977255,0,1
3696,VT0005016,0,0.1357778185884323,0,1
3697,VT0005017,0,0.08357917427898995,0,5
3698,VT0005022,0,0.09222204844939566,0,1
3699,VT0005022,0,0.09222204844939566,0,1
3700,VT0005024,0,0.10600716433770918,0,2
3701,VT0005024,0,0.10600716433770918,0,2
3702,VT0005040,0,0.10158255917483382,0,2
3703,VT0005045,0,0.3570393127753006,0,5
3704,VT0005053,0,0.1834832876016191,0,2
3705,VT0005059,1,0.3213258170169808,0,1
3706,VT0005060,0,0.16891496208695925,0,1
3707,VT0005065,0,0.21125700064444722,0,4
3708,VT0005066,0,0.24251431560798956,0,4
3709,VT0005079,0,0.1649079975144513,0,4
3710,VT0005084,0,0.2968579617438154,0,4
3711,VT0005087,0,0.2672711753286724,0,2
3712,VT0005091,0,0.13761219945306416,0,5
3713,VT0005098,0,0.49662468639359525,0,4
3714,VT0005102,0,0.17776103673133084,0,5
3715,VT0005130,0,0.5200554786251389,1,4
3716,VT0005130,0,0.5200554786251389,1,4
3717,VT0005160,0,0.11570795600517293,0,2
3718,VT0005202,0,0.06809301283251468,0,4
3719,VT0005211,0,0.0910598793259745,0,5
3720,VT0005211,0,0.0910598793259745,0,5
3721,VT0005229,0,0.09499238121508453,0,4
3722,VT0005254,0,0.13335484384005772,0,5
3723,VT0005272,0,0.07502599690352695,0,1
3724,VT0005275,0,0.06541328763363419,0,2
3725,VT0005284,0,0.23003365818870442,0,4
3726,VT0005284,0,0.3546834007708582,0,4
3727,VT0005290,0,0.39131784458648095,0,4
3728,VT0005290,0,0.34662944265413775,0,4
3729,VT0005298,0,0.27171029287486137,0,5
3730,VT0005305,0,0.19704474261702548,0,2
3731,VT0005305,0,0.19704474261702548,0,2
3732,VT0005305,0,0.19704474261702548,0,2
3733,VT0005319,0,0.2920224387699353,0,2
3734,VT0005319,0,0.2920224387699353,0,2
3735,VT0005529,1,0.10009373411531505,0,2
3736,VT0005565,0,0.5253530994684869,1,4
3737,VT0005565,0,0.5253530994684869,1,4
3738,VT0021079,0,0.16819282758102147,0,5
