source_row_index,PWSID,y_true,y_probability,y_predicted,fold
0,CT0040011,0,0.6939831972122192,1,2
1,CT0040011,1,0.7052769660949707,1,2
2,CT0040011,1,0.7052769660949707,1,2
3,CT0040011,0,0.6939831972122192,1,2
4,CT0040011,1,0.7052769660949707,1,2
5,CT0040011,0,0.7052769660949707,1,2
6,CT0050062,0,0.29941868782043457,0,1
7,CT0070011,0,0.6909967660903931,1,5
8,CT0070011,0,0.6338306665420532,1,5
9,CT0070021,0,0.5459747910499573,1,4
10,CT0070021,0,0.46853312849998474,0,4
11,CT0070021,1,0.5459747910499573,1,4
12,CT0090011,1,0.6023289561271667,1,4
13,CT0150011,1,0.6153571605682373,1,1
14,CT0150011,1,0.6153571605682373,1,1
15,CT0150011,1,0.5514521598815918,1,1
16,CT0150011,0,0.5514521598815918,1,1
17,CT0150011,0,0.5514521598815918,1,1
18,CT0170011,0,0.6014891266822815,1,2
19,CT0170011,0,0.6496819853782654,1,2
20,CT0170011,1,0.6496819853782654,1,2
21,CT0170011,1,0.6496819853782654,1,2
22,CT0230011,0,0.4958346486091614,0,3
23,CT0230011,1,0.5332438349723816,1,3
24,CT0261031,0,0.3632947504520416,0,5
25,CT0261031,0,0.3464904725551605,0,5
26,CT0280011,1,0.31730952858924866,0,1
27,CT0280011,1,0.31730952858924866,0,1
28,CT0280011,1,0.31730952858924866,0,1
29,CT0280011,1,0.31730952858924866,0,1
30,CT0320091,0,0.3581199645996094,0,2
31,CT0330011,1,0.723098874092102,1,4
32,CT0340011,1,0.6940765380859375,1,5
33,CT0340011,1,0.6940765380859375,1,5
34,CT0350011,1,0.6030523777008057,1,2
35,CT0350011,1,0.6030523777008057,1,2
36,CT0450011,1,0.6726624369621277,1,2
37,CT0450011,0,0.6726624369621277,1,2
38,CT0450011,1,0.6726624369621277,1,2
39,CT0450011,0,0.6726624369621277,1,2
40,CT0450011,1,0.6726624369621277,1,2
41,CT0450011,0,0.6113981604576111,1,2
42,CT0473011,0,0.5421948432922363,1,1
43,CT0473011,1,0.5542017817497253,1,1
44,CT0473011,0,0.5542017817497253,1,1
45,CT0473011,0,0.5542017817497253,1,1
46,CT0473011,1,0.5542017817497253,1,1
47,CT0473011,1,0.5542017817497253,1,1
48,CT0473011,1,0.5199851393699646,1,1
49,CT0490021,1,0.6458930373191833,1,2
50,CT0490021,0,0.6466804146766663,1,2
51,CT0490021,1,0.6466804146766663,1,2
52,CT0490021,0,0.6364542245864868,1,2
53,CT0490021,0,0.6458930373191833,1,2
54,CT0490021,0,0.6364542245864868,1,2
55,CT0520011,1,0.6969892978668213,1,1
56,CT0520011,0,0.6969892978668213,1,1
57,CT0520011,0,0.7019654512405396,1,1
58,CT0520011,0,0.6555330753326416,1,1
59,CT0570011,1,0.445008784532547,0,1
60,CT0570011,1,0.445008784532547,0,1
61,CT0570011,1,0.445008784532547,0,1
62,CT0570062,0,0.5884391069412231,1,2
63,CT0580011,1,0.414103627204895,0,1
64,CT0580011,0,0.41594040393829346,0,1
65,CT0590011,0,0.5815109610557556,1,3
66,CT0608011,1,0.532500684261322,1,4
67,CT0608011,1,0.4837998151779175,0,4
68,CT0608011,1,0.532500684261322,1,4
69,CT0608011,1,0.5184783339500427,1,4
70,CT0608011,1,0.4952262043952942,0,4
71,CT0608011,0,0.4952262043952942,0,4
72,CT0608011,1,0.4952262043952942,0,4
73,CT0608011,0,0.48117518424987793,0,4
74,CT0608011,0,0.5222623348236084,1,4
75,CT0640011,0,0.6516517996788025,1,5
76,CT0640011,0,0.6516517996788025,1,5
77,CT0640011,0,0.6751357316970825,1,5
78,CT0690011,1,0.7369433641433716,1,1
79,CT0690011,1,0.7369433641433716,1,1
80,CT0740011,0,0.5470009446144104,1,5
81,CT0740011,0,0.5470009446144104,1,5
82,CT0740011,0,0.5011213421821594,1,5
83,CT0770021,0,0.46635928750038147,0,3
84,CT0770021,1,0.46635928750038147,0,3
85,CT0770021,0,0.46635928750038147,0,3
86,CT0770021,1,0.5323216915130615,1,3
87,CT0770021,1,0.5175272226333618,1,3
88,CT0770021,1,0.46635928750038147,0,3
89,CT0770021,1,0.46635928750038147,0,3
90,CT0780021,1,0.33489686250686646,0,2
91,CT0780021,1,0.4235897958278656,0,2
92,CT0800011,0,0.6750554442405701,1,2
93,CT0800011,1,0.7835559248924255,1,2
94,CT0800011,0,0.6620348691940308,1,2
95,CT0800011,0,0.6620348691940308,1,2
96,CT0800011,1,0.7835559248924255,1,2
97,CT0800011,0,0.7835559248924255,1,2
98,CT0800011,0,0.7829712629318237,1,2
99,CT0810054,0,0.37551331520080566,0,2
100,CT0830011,0,0.6948047876358032,1,5
101,CT0830011,0,0.7610068321228027,1,5
102,CT0880011,0,0.5439569354057312,1,2
103,CT0890011,0,0.7185053825378418,1,3
104,CT0900011,1,0.5003505945205688,1,1
105,CT0920011,0,0.4767172336578369,0,4
106,CT0920011,0,0.4747352600097656,0,4
107,CT0930011,0,0.6879569888114929,1,3
108,CT0930011,0,0.6879569888114929,1,3
109,CT0930011,0,0.6879569888114929,1,3
110,CT0930011,1,0.6952032446861267,1,3
111,CT0930011,1,0.6952032446861267,1,3
112,CT0930011,1,0.6952032446861267,1,3
113,CT0930011,0,0.6952032446861267,1,3
114,CT0930011,0,0.6952032446861267,1,3
115,CT0930011,0,0.6952032446861267,1,3
116,CT0930011,1,0.6952032446861267,1,3
117,CT0930011,1,0.6879569888114929,1,3
118,CT0950011,0,0.587553083896637,1,1
119,CT0960011,0,0.7477548718452454,1,4
120,CT0960011,0,0.7477548718452454,1,4
121,CT0960011,1,0.7477548718452454,1,4
122,CT0960011,1,0.7477548718452454,1,4
123,CT0960011,1,0.7477548718452454,1,4
124,CT0970011,1,0.6166962385177612,1,2
125,CT0970011,1,0.6166962385177612,1,2
126,CT1030011,1,0.7200259566307068,1,3
127,CT1030011,1,0.6377555131912231,1,3
128,CT1030021,0,0.591972827911377,1,3
129,CT1040011,1,0.5563693642616272,1,2
130,CT1040011,1,0.5563693642616272,1,2
131,CT1040011,1,0.6406720280647278,1,2
132,CT1100011,1,0.791259229183197,1,4
133,CT1100011,0,0.791259229183197,1,4
134,CT1110011,0,0.5788691639900208,1,3
135,CT1110011,0,0.5777559876441956,1,3
136,CT1130011,1,0.5036748647689819,1,3
137,CT1160011,1,0.4965403378009796,0,4
138,CT1160011,1,0.6456275582313538,1,4
139,CT1160011,0,0.4965403378009796,0,4
140,CT1180011,1,0.5653352737426758,1,1
141,CT1180011,1,0.5653352737426758,1,1
142,CT1180011,1,0.5653352737426758,1,1
143,CT1180011,1,0.5425793528556824,1,1
144,CT1240011,0,0.7961524724960327,1,3
145,CT1240011,1,0.7961524724960327,1,3
146,CT1240011,1,0.7961524724960327,1,3
147,CT1240011,1,0.7005032896995544,1,3
148,CT1280021,1,0.7420991063117981,1,1
149,CT1280021,1,0.7420991063117981,1,1
150,CT1280021,1,0.7420991063117981,1,1
151,CT1300021,0,0.7324060201644897,1,1
152,CT1310011,1,0.5843824744224548,1,3
153,CT1310011,1,0.5843824744224548,1,3
154,CT1310011,1,0.5843824744224548,1,3
155,CT1310011,0,0.5843824744224548,1,3
156,CT1310011,0,0.5843824744224548,1,3
157,CT1310011,1,0.5843824744224548,1,3
158,CT1310011,1,0.5843824744224548,1,3
159,CT1350011,1,0.6875988245010376,1,4
160,CT1350011,0,0.6875988245010376,1,4
161,CT1370011,0,0.5411895513534546,1,4
162,CT1370011,0,0.3906381130218506,0,4
163,CT1400011,0,0.5187335014343262,1,2
164,CT1430011,0,0.24002772569656372,0,3
165,CT1510011,0,0.6590827107429504,1,1
166,CT1520071,0,0.5491963028907776,1,2
167,CT1530011,0,0.5307352542877197,1,3
168,CT1530021,0,0.6876680254936218,1,3
169,CT1620011,0,0.3739205300807953,0,1
170,CT1630011,1,0.33623379468917847,0,1
171,CT1666011,1,0.21725237369537354,0,1
172,MA1004000,0,0.201425239443779,0,1
173,MA1005000,0,0.4801722764968872,0,3
174,MA1008000,0,0.29569506645202637,0,3
175,MA1008000,0,0.3167640268802643,0,3
176,MA1008000,0,0.3167640268802643,0,3
177,MA1008000,0,0.347959965467453,0,3
178,MA1008000,0,0.3167640268802643,0,3
179,MA1015000,0,0.3230494260787964,0,5
180,MA1015000,0,0.3285837471485138,0,5
181,MA1024000,0,0.2926046848297119,0,3
182,MA1024000,0,0.2926046848297119,0,3
183,MA1061000,0,0.33879509568214417,0,2
184,MA1070000,0,0.23515671491622925,0,3
185,MA1070000,0,0.23515671491622925,0,3
186,MA1074001,0,0.26009127497673035,0,1
187,MA1085000,0,0.4682820439338684,0,2
188,MA1087000,0,0.5543980002403259,1,4
189,MA1087000,0,0.5543980002403259,1,4
190,MA1087000,0,0.5582730770111084,1,4
191,MA1087000,0,0.5543980002403259,1,4
192,MA1113000,0,0.13319173455238342,0,2
193,MA1114000,0,0.16594554483890533,0,1
194,MA1114000,0,0.24149808287620544,0,1
195,MA1117002,0,0.31285226345062256,0,2
196,MA1117002,0,0.31285226345062256,0,2
197,MA1127000,0,0.4514617323875427,0,3
198,MA1127000,1,0.47008469700813293,0,3
199,MA1127000,0,0.4514617323875427,0,3
200,MA1137000,0,0.5431559681892395,1,3
201,MA1137000,0,0.5431559681892395,1,3
202,MA1150000,0,0.22985050082206726,0,1
203,MA1152000,0,0.32825443148612976,0,3
204,MA1159000,0,0.4813486933708191,0,2
205,MA1191000,0,0.4448535144329071,0,2
206,MA1191000,0,0.4448535144329071,0,2
207,MA1191000,0,0.4448535144329071,0,2
208,MA1192000,0,0.30078399181365967,0,5
209,MA1192000,0,0.2962634563446045,0,5
210,MA1209000,1,0.16668657958507538,0,4
211,MA1214000,0,0.33181577920913696,0,4
212,MA1214000,0,0.43830737471580505,0,4
213,MA1214000,0,0.33181577920913696,0,4
214,MA1223000,0,0.5389648079872131,1,5
215,MA1223000,0,0.5389648079872131,1,5
216,MA1223000,0,0.5389648079872131,1,5
217,MA1223000,0,0.4170836806297302,0,5
218,MA1227000,0,0.4468705356121063,0,3
219,MA1227000,0,0.4495297372341156,0,3
220,MA1227000,0,0.4468705356121063,0,3
221,MA1236000,0,0.1975204050540924,0,2
222,MA1236000,0,0.1975204050540924,0,2
223,MA1275000,0,0.3090558648109436,0,3
224,MA1275001,0,0.4853686988353729,0,4
225,MA1275001,0,0.4853686988353729,0,4
226,MA1276000,0,0.48934006690979004,0,2
227,MA1276000,0,0.48934006690979004,0,2
228,MA1279000,0,0.6480313539505005,1,3
229,MA1279000,0,0.6480313539505005,1,3
230,MA1281000,0,0.41735559701919556,0,1
231,MA1309000,0,0.4602303206920624,0,3
232,MA1309000,1,0.35754087567329407,0,3
233,MA1325000,0,0.4929855167865753,0,1
234,MA1329000,0,0.6913189888000488,1,3
235,MA1329000,0,0.6811363101005554,1,3
236,MA1329000,0,0.6712315678596497,1,3
237,MA1329000,0,0.6712315678596497,1,3
238,MA1329000,1,0.6811363101005554,1,3
239,MA1329000,0,0.6811363101005554,1,3
240,MA1337010,0,0.20383532345294952,0,2
241,MA1339000,0,0.27771857380867004,0,1
242,MA1341000,0,0.052699845284223557,0,4
243,MA1341000,0,0.052699845284223557,0,4
244,MA1341000,0,0.052699845284223557,0,4
245,MA1341010,0,0.06956665962934494,0,2
246,MA2002000,1,0.5847412347793579,1,2
247,MA2002000,1,0.5847412347793579,1,2
248,MA2002000,1,0.5847412347793579,1,2
249,MA2011000,0,0.4864354133605957,0,4
250,MA2011004,0,0.35861214995384216,0,1
251,MA2017000,1,0.5763130187988281,1,5
252,MA2017000,0,0.5623098611831665,1,5
253,MA2017000,0,0.5623098611831665,1,5
254,MA2017000,0,0.5623098611831665,1,5
255,MA2017000,1,0.5623098611831665,1,5
256,MA2019000,1,0.8060175776481628,1,1
257,MA2019000,1,0.8246549367904663,1,1
258,MA2019001,1,0.5524329543113708,1,4
259,MA2019001,1,0.5524329543113708,1,4
260,MA2019001,0,0.5524329543113708,1,4
261,MA2021000,0,0.4042282700538635,0,5
262,MA2025000,1,0.7172309160232544,1,2
263,MA2025000,1,0.7172309160232544,1,2
264,MA2032000,0,0.49938997626304626,0,5
265,MA2064000,0,0.32515788078308105,0,1
266,MA2080000,0,0.4730433225631714,0,1
267,MA2080006,0,0.3624928891658783,0,5
268,MA2097000,1,0.45325320959091187,0,1
269,MA2097000,1,0.45325320959091187,0,1
270,MA2101000,1,0.7148301005363464,1,2
271,MA2101000,1,0.7148301005363464,1,2
272,MA2101000,1,0.7148301005363464,1,2
273,MA2101000,0,0.7148301005363464,1,2
274,MA2101000,1,0.7148301005363464,1,2
275,MA2101000,0,0.7079489827156067,1,2
276,MA2101000,0,0.7141274809837341,1,2
277,MA2103000,0,0.2441788762807846,0,4
278,MA2103000,0,0.3584423065185547,0,4
279,MA2110000,1,0.5868434309959412,1,3
280,MA2110000,1,0.5868434309959412,1,3
281,MA2110000,0,0.5868434309959412,1,3
282,MA2110000,0,0.5868434309959412,1,3
283,MA2115000,0,0.39440426230430603,0,2
284,MA2115000,1,0.39440426230430603,0,2
285,MA2134000,1,0.6085532903671265,1,4
286,MA2134000,1,0.6122867465019226,1,4
287,MA2134000,0,0.6122867465019226,1,4
288,MA2134000,1,0.5530240535736084,1,4
289,MA2136000,0,0.5435657501220703,1,5
290,MA2136000,1,0.5435657501220703,1,5
291,MA2136000,1,0.5435657501220703,1,5
292,MA2136000,1,0.5435657501220703,1,5
293,MA2138000,1,0.4669148921966553,0,1
294,MA2139000,0,0.6588758230209351,1,2
295,MA2139000,1,0.6514251828193665,1,2
296,MA2139000,1,0.6514251828193665,1,2
297,MA2139000,1,0.6558405160903931,1,2
298,MA2141000,0,0.6925726532936096,1,5
299,MA2141000,1,0.7898456454277039,1,5
300,MA2147000,0,0.5194305181503296,1,5
301,MA2147000,0,0.5194305181503296,1,5
302,MA2151001,0,0.5049721598625183,1,3
303,MA2151001,1,0.44615602493286133,0,3
304,MA2153000,0,0.6502114534378052,1,2
305,MA2153000,0,0.6502114534378052,1,2
306,MA2153000,0,0.6502114534378052,1,2
307,MA2153000,1,0.7245728969573975,1,2
308,MA2158000,0,0.6099956035614014,1,3
309,MA2162000,1,0.5335618257522583,1,4
310,MA2162000,1,0.5197462439537048,1,4
311,MA2170000,0,0.3667029142379761,0,2
312,MA2174000,1,0.7036715745925903,1,4
313,MA2174000,0,0.7036715745925903,1,4
314,MA2174000,0,0.7036715745925903,1,4
315,MA2175000,0,0.6850571036338806,1,2
316,MA2175000,0,0.6892496347427368,1,2
317,MA2175000,1,0.6892496347427368,1,2
318,MA2177000,1,0.7101446390151978,1,1
319,MA2177000,1,0.700011134147644,1,1
320,MA2185000,1,0.7929811477661133,1,2
321,MA2185000,1,0.6892134547233582,1,2
322,MA2186000,1,0.5492119789123535,1,4
323,MA2186000,1,0.5209275484085083,1,4
324,MA2186000,0,0.5504737496376038,1,4
325,MA2187000,0,0.5404464602470398,1,3
326,MA2187000,1,0.5250686407089233,1,3
327,MA2187000,0,0.5250686407089233,1,3
328,MA2187000,0,0.5250686407089233,1,3
329,MA2208000,0,0.700481116771698,1,2
330,MA2208000,1,0.700481116771698,1,2
331,MA2208000,0,0.700481116771698,1,2
332,MA2208001,0,0.5139847993850708,1,2
333,MA2212000,0,0.17651498317718506,0,1
334,MA2215000,0,0.25377359986305237,0,5
335,MA2216000,0,0.47374123334884644,0,3
336,MA2216000,0,0.45229437947273254,0,3
337,MA2216006,0,0.3267258107662201,0,4
338,MA2226000,0,0.5005005598068237,1,2
339,MA2226000,0,0.5005005598068237,1,2
340,MA2226000,1,0.5005005598068237,1,2
341,MA2228000,1,0.40135639905929565,0,2
342,MA2232000,1,0.31785568594932556,0,5
343,MA2232000,0,0.31785568594932556,0,5
344,MA2232000,1,0.30041778087615967,0,5
345,MA2257000,0,0.3067857027053833,0,2
346,MA2270000,1,0.682569682598114,1,4
347,MA2270000,0,0.682569682598114,1,4
348,MA2270001,1,0.5673261880874634,1,1
349,MA2271000,1,0.6518486142158508,1,5
350,MA2277000,0,0.3591358959674835,0,3
351,MA2278000,1,0.5421565771102905,1,4
352,MA2280000,0,0.4504154622554779,0,4
353,MA2280000,0,0.4504154622554779,0,4
354,MA2282000,0,0.5265076160430908,1,3
355,MA2282000,1,0.5265076160430908,1,3
356,MA2287000,0,0.3477794826030731,0,2
357,MA2287000,0,0.3477794826030731,0,2
358,MA2294000,1,0.35379737615585327,0,4
359,MA2294000,0,0.3502163589000702,0,4
360,MA2294000,0,0.3502163589000702,0,4
361,MA2294000,0,0.35379737615585327,0,4
362,MA2299000,0,0.491216242313385,0,3
363,MA2299000,0,0.4407006502151489,0,3
364,MA2299000,0,0.4407006502151489,0,3
365,MA2299000,1,0.4407006502151489,0,3
366,MA2299000,1,0.4407006502151489,0,3
367,MA2303000,0,0.6692290306091309,1,3
368,MA2303000,0,0.6692290306091309,1,3
369,MA2303000,0,0.6692290306091309,1,3
370,MA2304000,0,0.452693909406662,0,1
371,MA2304000,0,0.452693909406662,0,1
372,MA2304000,1,0.452693909406662,0,1
373,MA2316000,1,0.4882817268371582,0,3
374,MA2316000,0,0.4882817268371582,0,3
375,MA2321000,1,0.60963374376297,1,5
376,MA2321000,1,0.60963374376297,1,5
377,MA2321000,0,0.60963374376297,1,5
378,MA2321000,1,0.4971294403076172,0,5
379,MA2328000,1,0.8139669895172119,1,2
380,MA2328000,0,0.8139669895172119,1,2
381,MA2328000,0,0.791634738445282,1,2
382,MA2328000,0,0.6728513240814209,1,2
383,MA2328000,1,0.7831096053123474,1,2
384,MA2332000,0,0.45496901869773865,0,1
385,MA2343000,0,0.47480612993240356,0,2
386,MA2348000,1,0.4923149645328522,0,1
387,MA3007000,0,0.3661114573478699,0,1
388,MA3009000,0,0.5610067248344421,1,2
389,MA3010000,0,0.12625038623809814,0,3
390,MA3014000,1,0.6960569620132446,1,2
391,MA3023000,0,0.35353678464889526,0,1
392,MA3023002,0,0.27941080927848816,0,1
393,MA3023002,0,0.27941080927848816,0,1
394,MA3026000,0,0.10540907084941864,0,4
395,MA3030000,1,0.5400689244270325,1,3
396,MA3031000,1,0.5759879350662231,1,1
397,MA3035000,0,0.06915044039487839,0,3
398,MA3046000,0,0.06236472353339195,0,4
399,MA3048000,0,0.6848531365394592,1,1
400,MA3048000,1,0.7358367443084717,1,1
401,MA3049000,1,0.24650490283966064,0,3
402,MA3056000,1,0.5489112734794617,1,1
403,MA3056000,1,0.5443317294120789,1,1
404,MA3056000,1,0.5489112734794617,1,1
405,MA3056000,1,0.5045612454414368,1,1
406,MA3056002,0,0.7098608016967773,1,5
407,MA3057000,0,0.17776337265968323,0,1
408,MA3067000,1,0.48213300108909607,0,1
409,MA3067000,1,0.631915807723999,1,1
410,MA3067000,1,0.631915807723999,1,1
411,MA3067000,0,0.631915807723999,1,1
412,MA3067000,1,0.631915807723999,1,1
413,MA3067000,0,0.6243452429771423,1,1
414,MA3071000,0,0.48368939757347107,0,2
415,MA3071000,1,0.6835651993751526,1,2
416,MA3073000,0,0.34059107303619385,0,5
417,MA3073000,1,0.6717987656593323,1,5
418,MA3073000,1,0.6852169036865234,1,5
419,MA3079000,1,0.619084358215332,1,2
420,MA3079000,1,0.6546254754066467,1,2
421,MA3079000,1,0.6546254754066467,1,2
422,MA3079001,0,0.6368629336357117,1,2
423,MA3079001,0,0.6368629336357117,1,2
424,MA3093000,0,0.1058935597538948,0,4
425,MA3100000,0,0.3381301164627075,0,1
426,MA3105000,0,0.4503004848957062,0,1
427,MA3107000,0,0.5993889570236206,1,2
428,MA3107000,0,0.5993889570236206,1,2
429,MA3116000,1,0.5202877521514893,1,3
430,MA3116000,1,0.5202877521514893,1,3
431,MA3119000,1,0.5265024304389954,1,3
432,MA3119000,1,0.5265024304389954,1,3
433,MA3128000,0,0.4998783767223358,0,2
434,MA3144000,1,0.4776751399040222,0,1
435,MA3144000,0,0.4776751399040222,0,1
436,MA3144000,0,0.4776751399040222,0,1
437,MA3144000,0,0.36948198080062866,0,1
438,MA3144000,1,0.4776751399040222,0,1
439,MA3149000,1,0.6016541123390198,1,2
440,MA3155000,0,0.32533299922943115,0,1
441,MA3157000,1,0.4817872643470764,0,3
442,MA3157000,0,0.5258521437644958,1,3
443,MA3160000,1,0.3770311772823334,0,3
444,MA3163000,1,0.46708956360816956,0,5
445,MA3164000,1,0.4674949049949646,0,1
446,MA3164000,0,0.4396136701107025,0,1
447,MA3164000,1,0.4291798174381256,0,1
448,MA3164001,0,0.13933004438877106,0,4
449,MA3165000,0,0.13570111989974976,0,3
450,MA3166000,1,0.49011221528053284,0,5
451,MA3166000,1,0.49011221528053284,0,5
452,MA3168000,0,0.07171440869569778,0,2
453,MA3176000,0,0.18454071879386902,0,5
454,MA3178000,0,0.19186538457870483,0,5
455,MA3180000,1,0.4460909962654114,0,1
456,MA3180000,0,0.4460909962654114,0,1
457,MA3181000,1,0.4819844663143158,0,2
458,MA3184000,1,0.5850849151611328,1,3
459,MA3189000,0,0.3154749572277069,0,2
460,MA3196000,0,0.09988316148519516,0,1
461,MA3198000,1,0.6208060383796692,1,3
462,MA3198000,1,0.7049234509468079,1,3
463,MA3198000,1,0.7049234509468079,1,3
464,MA3198000,1,0.7117120027542114,1,3
465,MA3199000,0,0.2769530713558197,0,5
466,MA3199000,1,0.5924690365791321,1,5
467,MA3206000,1,0.5585030913352966,1,1
468,MA3206000,1,0.515590488910675,1,1
469,MA3207000,0,0.06739095598459244,0,5
470,MA3210000,0,0.5858132839202881,1,1
471,MA3213000,1,0.6684259176254272,1,1
472,MA3229000,0,0.30427223443984985,0,3
473,MA3229000,1,0.36439597606658936,0,3
474,MA3229000,1,0.3788214921951294,0,3
475,MA3243000,0,0.12329531461000443,0,1
476,MA3246000,0,0.36483097076416016,0,3
477,MA3248000,1,0.1962825059890747,0,4
478,MA3252000,0,0.19001947343349457,0,1
479,MA3254000,1,0.5245689153671265,1,5
480,MA3254000,0,0.5245689153671265,1,5
481,MA3258000,1,0.5126327872276306,1,5
482,MA3259000,0,0.709522545337677,1,3
483,MA3259000,1,0.70566725730896,1,3
484,MA3262000,0,0.22156976163387299,0,4
485,MA3274000,0,0.1100640594959259,0,4
486,MA3284000,0,0.2299346923828125,0,4
487,MA3288000,1,0.5435657501220703,1,5
488,MA3288000,1,0.5435657501220703,1,5
489,MA3288000,1,0.5435657501220703,1,5
490,MA3288000,0,0.5435657501220703,1,5
491,MA3288000,1,0.5435657501220703,1,5
492,MA3291000,0,0.1031218096613884,0,1
493,MA3295000,1,0.6329888105392456,1,4
494,MA3298000,1,0.49696582555770874,0,3
495,MA3301000,1,0.6048676371574402,1,4
496,MA3301000,0,0.5995914340019226,1,4
497,MA3305000,0,0.34589332342147827,0,1
498,MA3305000,1,0.36256906390190125,0,1
499,MA3308000,0,0.3115311563014984,0,2
500,MA3314000,0,0.3124428987503052,0,1
501,MA3315000,0,0.6496789455413818,1,4
502,MA3315000,0,0.5946487188339233,1,4
503,MA3315000,1,0.6169556379318237,1,4
504,MA3315000,1,0.5946487188339233,1,4
505,MA3317000,1,0.7091730237007141,1,3
506,MA3317000,1,0.7091730237007141,1,3
507,MA3317000,1,0.7535103559494019,1,3
508,MA3317000,0,0.3736819922924042,0,3
509,MA3320000,1,0.47100427746772766,0,4
510,MA3324000,0,0.6156458258628845,1,1
511,MA3330000,1,0.5510414242744446,1,2
512,MA3330000,1,0.5510414242744446,1,2
513,MA3330019,1,0.47336921095848083,0,4
514,MA3333000,0,0.29416438937187195,0,2
515,MA3342000,0,0.49881523847579956,0,3
516,MA3342000,0,0.7939613461494446,1,3
517,MA3342000,0,0.8020637035369873,1,3
518,MA3344000,0,0.6744898557662964,1,5
519,MA3344000,0,0.5295177698135376,1,5
520,MA3346000,0,0.3161996304988861,0,2
521,MA3347000,0,0.28138992190361023,0,5
522,MA3347000,1,0.5959618091583252,1,5
523,MA4001000,0,0.6579024791717529,1,2
524,MA4001000,1,0.5401062369346619,1,2
525,MA4001000,1,0.5116750001907349,1,2
526,MA4003000,0,0.5298344492912292,1,5
527,MA4016000,1,0.7173137068748474,1,3
528,MA4016000,1,0.7173137068748474,1,3
529,MA4018000,1,0.5161820650100708,1,4
530,MA4018000,0,0.510465145111084,1,4
531,MA4020000,0,0.5378143191337585,1,4
532,MA4020000,1,0.5378143191337585,1,4
533,MA4020000,1,0.5378143191337585,1,4
534,MA4020002,1,0.6622434258460999,1,4
535,MA4020002,0,0.6622434258460999,1,4
536,MA4020002,0,0.6622434258460999,1,4
537,MA4020002,0,0.6622434258460999,1,4
538,MA4020002,0,0.6622434258460999,1,4
539,MA4020002,0,0.6622434258460999,1,4
540,MA4020002,0,0.6622434258460999,1,4
541,MA4020002,0,0.6622434258460999,1,4
542,MA4020002,0,0.6622434258460999,1,4
543,MA4020002,0,0.6622434258460999,1,4
544,MA4020002,0,0.6622434258460999,1,4
545,MA4020002,1,0.6622434258460999,1,4
546,MA4020002,1,0.6622434258460999,1,4
547,MA4020002,0,0.6622434258460999,1,4
548,MA4020003,0,0.550739049911499,1,4
549,MA4020003,0,0.550739049911499,1,4
550,MA4020003,0,0.550739049911499,1,4
551,MA4020003,0,0.550739049911499,1,4
552,MA4020003,0,0.550739049911499,1,4
553,MA4020004,1,0.18196499347686768,0,2
554,MA4020004,1,0.1839795708656311,0,2
555,MA4020004,1,0.1780431568622589,0,2
556,MA4036000,0,0.13968566060066223,0,4
557,MA4036000,0,0.13968566060066223,0,4
558,MA4036000,0,0.13968566060066223,0,4
559,MA4036000,0,0.13968566060066223,0,4
560,MA4036000,1,0.13968566060066223,0,4
561,MA4036000,0,0.13968566060066223,0,4
562,MA4036000,0,0.13968566060066223,0,4
563,MA4036001,0,0.3727967441082001,0,4
564,MA4036001,0,0.3727967441082001,0,4
565,MA4036001,0,0.3727967441082001,0,4
566,MA4036001,0,0.3727967441082001,0,4
567,MA4036001,0,0.3727967441082001,0,4
568,MA4036002,1,0.5012718439102173,1,3
569,MA4036002,0,0.5012718439102173,1,3
570,MA4040000,1,0.5379524827003479,1,4
571,MA4041000,0,0.06379421800374985,0,4
572,MA4041000,0,0.06379421800374985,0,4
573,MA4041000,0,0.06379421800374985,0,4
574,MA4041000,0,0.06379421800374985,0,4
575,MA4041000,0,0.06379421800374985,0,4
576,MA4042000,1,0.7181879878044128,1,2
577,MA4042000,1,0.7033523321151733,1,2
578,MA4042000,1,0.7150484323501587,1,2
579,MA4044000,0,0.3147999346256256,0,5
580,MA4050000,0,0.32646656036376953,0,1
581,MA4050000,1,0.44750821590423584,0,1
582,MA4050000,1,0.3936389684677124,0,1
583,MA4055000,0,0.15217037498950958,0,3
584,MA4055000,0,0.1603134721517563,0,3
585,MA4055000,0,0.15217037498950958,0,3
586,MA4055000,0,0.1601673811674118,0,3
587,MA4055000,0,0.15775948762893677,0,3
588,MA4065000,0,0.5922120809555054,1,1
589,MA4072000,0,0.580405056476593,1,4
590,MA4072000,1,0.6947579979896545,1,4
591,MA4072000,1,0.6947579979896545,1,4
592,MA4072000,0,0.6947579979896545,1,4
593,MA4075000,0,0.3726651072502136,0,3
594,MA4075000,0,0.3726651072502136,0,3
595,MA4075000,0,0.3726651072502136,0,3
596,MA4075000,0,0.3726651072502136,0,3
597,MA4075000,0,0.3726651072502136,0,3
598,MA4075000,0,0.3726651072502136,0,3
599,MA4075000,0,0.3726651072502136,0,3
600,MA4075000,1,0.3726651072502136,0,3
601,MA4075000,0,0.3726651072502136,0,3
602,MA4076000,1,0.5369310975074768,1,2
603,MA4076004,0,0.3256162405014038,0,4
604,MA4082000,1,0.7542570233345032,1,5
605,MA4082000,0,0.7542570233345032,1,5
606,MA4082000,0,0.7542570233345032,1,5
607,MA4082000,1,0.7542570233345032,1,5
608,MA4082000,0,0.7542570233345032,1,5
609,MA4082000,0,0.7542570233345032,1,5
610,MA4082000,0,0.7542570233345032,1,5
611,MA4082000,0,0.7542570233345032,1,5
612,MA4083000,0,0.6521927714347839,1,5
613,MA4083000,1,0.6521927714347839,1,5
614,MA4086095,0,0.5041838884353638,1,3
615,MA4086095,0,0.5041838884353638,1,3
616,MA4088000,0,0.6083313226699829,1,1
617,MA4088000,1,0.6083313226699829,1,1
618,MA4088000,1,0.6083313226699829,1,1
619,MA4088000,1,0.6083313226699829,1,1
620,MA4089000,0,0.08244916051626205,0,2
621,MA4089000,0,0.08244916051626205,0,2
622,MA4089000,0,0.08244916051626205,0,2
623,MA4089000,0,0.08244916051626205,0,2
624,MA4089000,0,0.08244916051626205,0,2
625,MA4094000,0,0.5750656723976135,1,1
626,MA4095000,0,0.501390814781189,1,3
627,MA4096000,0,0.17772123217582703,0,2
628,MA4096000,0,0.3015348017215729,0,2
629,MA4096000,0,0.19466808438301086,0,2
630,MA4096000,0,0.18797722458839417,0,2
631,MA4096001,0,0.15772034227848053,0,1
632,MA4099000,1,0.7763882279396057,1,1
633,MA4099000,1,0.7763882279396057,1,1
634,MA4099000,1,0.7763882279396057,1,1
635,MA4118000,1,0.43973323702812195,0,5
636,MA4118000,1,0.43973323702812195,0,5
637,MA4118000,0,0.43973323702812195,0,5
638,MA4118000,0,0.43973323702812195,0,5
639,MA4122000,1,0.7154393196105957,1,4
640,MA4122000,1,0.7154393196105957,1,4
641,MA4122000,1,0.667458176612854,1,4
642,MA4123000,1,0.5979202389717102,1,5
643,MA4126000,0,0.30789852142333984,0,3
644,MA4126000,0,0.30789852142333984,0,3
645,MA4126000,0,0.30789852142333984,0,3
646,MA4126000,0,0.30789852142333984,0,3
647,MA4126000,0,0.30789852142333984,0,3
648,MA4131000,1,0.6317111253738403,1,2
649,MA4131000,1,0.6317111253738403,1,2
650,MA4133000,1,0.5364710092544556,1,2
651,MA4145000,0,0.46264275908470154,0,3
652,MA4145000,0,0.46264275908470154,0,3
653,MA4145000,0,0.46264275908470154,0,3
654,MA4145000,0,0.5014896988868713,1,3
655,MA4145000,0,0.5014896988868713,1,3
656,MA4167000,0,0.785584032535553,1,5
657,MA4167000,0,0.785584032535553,1,5
658,MA4167000,1,0.785584032535553,1,5
659,MA4169000,0,0.5124954581260681,1,4
660,MA4171000,0,0.7974653244018555,1,5
661,MA4171000,1,0.7597723007202148,1,5
662,MA4171000,1,0.7933654189109802,1,5
663,MA4171000,1,0.7974653244018555,1,5
664,MA4171000,0,0.7974653244018555,1,5
665,MA4171000,0,0.7974653244018555,1,5
666,MA4171000,1,0.7974653244018555,1,5
667,MA4171000,0,0.7974653244018555,1,5
668,MA4171000,1,0.7974653244018555,1,5
669,MA4171000,0,0.7974653244018555,1,5
670,MA4171000,0,0.7974653244018555,1,5
671,MA4171000,0,0.7974653244018555,1,5
672,MA4171000,0,0.7974653244018555,1,5
673,MA4171000,1,0.7423444390296936,1,5
674,MA4171000,1,0.7471339702606201,1,5
675,MA4171000,0,0.7471339702606201,1,5
676,MA4172039,0,0.20067107677459717,0,5
677,MA4172039,0,0.2615155279636383,0,5
678,MA4172039,0,0.2615155279636383,0,5
679,MA4172039,0,0.2176511138677597,0,5
680,MA4172039,0,0.2615155279636383,0,5
681,MA4172039,1,0.21339139342308044,0,5
682,MA4173000,0,0.569672703742981,1,4
683,MA4173001,0,0.3926478922367096,0,2
684,MA4173001,0,0.39885520935058594,0,2
685,MA4182000,1,0.22475525736808777,0,5
686,MA4182000,0,0.22475525736808777,0,5
687,MA4182000,1,0.22475525736808777,0,5
688,MA4182000,0,0.22475525736808777,0,5
689,MA4182000,0,0.22475525736808777,0,5
690,MA4182000,0,0.22475525736808777,0,5
691,MA4182000,0,0.22475525736808777,0,5
692,MA4182000,1,0.22475525736808777,0,5
693,MA4182000,1,0.22475525736808777,0,5
694,MA4182000,0,0.22475525736808777,0,5
695,MA4197000,0,0.12808531522750854,0,4
696,MA4197000,0,0.12808531522750854,0,4
697,MA4197000,0,0.12808531522750854,0,4
698,MA4201000,1,0.34547773003578186,0,1
699,MA4211000,0,0.8185288906097412,1,3
700,MA4211000,1,0.8302239179611206,1,3
701,MA4211000,1,0.8270180821418762,1,3
702,MA4211000,1,0.8276700377464294,1,3
703,MA4218000,1,0.6404429078102112,1,4
704,MA4218000,1,0.6404429078102112,1,4
705,MA4218000,0,0.6404429078102112,1,4
706,MA4219000,1,0.6573610305786133,1,4
707,MA4219000,1,0.7149276733398438,1,4
708,MA4219000,1,0.7149276733398438,1,4
709,MA4220000,0,0.35034579038619995,0,1
710,MA4221000,0,0.5333619117736816,1,5
711,MA4221000,1,0.5333619117736816,1,5
712,MA4221000,0,0.5333619117736816,1,5
713,MA4221000,0,0.5333619117736816,1,5
714,MA4221000,0,0.5333619117736816,1,5
715,MA4224000,0,0.10493366420269012,0,3
716,MA4224000,0,0.10325401276350021,0,3
717,MA4231000,1,0.7540798187255859,1,5
718,MA4231000,1,0.7540798187255859,1,5
719,MA4231000,0,0.750054657459259,1,5
720,MA4238000,1,0.6506878733634949,1,4
721,MA4238000,1,0.6404123902320862,1,4
722,MA4239000,0,0.6448412537574768,1,4
723,MA4239000,0,0.6448412537574768,1,4
724,MA4239000,0,0.6448412537574768,1,4
725,MA4239000,1,0.6448412537574768,1,4
726,MA4239000,0,0.6448412537574768,1,4
727,MA4239000,0,0.6448412537574768,1,4
728,MA4239000,0,0.6448412537574768,1,4
729,MA4239000,0,0.6448412537574768,1,4
730,MA4239000,0,0.6448412537574768,1,4
731,MA4239000,0,0.6448412537574768,1,4
732,MA4239000,0,0.6448412537574768,1,4
733,MA4239055,1,0.4795546531677246,0,2
734,MA4242000,0,0.03016519919037819,0,4
735,MA4242000,0,0.03016519919037819,0,4
736,MA4244000,1,0.5170613527297974,1,3
737,MA4244001,1,0.4290919303894043,0,3
738,MA4245000,0,0.5777286291122437,1,4
739,MA4245000,1,0.5777286291122437,1,4
740,MA4245000,1,0.5777286291122437,1,4
741,MA4245002,1,0.4967704117298126,0,2
742,MA4245002,0,0.49989083409309387,0,2
743,MA4261000,0,0.3608543574810028,0,3
744,MA4261000,0,0.3880772590637207,0,3
745,MA4261000,0,0.3880772590637207,0,3
746,MA4261000,0,0.3880772590637207,0,3
747,MA4261000,0,0.3880772590637207,0,3
748,MA4261000,0,0.3880772590637207,0,3
749,MA4261000,0,0.3880772590637207,0,3
750,MA4261000,0,0.3880772590637207,0,3
751,MA4261000,0,0.3880772590637207,0,3
752,MA4261000,0,0.3880772590637207,0,3
753,MA4261024,0,0.15047839283943176,0,3
754,MA4261024,0,0.15047839283943176,0,3
755,MA4261024,0,0.15047839283943176,0,3
756,MA4264000,0,0.636865496635437,1,3
757,MA4264000,1,0.563707709312439,1,3
758,MA4264000,1,0.6326899528503418,1,3
759,MA4264000,1,0.636865496635437,1,3
760,MA4265000,1,0.5483125448226929,1,2
761,MA4266000,1,0.713855504989624,1,2
762,MA4266000,1,0.713855504989624,1,2
763,MA4266000,1,0.713855504989624,1,2
764,MA4266000,1,0.713855504989624,1,2
765,MA4266000,1,0.713855504989624,1,2
766,MA4266000,0,0.713855504989624,1,2
767,MA4273000,0,0.5861536860466003,1,5
768,MA4292000,1,0.6465943455696106,1,2
769,MA4292000,1,0.6280598044395447,1,2
770,MA4292000,1,0.6399363875389099,1,2
771,MA4292000,0,0.5763063430786133,1,2
772,MA4293000,0,0.38386937975883484,0,1
773,MA4296000,0,0.49438512325286865,0,5
774,MA4296000,0,0.49438512325286865,0,5
775,MA4296000,0,0.49438512325286865,0,5
776,MA4307000,1,0.7889686226844788,1,4
777,MA4307000,1,0.7995555996894836,1,4
778,MA4310000,0,0.436300665140152,0,4
779,MA4310000,0,0.45536136627197266,0,4
780,MA4322000,1,0.5342234373092651,1,5
781,MA4322000,0,0.5342234373092651,1,5
782,MA4322000,1,0.5342234373092651,1,5
783,MA4322000,1,0.5342234373092651,1,5
784,MA4336000,0,0.587969183921814,1,5
785,MA4336000,1,0.6830043792724609,1,5
786,MA4338000,1,0.4708646833896637,0,4
787,MA4350000,1,0.45201921463012695,0,1
788,MA4350000,1,0.45201921463012695,0,1
789,MA4350000,1,0.45201921463012695,0,1
790,MA4351000,0,0.2815059721469879,0,5
791,MA4351000,0,0.2815059721469879,0,5
792,MA4351000,0,0.2815059721469879,0,5
793,MA4351000,0,0.2815059721469879,0,5
794,MA4351000,0,0.2815059721469879,0,5
795,MA4351000,1,0.2815059721469879,0,5
796,MA4351000,0,0.2815059721469879,0,5
797,MA4351000,0,0.2815059721469879,0,5
798,MA4351000,1,0.2815059721469879,0,5
799,MA4351000,0,0.2854609489440918,0,5
800,MA4351000,0,0.2815059721469879,0,5
801,MA4351000,0,0.2815059721469879,0,5
802,MA4351000,1,0.2815059721469879,0,5
803,MA4351000,0,0.2815059721469879,0,5
804,MA4351000,0,0.2815059721469879,0,5
805,ME0000147,1,0.35850995779037476,0,1
806,ME0090070,0,0.25392046570777893,0,4
807,ME0090110,0,0.19036202132701874,0,3
808,ME0090120,1,0.10821746289730072,0,3
809,ME0090130,0,0.29190465807914734,0,5
810,ME0090140,0,0.2339620739221573,0,2
811,ME0090140,1,0.2339620739221573,0,2
812,ME0090170,0,0.6015651822090149,1,1
813,ME0090200,0,0.4956151843070984,0,1
814,ME0090220,0,0.2585793435573578,0,4
815,ME0090260,0,0.5079824328422546,1,3
816,ME0090260,0,0.5079824328422546,1,3
817,ME0090260,0,0.39106401801109314,0,3
818,ME0090300,0,0.41910049319267273,0,2
819,ME0090320,0,0.1573716253042221,0,3
820,ME0090520,0,0.11756264418363571,0,3
821,ME0090540,0,0.14236655831336975,0,3
822,ME0090540,0,0.14236655831336975,0,3
823,ME0090570,1,0.3725443482398987,0,2
824,ME0090610,1,0.45215192437171936,0,3
825,ME0090660,0,0.09748787432909012,0,2
826,ME0090660,0,0.08907389640808105,0,2
827,ME0090660,0,0.08907389640808105,0,2
828,ME0090700,1,0.14994288980960846,0,1
829,ME0090700,0,0.14994288980960846,0,1
830,ME0090750,1,0.10657544434070587,0,2
831,ME0090760,0,0.6099603772163391,1,5
832,ME0090760,0,0.6998052000999451,1,5
833,ME0090760,0,0.7065907120704651,1,5
834,ME0090760,0,0.6099603772163391,1,5
835,ME0090760,0,0.6099603772163391,1,5
836,ME0090790,0,0.5567631125450134,1,3
837,ME0090830,0,0.2980647385120392,0,2
838,ME0090870,1,0.4464821219444275,0,3
839,ME0090870,1,0.4464821219444275,0,3
840,ME0090870,1,0.4286264181137085,0,3
841,ME0090870,1,0.4286264181137085,0,3
842,ME0090930,0,0.43434053659439087,0,5
843,ME0090930,0,0.43434053659439087,0,5
844,ME0090990,0,0.42206740379333496,0,2
845,ME0091200,0,0.16626520454883575,0,3
846,ME0091210,0,0.1899074912071228,0,5
847,ME0091300,0,0.06265194714069366,0,4
848,ME0091310,0,0.3298770487308502,0,4
849,ME0091380,0,0.15960277616977692,0,4
850,ME0091380,0,0.15960277616977692,0,4
851,ME0091410,1,0.5114346146583557,1,3
852,ME0091410,1,0.5114346146583557,1,3
853,ME0091410,1,0.5114346146583557,1,3
854,ME0091410,0,0.5114346146583557,1,3
855,ME0091410,0,0.5114346146583557,1,3
856,ME0091410,0,0.5114346146583557,1,3
857,ME0091450,0,0.3942568600177765,0,4
858,ME0091540,0,0.06698699295520782,0,1
859,ME0091550,0,0.360161691904068,0,2
860,ME0091670,0,0.3059818148612976,0,4
861,ME0091670,0,0.3059818148612976,0,4
862,ME0091670,1,0.3059818148612976,0,4
863,ME0091670,0,0.3059818148612976,0,4
864,ME0091680,0,0.4561377167701721,0,5
865,ME0092559,0,0.5937148928642273,1,2
866,ME0092710,0,0.608133852481842,1,4
867,NH0161020,0,0.36596548557281494,0,3
868,NH0161020,0,0.36596548557281494,0,3
869,NH0162170,0,0.18201281130313873,0,4
870,NH0192080,1,0.364046186208725,0,5
871,NH0231010,0,0.10289083421230316,0,4
872,NH0231010,0,0.07515398412942886,0,4
873,NH0251010,0,0.15586483478546143,0,4
874,NH0251010,0,0.15586483478546143,0,4
875,NH0251010,0,0.15586483478546143,0,4
876,NH0301010,0,0.06815244257450104,0,3
877,NH0301010,0,0.06815244257450104,0,3
878,NH0301010,0,0.06815244257450104,0,3
879,NH0446020,0,0.3552266061306,0,3
880,NH0461010,0,0.13862244784832,0,3
881,NH0501010,0,0.1531255841255188,0,3
882,NH0511030,0,0.5433328151702881,1,5
883,NH0511030,0,0.5433328151702881,1,5
884,NH0511030,0,0.5433328151702881,1,5
885,NH0511030,0,0.5433328151702881,1,5
886,NH0511030,0,0.5433328151702881,1,5
887,NH0512120,0,0.09586271643638611,0,1
888,NH0611010,1,0.3012089431285858,0,4
889,NH0651010,0,0.45336782932281494,0,2
890,NH0651010,0,0.45336782932281494,0,2
891,NH0651010,0,0.45336782932281494,0,2
892,NH0651010,0,0.45336782932281494,0,2
893,NH0651010,0,0.4393154978752136,0,2
894,NH0691010,0,0.2525828182697296,0,1
895,NH0691010,0,0.29662004113197327,0,1
896,NH0801010,1,0.5145050883293152,1,3
897,NH0801010,0,0.5422900915145874,1,3
898,NH0851010,0,0.07861068844795227,0,3
899,NH0851010,0,0.07861068844795227,0,3
900,NH0851010,0,0.07861068844795227,0,3
901,NH0851010,0,0.07861068844795227,0,3
902,NH0951010,0,0.06557607650756836,0,2
903,NH1031010,1,0.7186225652694702,1,2
904,NH1031010,1,0.7179256677627563,1,2
905,NH1031010,0,0.7179256677627563,1,2
906,NH1031010,1,0.7179256677627563,1,2
907,NH1031010,1,0.7179256677627563,1,2
908,NH1031010,1,0.7179256677627563,1,2
909,NH1031010,1,0.7179256677627563,1,2
910,NH1031010,0,0.7179256677627563,1,2
911,NH1031010,1,0.7179256677627563,1,2
912,NH1031010,0,0.7179256677627563,1,2
913,NH1031010,1,0.7179256677627563,1,2
914,NH1031010,0,0.7179256677627563,1,2
915,NH1051010,0,0.6156767010688782,1,3
916,NH1051010,1,0.6156767010688782,1,3
917,NH1051010,1,0.6145961284637451,1,3
918,NH1051010,0,0.6156767010688782,1,3
919,NH1071010,0,0.1820240020751953,0,1
920,NH1181010,1,0.3062702417373657,0,2
921,NH1196050,0,0.4119686186313629,0,4
922,NH1201010,1,0.6058256030082703,1,1
923,NH1221010,0,0.16121536493301392,0,1
924,NH1221010,1,0.16121536493301392,0,1
925,NH1221010,0,0.16121536493301392,0,1
926,NH1221010,1,0.16121536493301392,0,1
927,NH1241010,0,0.18363066017627716,0,3
928,NH1241010,0,0.21463623642921448,0,3
929,NH1241010,0,0.21463623642921448,0,3
930,NH1281010,0,0.1625881791114807,0,5
931,NH1321010,0,0.03234154358506203,0,4
932,NH1371010,0,0.5110697746276855,1,3
933,NH1371010,1,0.6828327775001526,1,3
934,NH1381010,0,0.04512351006269455,0,4
935,NH1391010,1,0.3065463900566101,0,4
936,NH1461010,0,0.1315537393093109,0,4
937,NH1461010,0,0.1315537393093109,0,4
938,NH1471010,1,0.1449318677186966,0,3
939,NH1531010,0,0.38625606894493103,0,4
940,NH1531010,0,0.35284578800201416,0,4
941,NH1531010,0,0.35284578800201416,0,4
942,NH1561010,0,0.377935528755188,0,5
943,NH1561010,0,0.6469366550445557,1,5
944,NH1621010,0,0.3681994378566742,0,5
945,NH1622010,0,0.525585949420929,1,2
946,NH1721010,0,0.1452556997537613,0,2
947,NH1731010,0,0.2983054220676422,0,5
948,NH1731010,0,0.2983054220676422,0,5
949,NH1741010,0,0.126220241189003,0,1
950,NH1741010,0,0.11996930837631226,0,1
951,NH1861010,0,0.30575817823410034,0,4
952,NH1861010,0,0.30575817823410034,0,4
953,NH1861010,0,0.30575817823410034,0,4
954,NH1861010,1,0.30575817823410034,0,4
955,NH1871010,0,0.20030996203422546,0,2
956,NH1871010,0,0.20030996203422546,0,2
957,NH1871010,0,0.20030996203422546,0,2
958,NH1941010,0,0.11561904847621918,0,2
959,NH1941010,0,0.11561904847621918,0,2
960,NH1951010,1,0.6735807657241821,1,1
961,NH1951010,1,0.6735807657241821,1,1
962,NH1951010,1,0.6417207717895508,1,1
963,NH1951010,0,0.6148018836975098,1,1
964,NH1951010,1,0.6148018836975098,1,1
965,NH1951010,1,0.4667665958404541,0,1
966,NH1951010,0,0.6148018836975098,1,1
967,NH1951010,0,0.6148018836975098,1,1
968,NH1951020,1,0.8180528283119202,1,4
969,NH1971010,0,0.2629334032535553,0,1
970,NH1971010,0,0.2629334032535553,0,1
971,NH1971010,1,0.25540292263031006,0,1
972,NH2001010,0,0.214207261800766,0,2
973,NH2001010,0,0.31156960129737854,0,2
974,NH2051010,1,0.27932310104370117,0,4
975,NH2051010,1,0.291167676448822,0,4
976,NH2111010,1,0.48426371812820435,0,4
977,NH2111010,1,0.48426371812820435,0,4
978,NH2111010,0,0.48426371812820435,0,4
979,NH2111010,0,0.49548614025115967,0,4
980,NH2151010,0,0.28092336654663086,0,3
981,NH2561010,0,0.10624849051237106,0,4
982,NJ0102001,1,0.33571216464042664,0,5
983,NJ0102301,0,0.3396860957145691,0,3
984,NJ0103001,1,0.06602060049772263,0,4
985,NJ0103001,1,0.06602060049772263,0,4
986,NJ0103001,1,0.06602060049772263,0,4
987,NJ0104003,0,0.087761789560318,0,5
988,NJ0104003,0,0.087761789560318,0,5
989,NJ0107001,0,0.21166586875915527,0,4
990,NJ0108352,0,0.2695849537849426,0,5
991,NJ0111304,0,0.38367924094200134,0,1
992,NJ0112001,0,0.3498769700527191,0,2
993,NJ0112001,0,0.3498769700527191,0,2
994,NJ0112001,0,0.3441605567932129,0,2
995,NJ0112001,1,0.3441605567932129,0,2
996,NJ0112001,0,0.3441605567932129,0,2
997,NJ0112325,0,0.27742958068847656,0,4
998,NJ0113001,0,0.24713844060897827,0,4
999,NJ0113001,0,0.2253047078847885,0,4
1000,NJ0113001,0,0.2253047078847885,0,4
1001,NJ0115001,0,0.09761517494916916,0,3
1002,NJ0116001,0,0.4838372766971588,0,2
1003,NJ0116001,0,0.4838372766971588,0,2
1004,NJ0119002,0,0.283353328704834,0,5
1005,NJ0119002,0,0.283353328704834,0,5
1006,NJ0119002,1,0.283353328704834,0,5
1007,NJ0119002,0,0.283353328704834,0,5
1008,NJ0119002,0,0.283353328704834,0,5
1009,NJ0119002,0,0.283353328704834,0,5
1010,NJ0119002,0,0.283353328704834,0,5
1011,NJ0119002,0,0.283353328704834,0,5
1012,NJ0119002,1,0.283353328704834,0,5
1013,NJ0119002,1,0.283353328704834,0,5
1014,NJ0119002,1,0.283353328704834,0,5
1015,NJ0119002,0,0.283353328704834,0,5
1016,NJ0119002,0,0.283353328704834,0,5
1017,NJ0119002,1,0.283353328704834,0,5
1018,NJ0122001,0,0.569595992565155,1,4
1019,NJ0122001,0,0.569595992565155,1,4
1020,NJ0122001,0,0.569595992565155,1,4
1021,NJ0201001,1,0.7132888436317444,1,2
1022,NJ0201001,1,0.8607560992240906,1,2
1023,NJ0201001,1,0.8233067989349365,1,2
1024,NJ0201001,1,0.8268766403198242,1,2
1025,NJ0211001,1,0.7205296754837036,1,4
1026,NJ0217001,1,0.6427952647209167,1,5
1027,NJ0217001,1,0.6427952647209167,1,5
1028,NJ0217001,1,0.8105332255363464,1,5
1029,NJ0220001,1,0.7088432312011719,1,5
1030,NJ0220001,1,0.8862188458442688,1,5
1031,NJ0221001,1,0.8498508334159851,1,4
1032,NJ0221001,1,0.8498508334159851,1,4
1033,NJ0221001,1,0.8498508334159851,1,4
1034,NJ0221001,1,0.8447056412696838,1,4
1035,NJ0228001,1,0.40918782353401184,0,1
1036,NJ0228001,1,0.40918782353401184,0,1
1037,NJ0228001,1,0.40918782353401184,0,1
1038,NJ0228001,1,0.40918782353401184,0,1
1039,NJ0231001,1,0.8718869090080261,1,3
1040,NJ0232001,1,0.6122194528579712,1,4
1041,NJ0233001,0,0.8210762143135071,1,3
1042,NJ0233001,1,0.8210762143135071,1,3
1043,NJ0233001,1,0.8210762143135071,1,3
1044,NJ0233001,1,0.6858399510383606,1,3
1045,NJ0238001,1,0.6975818276405334,1,4
1046,NJ0238001,1,0.6975818276405334,1,4
1047,NJ0238001,1,0.6975818276405334,1,4
1048,NJ0239001,1,0.8554362654685974,1,1
1049,NJ0242001,1,0.7826635241508484,1,3
1050,NJ0242001,1,0.7826635241508484,1,3
1051,NJ0242001,1,0.7826635241508484,1,3
1052,NJ0242001,1,0.7826635241508484,1,3
1053,NJ0247001,1,0.9382744431495667,1,2
1054,NJ0247001,1,0.8908237218856812,1,2
1055,NJ0247001,1,0.9382744431495667,1,2
1056,NJ0247001,0,0.8883944749832153,1,2
1057,NJ0247001,1,0.936826229095459,1,2
1058,NJ0247001,1,0.8908237218856812,1,2
1059,NJ0247001,0,0.8883944749832153,1,2
1060,NJ0247001,1,0.8908237218856812,1,2
1061,NJ0247001,1,0.8908237218856812,1,2
1062,NJ0247001,0,0.8883944749832153,1,2
1063,NJ0247001,1,0.8883944749832153,1,2
1064,NJ0247001,0,0.8883944749832153,1,2
1065,NJ0247001,1,0.8908237218856812,1,2
1066,NJ0248001,1,0.7389018535614014,1,2
1067,NJ0248001,1,0.8399286866188049,1,2
1068,NJ0248001,1,0.8399286866188049,1,2
1069,NJ0248001,1,0.8399286866188049,1,2
1070,NJ0248001,1,0.8399286866188049,1,2
1071,NJ0248001,0,0.8984051942825317,1,2
1072,NJ0251001,1,0.8596768379211426,1,2
1073,NJ0251001,1,0.8596768379211426,1,2
1074,NJ0251001,1,0.8596768379211426,1,2
1075,NJ0251001,1,0.8596768379211426,1,2
1076,NJ0251001,1,0.8596768379211426,1,2
1077,NJ0251001,1,0.8596768379211426,1,2
1078,NJ0251001,1,0.8596768379211426,1,2
1079,NJ0251001,1,0.8596768379211426,1,2
1080,NJ0251001,1,0.8596768379211426,1,2
1081,NJ0251001,1,0.8596768379211426,1,2
1082,NJ0251001,1,0.8596768379211426,1,2
1083,NJ0251001,1,0.8596768379211426,1,2
1084,NJ0251001,1,0.8596768379211426,1,2
1085,NJ0251001,1,0.7773799896240234,1,2
1086,NJ0251001,1,0.8596768379211426,1,2
1087,NJ0251001,1,0.8596768379211426,1,2
1088,NJ0251001,1,0.7779754400253296,1,2
1089,NJ0257001,1,0.558114230632782,1,1
1090,NJ0264001,1,0.7014915943145752,1,3
1091,NJ0264001,1,0.7014915943145752,1,3
1092,NJ0264001,1,0.7014915943145752,1,3
1093,NJ0264001,1,0.7014915943145752,1,3
1094,NJ0264001,1,0.7014915943145752,1,3
1095,NJ0265001,1,0.854324221611023,1,4
1096,NJ0303001,0,0.4260473847389221,0,3
1097,NJ0305001,1,0.5695266127586365,1,2
1098,NJ0306001,0,0.23274199664592743,0,4
1099,NJ0306001,1,0.19131514430046082,0,4
1100,NJ0306001,1,0.19131514430046082,0,4
1101,NJ0313001,0,0.27082401514053345,0,2
1102,NJ0313001,0,0.27082401514053345,0,2
1103,NJ0313001,0,0.27082401514053345,0,2
1104,NJ0313001,0,0.562828779220581,1,2
1105,NJ0313001,1,0.562828779220581,1,2
1106,NJ0313001,0,0.27082401514053345,0,2
1107,NJ0313001,0,0.27082401514053345,0,2
1108,NJ0313001,0,0.27082401514053345,0,2
1109,NJ0313001,0,0.27082401514053345,0,2
1110,NJ0313001,0,0.27082401514053345,0,2
1111,NJ0313001,0,0.27082401514053345,0,2
1112,NJ0315001,1,0.6022166609764099,1,3
1113,NJ0319001,1,0.592666506767273,1,4
1114,NJ0319001,0,0.5774487257003784,1,4
1115,NJ0320001,0,0.2736664116382599,0,5
1116,NJ0320001,0,0.2736664116382599,0,5
1117,NJ0320001,0,0.2736664116382599,0,5
1118,NJ0320001,0,0.2736664116382599,0,5
1119,NJ0320001,0,0.2736664116382599,0,5
1120,NJ0320001,0,0.2736664116382599,0,5
1121,NJ0320001,1,0.2736664116382599,0,5
1122,NJ0320001,0,0.5363600254058838,1,5
1123,NJ0322001,0,0.40359678864479065,0,2
1124,NJ0322001,0,0.40359678864479065,0,2
1125,NJ0322001,1,0.4084131419658661,0,2
1126,NJ0322001,1,0.6550059914588928,1,2
1127,NJ0322001,1,0.6550059914588928,1,2
1128,NJ0323001,0,0.19581544399261475,0,5
1129,NJ0323001,0,0.19581544399261475,0,5
1130,NJ0323001,0,0.19581544399261475,0,5
1131,NJ0323001,1,0.47137221693992615,0,5
1132,NJ0324001,0,0.46944162249565125,0,1
1133,NJ0324001,1,0.46944162249565125,0,1
1134,NJ0324001,0,0.7808080315589905,1,1
1135,NJ0325001,0,0.5350111722946167,1,3
1136,NJ0325001,0,0.27138859033584595,0,3
1137,NJ0325001,0,0.27138859033584595,0,3
1138,NJ0325001,0,0.27138859033584595,0,3
1139,NJ0326006,0,0.10146832466125488,0,5
1140,NJ0326006,0,0.10146832466125488,0,5
1141,NJ0327001,0,0.5388142466545105,1,4
1142,NJ0327001,0,0.5388142466545105,1,4
1143,NJ0327001,0,0.5388142466545105,1,4
1144,NJ0327001,0,0.5388142466545105,1,4
1145,NJ0327001,0,0.5388142466545105,1,4
1146,NJ0327001,0,0.5388142466545105,1,4
1147,NJ0327001,0,0.5388142466545105,1,4
1148,NJ0327001,0,0.5388142466545105,1,4
1149,NJ0327001,0,0.5388142466545105,1,4
1150,NJ0327001,1,0.718647837638855,1,4
1151,NJ0327001,0,0.5388142466545105,1,4
1152,NJ0329003,0,0.08021692931652069,0,3
1153,NJ0329003,0,0.08021692931652069,0,3
1154,NJ0333001,0,0.33641317486763,0,5
1155,NJ0333001,0,0.33641317486763,0,5
1156,NJ0333001,0,0.33641317486763,0,5
1157,NJ0333001,0,0.33641317486763,0,5
1158,NJ0338001,1,0.39147865772247314,0,1
1159,NJ0338001,1,0.38158169388771057,0,1
1160,NJ0338001,0,0.39147865772247314,0,1
1161,NJ0338001,0,0.4010564684867859,0,1
1162,NJ0404001,0,0.613448977470398,1,4
1163,NJ0404001,0,0.613448977470398,1,4
1164,NJ0405001,0,0.26977959275245667,0,1
1165,NJ0405001,0,0.2780807614326477,0,1
1166,NJ0405001,0,0.2780807614326477,0,1
1167,NJ0405001,1,0.5911653637886047,1,1
1168,NJ0407001,1,0.45507803559303284,0,3
1169,NJ0408001,1,0.5553194880485535,1,5
1170,NJ0408001,1,0.5509385466575623,1,5
1171,NJ0408001,1,0.5553194880485535,1,5
1172,NJ0411001,0,0.2872433662414551,0,3
1173,NJ0411001,0,0.2872433662414551,0,3
1174,NJ0411001,0,0.2872433662414551,0,3
1175,NJ0412001,0,0.5732014179229736,1,2
1176,NJ0414001,0,0.2995108664035797,0,5
1177,NJ0415002,0,0.623124897480011,1,4
1178,NJ0415002,0,0.623124897480011,1,4
1179,NJ0415002,0,0.6247881650924683,1,4
1180,NJ0415002,0,0.623124897480011,1,4
1181,NJ0415002,0,0.623124897480011,1,4
1182,NJ0415002,0,0.623124897480011,1,4
1183,NJ0415002,0,0.623124897480011,1,4
1184,NJ0415002,0,0.623124897480011,1,4
1185,NJ0415002,1,0.623124897480011,1,4
1186,NJ0416001,0,0.46432259678840637,0,4
1187,NJ0416001,0,0.7688857913017273,1,4
1188,NJ0424001,1,0.5175775289535522,1,1
1189,NJ0424001,0,0.5379553437232971,1,1
1190,NJ0424001,1,0.5379553437232971,1,1
1191,NJ0424001,0,0.5175775289535522,1,1
1192,NJ0424001,0,0.5175775289535522,1,1
1193,NJ0424001,0,0.735252857208252,1,1
1194,NJ0428002,0,0.5322266817092896,1,3
1195,NJ0428002,0,0.2910131812095642,0,3
1196,NJ0428002,0,0.2910131812095642,0,3
1197,NJ0428002,0,0.2910131812095642,0,3
1198,NJ0436007,1,0.5407936573028564,1,5
1199,NJ0436007,1,0.5407936573028564,1,5
1200,NJ0436007,0,0.5538919568061829,1,5
1201,NJ0436007,0,0.5407936573028564,1,5
1202,NJ0436007,1,0.5538919568061829,1,5
1203,NJ0436007,1,0.5538919568061829,1,5
1204,NJ0436007,0,0.5407936573028564,1,5
1205,NJ0501001,0,0.08893275260925293,0,2
1206,NJ0501001,0,0.08893275260925293,0,2
1207,NJ0501001,0,0.08893275260925293,0,2
1208,NJ0501001,0,0.08893275260925293,0,2
1209,NJ0501001,0,0.08893275260925293,0,2
1210,NJ0502001,0,0.07669872790575027,0,4
1211,NJ0502001,0,0.07669872790575027,0,4
1212,NJ0503001,0,0.1661636233329773,0,5
1213,NJ0505002,0,0.19696509838104248,0,5
1214,NJ0505002,0,0.19696509838104248,0,5
1215,NJ0505002,0,0.19696509838104248,0,5
1216,NJ0505002,0,0.19696509838104248,0,5
1217,NJ0505002,0,0.19696509838104248,0,5
1218,NJ0505002,0,0.19696509838104248,0,5
1219,NJ0506010,0,0.28702327609062195,0,4
1220,NJ0506010,0,0.28702327609062195,0,4
1221,NJ0506010,0,0.28702327609062195,0,4
1222,NJ0508001,0,0.5073327422142029,1,3
1223,NJ0508001,0,0.5073327422142029,1,3
1224,NJ0508001,0,0.5073327422142029,1,3
1225,NJ0508001,0,0.5073327422142029,1,3
1226,NJ0508001,0,0.5073327422142029,1,3
1227,NJ0508001,0,0.5073327422142029,1,3
1228,NJ0508001,0,0.5073327422142029,1,3
1229,NJ0508001,0,0.5073327422142029,1,3
1230,NJ0509001,0,0.15660054981708527,0,3
1231,NJ0509001,0,0.15660054981708527,0,3
1232,NJ0509001,0,0.15660054981708527,0,3
1233,NJ0509001,0,0.15660054981708527,0,3
1234,NJ0514001,0,0.14128287136554718,0,3
1235,NJ0514001,0,0.14128287136554718,0,3
1236,NJ0514001,0,0.14128287136554718,0,3
1237,NJ0514001,0,0.14128287136554718,0,3
1238,NJ0514001,0,0.14128287136554718,0,3
1239,NJ0514001,0,0.14128287136554718,0,3
1240,NJ0514001,0,0.14128287136554718,0,3
1241,NJ0601001,0,0.5339779853820801,1,3
1242,NJ0601001,0,0.5339779853820801,1,3
1243,NJ0601001,0,0.5339779853820801,1,3
1244,NJ0601001,0,0.5339779853820801,1,3
1245,NJ0609001,0,0.07483493536710739,0,4
1246,NJ0609001,0,0.07483493536710739,0,4
1247,NJ0609001,0,0.07483493536710739,0,4
1248,NJ0609001,0,0.07483493536710739,0,4
1249,NJ0609001,0,0.07483493536710739,0,4
1250,NJ0610001,0,0.0987551286816597,0,4
1251,NJ0610001,0,0.0987551286816597,0,4
1252,NJ0610001,1,0.0987551286816597,0,4
1253,NJ0610001,0,0.0987551286816597,0,4
1254,NJ0614003,1,0.2206316590309143,0,4
1255,NJ0614003,1,0.2653142511844635,0,4
1256,NJ0614003,1,0.2206316590309143,0,4
1257,NJ0614003,1,0.2653142511844635,0,4
1258,NJ0614003,0,0.2206316590309143,0,4
1259,NJ0614003,0,0.2206316590309143,0,4
1260,NJ0614003,1,0.2653142511844635,0,4
1261,NJ0701001,0,0.6192978620529175,1,5
1262,NJ0702001,0,0.747427225112915,1,2
1263,NJ0703001,1,0.5731797814369202,1,1
1264,NJ0704001,1,0.7421871423721313,1,4
1265,NJ0704001,1,0.7421871423721313,1,4
1266,NJ0705001,1,0.8861373662948608,1,5
1267,NJ0707001,1,0.8329829573631287,1,1
1268,NJ0708001,1,0.7193876504898071,1,4
1269,NJ0710001,1,0.847637414932251,1,4
1270,NJ0710001,1,0.847637414932251,1,4
1271,NJ0710001,1,0.7668266296386719,1,4
1272,NJ0710001,1,0.847637414932251,1,4
1273,NJ0710001,1,0.847637414932251,1,4
1274,NJ0710001,1,0.847637414932251,1,4
1275,NJ0710001,1,0.847637414932251,1,4
1276,NJ0710001,1,0.847637414932251,1,4
1277,NJ0710001,1,0.847637414932251,1,4
1278,NJ0710001,1,0.847637414932251,1,4
1279,NJ0712001,0,0.8228436708450317,1,2
1280,NJ0712001,1,0.8228436708450317,1,2
1281,NJ0712001,1,0.8228436708450317,1,2
1282,NJ0712001,1,0.8228436708450317,1,2
1283,NJ0712001,1,0.8228436708450317,1,2
1284,NJ0712001,1,0.8228436708450317,1,2
1285,NJ0712001,1,0.8290151953697205,1,2
1286,NJ0712001,1,0.8290151953697205,1,2
1287,NJ0712001,0,0.8923771977424622,1,2
1288,NJ0712001,0,0.8920460343360901,1,2
1289,NJ0712001,1,0.8228436708450317,1,2
1290,NJ0712001,1,0.8290151953697205,1,2
1291,NJ0713001,1,0.9185938239097595,1,3
1292,NJ0713001,1,0.9185938239097595,1,3
1293,NJ0713001,1,0.9046630859375,1,3
1294,NJ0714001,1,0.8012581467628479,1,4
1295,NJ0714001,0,0.8047423958778381,1,4
1296,NJ0715001,1,0.8738940954208374,1,5
1297,NJ0717001,1,0.8572323322296143,1,3
1298,NJ0718001,1,0.7743843793869019,1,5
1299,NJ0719001,1,0.789729118347168,1,1
1300,NJ0721001,1,0.5735080242156982,1,2
1301,NJ0801001,1,0.3421296179294586,0,2
1302,NJ0801001,0,0.3421296179294586,0,2
1303,NJ0802001,1,0.5570115447044373,1,5
1304,NJ0802001,1,0.5570115447044373,1,5
1305,NJ0802001,0,0.5570115447044373,1,5
1306,NJ0802001,0,0.5570115447044373,1,5
1307,NJ0802001,1,0.5570115447044373,1,5
1308,NJ0802001,0,0.5570115447044373,1,5
1309,NJ0802001,0,0.5570115447044373,1,5
1310,NJ0802001,0,0.5570115447044373,1,5
1311,NJ0803001,1,0.4830644428730011,0,5
1312,NJ0803001,0,0.280055433511734,0,5
1313,NJ0803001,1,0.31005948781967163,0,5
1314,NJ0803001,0,0.280055433511734,0,5
1315,NJ0806001,1,0.28275755047798157,0,4
1316,NJ0806001,1,0.601046621799469,1,4
1317,NJ0806001,0,0.27075621485710144,0,4
1318,NJ0806001,0,0.28275755047798157,0,4
1319,NJ0806001,1,0.27075621485710144,0,4
1320,NJ0807001,0,0.5495561957359314,1,5
1321,NJ0807001,0,0.5495561957359314,1,5
1322,NJ0808001,0,0.6137410402297974,1,3
1323,NJ0808001,0,0.6038799285888672,1,3
1324,NJ0809002,1,0.6122524738311768,1,1
1325,NJ0809002,0,0.27670523524284363,0,1
1326,NJ0809002,0,0.29336661100387573,0,1
1327,NJ0810004,1,0.6011190414428711,1,4
1328,NJ0810004,0,0.3251909911632538,0,4
1329,NJ0810004,0,0.3168104887008667,0,4
1330,NJ0810004,0,0.3168104887008667,0,4
1331,NJ0810004,0,0.3168104887008667,0,4
1332,NJ0810004,0,0.3168104887008667,0,4
1333,NJ0811002,0,0.526613175868988,1,3
1334,NJ0811002,1,0.5576043128967285,1,3
1335,NJ0811002,0,0.5419846177101135,1,3
1336,NJ0811002,0,0.5419846177101135,1,3
1337,NJ0811002,0,0.5419846177101135,1,3
1338,NJ0811002,0,0.5419846177101135,1,3
1339,NJ0811002,0,0.5419846177101135,1,3
1340,NJ0811002,0,0.526613175868988,1,3
1341,NJ0814001,0,0.5905247330665588,1,5
1342,NJ0814001,1,0.47374454140663147,0,5
1343,NJ0815001,1,0.5774622559547424,1,5
1344,NJ0815001,0,0.401653528213501,0,5
1345,NJ0815001,0,0.401653528213501,0,5
1346,NJ0817305,0,0.3618954122066498,0,1
1347,NJ0818004,0,0.6518483757972717,1,2
1348,NJ0818004,0,0.6518483757972717,1,2
1349,NJ0818004,1,0.6416604518890381,1,2
1350,NJ0818004,1,0.45222899317741394,0,2
1351,NJ0818004,0,0.45222899317741394,0,2
1352,NJ0818004,0,0.45222899317741394,0,2
1353,NJ0818004,0,0.45222899317741394,0,2
1354,NJ0818004,0,0.45222899317741394,0,2
1355,NJ0818004,0,0.45222899317741394,0,2
1356,NJ0818004,0,0.45222899317741394,0,2
1357,NJ0818004,0,0.45222899317741394,0,2
1358,NJ0820001,1,0.5570027232170105,1,5
1359,NJ0820001,1,0.5570027232170105,1,5
1360,NJ0820001,1,0.5570027232170105,1,5
1361,NJ0820001,1,0.5570027232170105,1,5
1362,NJ0820001,0,0.5633952617645264,1,5
1363,NJ0820001,1,0.5570027232170105,1,5
1364,NJ0820301,1,0.2673397362232208,0,3
1365,NJ0821001,1,0.48093417286872864,0,1
1366,NJ0822001,0,0.5530606508255005,1,5
1367,NJ0822001,0,0.5530606508255005,1,5
1368,NJ0822001,1,0.6685567498207092,1,5
1369,NJ0824001,0,0.5612675547599792,1,4
1370,NJ0824001,0,0.5595211982727051,1,4
1371,NJ0901001,1,0.7115815877914429,1,1
1372,NJ0904001,1,0.8399206399917603,1,1
1373,NJ0905001,1,0.5214609503746033,1,5
1374,NJ0906001,1,0.771060049533844,1,1
1375,NJ0907001,1,0.8784130215644836,1,2
1376,NJ1005001,1,0.6195625066757202,1,3
1377,NJ1005001,0,0.6195625066757202,1,3
1378,NJ1005001,0,0.6195625066757202,1,3
1379,NJ1005001,0,0.6195625066757202,1,3
1380,NJ1005001,1,0.6195625066757202,1,3
1381,NJ1005001,1,0.6195625066757202,1,3
1382,NJ1005001,0,0.6195625066757202,1,3
1383,NJ1005001,1,0.6195625066757202,1,3
1384,NJ1005001,1,0.6195625066757202,1,3
1385,NJ1005001,1,0.6195625066757202,1,3
1386,NJ1009001,1,0.8644896149635315,1,1
1387,NJ1009001,1,0.8644896149635315,1,1
1388,NJ1009001,1,0.8644896149635315,1,1
1389,NJ1009001,1,0.8644896149635315,1,1
1390,NJ1014001,1,0.3669885993003845,0,3
1391,NJ1014001,0,0.4106144309043884,0,3
1392,NJ1017001,0,0.637454092502594,1,1
1393,NJ1101002,0,0.5298172235488892,1,2
1394,NJ1101002,0,0.5363455414772034,1,2
1395,NJ1101002,0,0.5363455414772034,1,2
1396,NJ1101002,0,0.5363455414772034,1,2
1397,NJ1103001,1,0.8463699817657471,1,3
1398,NJ1103001,1,0.8463699817657471,1,3
1399,NJ1103001,1,0.8463699817657471,1,3
1400,NJ1103001,0,0.8463699817657471,1,3
1401,NJ1103001,1,0.8463699817657471,1,3
1402,NJ1104001,0,0.41375893354415894,0,1
1403,NJ1106316,1,0.6040651202201843,1,3
1404,NJ1106319,1,0.2000219225883484,0,3
1405,NJ1107002,1,0.23454870283603668,0,1
1406,NJ1107002,1,0.23454870283603668,0,1
1407,NJ1111001,0,0.7753658294677734,1,4
1408,NJ1204001,1,0.7109518647193909,1,4
1409,NJ1205001,0,0.7654791474342346,1,1
1410,NJ1205001,1,0.7654791474342346,1,1
1411,NJ1207001,1,0.7467812299728394,1,2
1412,NJ1209002,0,0.7188631296157837,1,4
1413,NJ1209002,1,0.7188631296157837,1,4
1414,NJ1209002,1,0.7179872989654541,1,4
1415,NJ1209002,1,0.7229955792427063,1,4
1416,NJ1212001,1,0.7326579093933105,1,5
1417,NJ1213002,0,0.3853633403778076,0,5
1418,NJ1213002,1,0.3853633403778076,0,5
1419,NJ1213002,0,0.3853633403778076,0,5
1420,NJ1213002,1,0.3853633403778076,0,5
1421,NJ1213002,1,0.3853633403778076,0,5
1422,NJ1213002,0,0.3853633403778076,0,5
1423,NJ1214001,1,0.6432444453239441,1,3
1424,NJ1215001,0,0.7645028233528137,1,1
1425,NJ1216001,1,0.7069611549377441,1,5
1426,NJ1219001,1,0.724067747592926,1,5
1427,NJ1221004,1,0.7866188287734985,1,5
1428,NJ1221004,1,0.8546399474143982,1,5
1429,NJ1221004,1,0.8546399474143982,1,5
1430,NJ1221004,0,0.8546399474143982,1,5
1431,NJ1223001,0,0.6917725205421448,1,2
1432,NJ1223001,1,0.6735793948173523,1,2
1433,NJ1224001,1,0.6686463952064514,1,2
1434,NJ1225001,1,0.710426390171051,1,1
1435,NJ1225001,1,0.8410957455635071,1,1
1436,NJ1225001,1,0.710426390171051,1,1
1437,NJ1302001,0,0.475116103887558,0,4
1438,NJ1304001,0,0.16759426891803741,0,4
1439,NJ1305001,1,0.5373640656471252,1,4
1440,NJ1305001,0,0.2433810532093048,0,4
1441,NJ1306001,1,0.5304449796676636,1,5
1442,NJ1306001,1,0.5304449796676636,1,5
1443,NJ1308001,1,0.6398268342018127,1,4
1444,NJ1308001,1,0.6368069052696228,1,4
1445,NJ1312001,1,0.6524587273597717,1,4
1446,NJ1312001,0,0.32573410868644714,0,4
1447,NJ1315001,0,0.43644702434539795,0,4
1448,NJ1316001,0,0.42403268814086914,0,4
1449,NJ1316001,0,0.36214154958724976,0,4
1450,NJ1316001,0,0.36214154958724976,0,4
1451,NJ1316001,1,0.6732253432273865,1,4
1452,NJ1321001,1,0.7436585426330566,1,3
1453,NJ1321001,0,0.741603434085846,1,3
1454,NJ1322001,1,0.7246150374412537,1,1
1455,NJ1322001,0,0.40757012367248535,0,1
1456,NJ1326001,0,0.2482752501964569,0,1
1457,NJ1326001,0,0.2482752501964569,0,1
1458,NJ1326001,1,0.5440756678581238,1,1
1459,NJ1326001,1,0.5440756678581238,1,1
1460,NJ1326002,1,0.5910283923149109,1,2
1461,NJ1326002,0,0.2509690225124359,0,2
1462,NJ1327001,0,0.3263852596282959,0,2
1463,NJ1328002,0,0.6993083357810974,1,2
1464,NJ1328002,0,0.6993083357810974,1,2
1465,NJ1328002,1,0.6668668389320374,1,2
1466,NJ1329001,1,0.6908069849014282,1,5
1467,NJ1329001,1,0.406758189201355,0,5
1468,NJ1330002,0,0.6218039989471436,1,4
1469,NJ1332313,0,0.34831616282463074,0,2
1470,NJ1339001,1,0.7313634157180786,1,3
1471,NJ1339001,0,0.45470425486564636,0,3
1472,NJ1339001,0,0.45470425486564636,0,3
1473,NJ1340001,1,0.5323346257209778,1,2
1474,NJ1345001,0,0.2763563394546509,0,1
1475,NJ1345001,1,0.2763563394546509,0,1
1476,NJ1345001,0,0.2763563394546509,0,1
1477,NJ1345001,0,0.2763563394546509,0,1
1478,NJ1345001,0,0.2763563394546509,0,1
1479,NJ1345001,1,0.4894128143787384,0,1
1480,NJ1345001,1,0.4894128143787384,0,1
1481,NJ1345001,0,0.2763563394546509,0,1
1482,NJ1345001,1,0.5303032398223877,1,1
1483,NJ1345001,0,0.2763563394546509,0,1
1484,NJ1345001,1,0.4894128143787384,0,1
1485,NJ1345001,0,0.2763563394546509,0,1
1486,NJ1345001,0,0.2763563394546509,0,1
1487,NJ1345001,0,0.2763563394546509,0,1
1488,NJ1345001,1,0.2763563394546509,0,1
1489,NJ1348001,0,0.2554439306259155,0,5
1490,NJ1348001,0,0.2554439306259155,0,5
1491,NJ1348001,0,0.47914865612983704,0,5
1492,NJ1349001,1,0.6491013169288635,1,3
1493,NJ1349001,0,0.2544645667076111,0,3
1494,NJ1350001,1,0.6215437650680542,1,2
1495,NJ1352003,0,0.5384915471076965,1,2
1496,NJ1352003,0,0.5384915471076965,1,2
1497,NJ1352003,1,0.5384915471076965,1,2
1498,NJ1352003,0,0.5384915471076965,1,2
1499,NJ1352003,1,0.5384915471076965,1,2
1500,NJ1352003,1,0.5384915471076965,1,2
1501,NJ1401001,1,0.9073208570480347,1,4
1502,NJ1401001,1,0.9003902077674866,1,4
1503,NJ1403001,1,0.8633944392204285,1,2
1504,NJ1404001,0,0.8393160700798035,1,3
1505,NJ1406325,1,0.6935485601425171,1,3
1506,NJ1408001,1,0.7911061644554138,1,2
1507,NJ1408001,1,0.7911061644554138,1,2
1508,NJ1408001,1,0.7911061644554138,1,2
1509,NJ1408001,1,0.7911061644554138,1,2
1510,NJ1408001,0,0.821755051612854,1,2
1511,NJ1409001,1,0.5883184671401978,1,2
1512,NJ1409001,1,0.5883184671401978,1,2
1513,NJ1410001,1,0.8272632360458374,1,4
1514,NJ1410001,1,0.8146241903305054,1,4
1515,NJ1410001,1,0.7981734871864319,1,4
1516,NJ1411001,1,0.8028191328048706,1,5
1517,NJ1411001,1,0.8028191328048706,1,5
1518,NJ1411001,1,0.8028191328048706,1,5
1519,NJ1411001,1,0.8028191328048706,1,5
1520,NJ1414003,1,0.7317528128623962,1,3
1521,NJ1414003,1,0.7317528128623962,1,3
1522,NJ1414003,1,0.7317528128623962,1,3
1523,NJ1414011,1,0.8624308705329895,1,1
1524,NJ1414011,1,0.8624308705329895,1,1
1525,NJ1416001,1,0.7463903427124023,1,4
1526,NJ1417001,1,0.7456424832344055,1,4
1527,NJ1417001,1,0.7465701699256897,1,4
1528,NJ1417001,1,0.7456424832344055,1,4
1529,NJ1417001,1,0.7465701699256897,1,4
1530,NJ1420001,0,0.5278792381286621,1,5
1531,NJ1421003,1,0.7757120132446289,1,2
1532,NJ1421003,1,0.7757120132446289,1,2
1533,NJ1421003,1,0.6706567406654358,1,2
1534,NJ1421003,1,0.6706567406654358,1,2
1535,NJ1424001,1,0.9069259762763977,1,2
1536,NJ1424001,0,0.9069259762763977,1,2
1537,NJ1424001,1,0.9069259762763977,1,2
1538,NJ1424001,1,0.9069259762763977,1,2
1539,NJ1424001,0,0.9080573320388794,1,2
1540,NJ1424001,1,0.9069259762763977,1,2
1541,NJ1424001,1,0.9069259762763977,1,2
1542,NJ1424001,1,0.9069259762763977,1,2
1543,NJ1424001,0,0.9069259762763977,1,2
1544,NJ1425001,1,0.7303979396820068,1,3
1545,NJ1425001,1,0.7303979396820068,1,3
1546,NJ1425001,1,0.7303979396820068,1,3
1547,NJ1425001,1,0.7303979396820068,1,3
1548,NJ1426005,0,0.8089502453804016,1,4
1549,NJ1427001,1,0.7454416751861572,1,4
1550,NJ1427001,1,0.7454416751861572,1,4
1551,NJ1427001,1,0.7454416751861572,1,4
1552,NJ1427005,1,0.7268885374069214,1,3
1553,NJ1427005,1,0.7268885374069214,1,3
1554,NJ1427005,1,0.7268885374069214,1,3
1555,NJ1427007,0,0.8878117203712463,1,2
1556,NJ1427017,0,0.4888903796672821,0,4
1557,NJ1427017,0,0.4888903796672821,0,4
1558,NJ1427017,1,0.4888903796672821,0,4
1559,NJ1428001,1,0.8057519197463989,1,4
1560,NJ1428001,1,0.8057519197463989,1,4
1561,NJ1428001,1,0.8057519197463989,1,4
1562,NJ1429001,1,0.6800322532653809,1,5
1563,NJ1429001,1,0.6800322532653809,1,5
1564,NJ1429001,1,0.6800322532653809,1,5
1565,NJ1429001,1,0.6800322532653809,1,5
1566,NJ1429001,1,0.6800322532653809,1,5
1567,NJ1429001,0,0.686882495880127,1,5
1568,NJ1429001,1,0.6800322532653809,1,5
1569,NJ1429001,1,0.6800322532653809,1,5
1570,NJ1429001,1,0.6800322532653809,1,5
1571,NJ1429001,1,0.6800322532653809,1,5
1572,NJ1429001,1,0.691951334476471,1,5
1573,NJ1429001,1,0.6800322532653809,1,5
1574,NJ1429001,1,0.6800322532653809,1,5
1575,NJ1429001,1,0.6800322532653809,1,5
1576,NJ1431001,0,0.7647992372512817,1,4
1577,NJ1432003,0,0.7073636054992676,1,1
1578,NJ1432003,0,0.7073636054992676,1,1
1579,NJ1434001,1,0.6137542724609375,1,2
1580,NJ1435002,1,0.7012192010879517,1,2
1581,NJ1435002,1,0.7064989805221558,1,2
1582,NJ1435002,1,0.7012192010879517,1,2
1583,NJ1435003,1,0.868101954460144,1,5
1584,NJ1436002,0,0.7367107272148132,1,4
1585,NJ1436002,0,0.7367107272148132,1,4
1586,NJ1436002,0,0.7367107272148132,1,4
1587,NJ1436002,0,0.7367107272148132,1,4
1588,NJ1436003,0,0.7605768442153931,1,1
1589,NJ1436003,1,0.7605768442153931,1,1
1590,NJ1436004,1,0.8167461156845093,1,5
1591,NJ1436004,0,0.8167461156845093,1,5
1592,NJ1438003,1,0.7048092484474182,1,5
1593,NJ1438003,0,0.7048092484474182,1,5
1594,NJ1438003,0,0.7048092484474182,1,5
1595,NJ1438004,1,0.49593231081962585,0,4
1596,NJ1438004,0,0.49593231081962585,0,4
1597,NJ1438004,0,0.49593231081962585,0,4
1598,NJ1438004,1,0.49593231081962585,0,4
1599,NJ1438004,1,0.49593231081962585,0,4
1600,NJ1438004,1,0.49593231081962585,0,4
1601,NJ1438004,1,0.49593231081962585,0,4
1602,NJ1438004,1,0.49593231081962585,0,4
1603,NJ1439001,1,0.7547968626022339,1,4
1604,NJ1439001,1,0.7513543367385864,1,4
1605,NJ1439001,1,0.7513543367385864,1,4
1606,NJ1501001,0,0.19584409892559052,0,5
1607,NJ1501001,0,0.19584409892559052,0,5
1608,NJ1503001,0,0.14913509786128998,0,3
1609,NJ1504001,0,0.3300618827342987,0,4
1610,NJ1505002,0,0.3200153708457947,0,3
1611,NJ1505002,0,0.3200153708457947,0,3
1612,NJ1505002,0,0.3200153708457947,0,3
1613,NJ1505003,0,0.1043841689825058,0,5
1614,NJ1505003,0,0.1043841689825058,0,5
1615,NJ1505004,0,0.4047833979129791,0,5
1616,NJ1506001,1,0.40919724106788635,0,2
1617,NJ1507005,0,0.15012475848197937,0,5
1618,NJ1507005,0,0.15012475848197937,0,5
1619,NJ1507005,1,0.15012475848197937,0,5
1620,NJ1507005,1,0.15012475848197937,0,5
1621,NJ1507005,1,0.23854780197143555,0,5
1622,NJ1507005,0,0.15012475848197937,0,5
1623,NJ1507005,0,0.15012475848197937,0,5
1624,NJ1509001,0,0.09027010202407837,0,3
1625,NJ1509001,0,0.09027010202407837,0,3
1626,NJ1511001,0,0.23083727061748505,0,2
1627,NJ1511001,0,0.23083727061748505,0,2
1628,NJ1511001,0,0.2186560481786728,0,2
1629,NJ1511001,0,0.2186560481786728,0,2
1630,NJ1511001,0,0.2186560481786728,0,2
1631,NJ1511001,0,0.2186560481786728,0,2
1632,NJ1511001,0,0.23083727061748505,0,2
1633,NJ1511415,0,0.38367924094200134,0,1
1634,NJ1512001,0,0.20967847108840942,0,5
1635,NJ1512001,0,0.20967847108840942,0,5
1636,NJ1514002,1,0.505088210105896,1,3
1637,NJ1514002,1,0.505088210105896,1,3
1638,NJ1514002,1,0.5022214651107788,1,3
1639,NJ1514002,0,0.5022214651107788,1,3
1640,NJ1514002,1,0.5022214651107788,1,3
1641,NJ1514002,0,0.5022214651107788,1,3
1642,NJ1514002,1,0.5022214651107788,1,3
1643,NJ1515001,0,0.10290758311748505,0,1
1644,NJ1515001,0,0.10290758311748505,0,1
1645,NJ1516001,0,0.1617991030216217,0,2
1646,NJ1516001,0,0.1617991030216217,0,2
1647,NJ1516001,0,0.1617991030216217,0,2
1648,NJ1516001,0,0.11127392202615738,0,2
1649,NJ1516001,0,0.11127392202615738,0,2
1650,NJ1517001,0,0.10736869275569916,0,3
1651,NJ1517001,0,0.10736869275569916,0,3
1652,NJ1517001,0,0.10736869275569916,0,3
1653,NJ1518004,1,0.4023378789424896,0,1
1654,NJ1518004,1,0.4023378789424896,0,1
1655,NJ1518004,0,0.4023378789424896,0,1
1656,NJ1518004,0,0.417701780796051,0,1
1657,NJ1518005,1,0.4491766691207886,0,2
1658,NJ1518005,0,0.400795042514801,0,2
1659,NJ1518005,1,0.4491766691207886,0,2
1660,NJ1520001,0,0.34959641098976135,0,4
1661,NJ1520001,0,0.34959641098976135,0,4
1662,NJ1524001,0,0.515694797039032,1,1
1663,NJ1524001,0,0.515694797039032,1,1
1664,NJ1524001,0,0.515694797039032,1,1
1665,NJ1524001,1,0.5643162131309509,1,1
1666,NJ1524001,1,0.5643162131309509,1,1
1667,NJ1525001,1,0.48688262701034546,0,2
1668,NJ1526001,0,0.3252909481525421,0,4
1669,NJ1527001,0,0.10927806049585342,0,5
1670,NJ1527001,0,0.10927806049585342,0,5
1671,NJ1527001,0,0.10927806049585342,0,5
1672,NJ1528001,0,0.08386572450399399,0,1
1673,NJ1530004,0,0.18547239899635315,0,5
1674,NJ1530004,0,0.18547239899635315,0,5
1675,NJ1530004,0,0.18547239899635315,0,5
1676,NJ1531001,0,0.05653724819421768,0,4
1677,NJ1531001,0,0.05653724819421768,0,4
1678,NJ1531001,0,0.05653724819421768,0,4
1679,NJ1532002,0,0.0657443031668663,0,4
1680,NJ1533001,0,0.14141759276390076,0,2
1681,NJ1533001,0,0.14141759276390076,0,2
1682,NJ1533001,0,0.14141759276390076,0,2
1683,NJ1533001,0,0.14141759276390076,0,2
1684,NJ1601001,1,0.5548195838928223,1,5
1685,NJ1603001,1,0.8550674319267273,1,1
1686,NJ1604001,1,0.9313432574272156,1,4
1687,NJ1604001,1,0.9313432574272156,1,4
1688,NJ1604001,1,0.9173579216003418,1,4
1689,NJ1604001,1,0.9313432574272156,1,4
1690,NJ1605001,1,0.7813073396682739,1,1
1691,NJ1605001,1,0.7813073396682739,1,1
1692,NJ1605002,1,0.7996363043785095,1,2
1693,NJ1609001,0,0.7866872549057007,1,2
1694,NJ1609001,0,0.7866872549057007,1,2
1695,NJ1611002,1,0.8865934014320374,1,1
1696,NJ1611002,1,0.8878384232521057,1,1
1697,NJ1611002,1,0.8878384232521057,1,1
1698,NJ1611002,1,0.8878384232521057,1,1
1699,NJ1612001,1,0.7808079719543457,1,3
1700,NJ1613002,1,0.9001545906066895,1,1
1701,NJ1613002,1,0.9001545906066895,1,1
1702,NJ1613002,1,0.9001545906066895,1,1
1703,NJ1613002,1,0.8818261027336121,1,1
1704,NJ1614001,1,0.7426280379295349,1,4
1705,NJ1616001,1,0.8692772388458252,1,2
1706,NJ1616001,1,0.8692772388458252,1,2
1707,NJ1707001,0,0.19557598233222961,0,5
1708,NJ1707001,1,0.4881129264831543,0,5
1709,NJ1708001,1,0.1785508245229721,0,5
1710,NJ1708001,1,0.1785508245229721,0,5
1711,NJ1708001,1,0.1785508245229721,0,5
1712,NJ1712001,1,0.3431912362575531,0,1
1713,NJ1715001,0,0.36930519342422485,0,3
1714,NJ1715001,0,0.36930519342422485,0,3
1715,NJ1808001,1,0.7653701305389404,1,2
1716,NJ1808001,1,0.7653701305389404,1,2
1717,NJ1808001,1,0.7653701305389404,1,2
1718,NJ1904357,0,0.6779219508171082,1,5
1719,NJ1906002,0,0.7776870131492615,1,1
1720,NJ1908322,0,0.22289806604385376,0,3
1721,NJ1909001,1,0.282955139875412,0,2
1722,NJ1909001,1,0.282955139875412,0,2
1723,NJ1910337,0,0.3888520896434784,0,2
1724,NJ1912001,0,0.7266705632209778,1,5
1725,NJ1912001,1,0.7266705632209778,1,5
1726,NJ1912001,0,0.7266705632209778,1,5
1727,NJ1912001,0,0.7266705632209778,1,5
1728,NJ1912001,0,0.7266705632209778,1,5
1729,NJ1912001,1,0.7266705632209778,1,5
1730,NJ1912001,0,0.7266705632209778,1,5
1731,NJ1915001,0,0.3722943663597107,0,4
1732,NJ1918004,1,0.4285796284675598,0,5
1733,NJ1918004,1,0.4285796284675598,0,5
1734,NJ1918004,1,0.4285796284675598,0,5
1735,NJ1918004,0,0.4285796284675598,0,5
1736,NJ1918004,1,0.4285796284675598,0,5
1737,NJ1918004,1,0.4285796284675598,0,5
1738,NJ1918004,1,0.4285796284675598,0,5
1739,NJ1918004,1,0.4285796284675598,0,5
1740,NJ1918004,1,0.4285796284675598,0,5
1741,NJ1918004,1,0.4285796284675598,0,5
1742,NJ1918004,1,0.4285796284675598,0,5
1743,NJ1918004,1,0.4285796284675598,0,5
1744,NJ1918004,1,0.4285796284675598,0,5
1745,NJ1919001,1,0.7203466296195984,1,3
1746,NJ1919001,1,0.7203466296195984,1,3
1747,NJ1919001,0,0.7203466296195984,1,3
1748,NJ1922026,1,0.5179109573364258,1,2
1749,NJ1922350,0,0.3741505444049835,0,1
1750,NJ1924316,0,0.1822032779455185,0,5
1751,NJ2004001,1,0.7514022588729858,1,3
1752,NJ2004002,1,0.7663467526435852,1,3
1753,NJ2004002,1,0.7663467526435852,1,3
1754,NJ2004002,1,0.8107571005821228,1,3
1755,NJ2004002,1,0.6702746748924255,1,3
1756,NJ2004002,1,0.6332410573959351,1,3
1757,NJ2004002,1,0.7663467526435852,1,3
1758,NJ2004002,0,0.7663467526435852,1,3
1759,NJ2013001,1,0.6842113137245178,1,3
1760,NJ2101001,1,0.4437570869922638,0,1
1761,NJ2108001,0,0.524488091468811,1,3
1762,NJ2108001,0,0.524488091468811,1,3
1763,NJ2108001,0,0.524488091468811,1,3
1764,NJ2108001,0,0.524488091468811,1,3
1765,NJ2113002,0,0.39819255471229553,0,4
1766,NJ2119001,0,0.4204099476337433,0,5
1767,NJ2121001,0,0.5104655027389526,1,2
1768,NJ2121001,1,0.5070975422859192,1,2
1769,NJ2121001,1,0.5070975422859192,1,2
1770,NJ2121001,0,0.5104655027389526,1,2
1771,NJ2121001,1,0.5070975422859192,1,2
1772,NJ2121001,1,0.5070975422859192,1,2
1773,NY0100189,0,0.2951282262802124,0,4
1774,NY0100191,0,0.1976766139268875,0,2
1775,NY0100191,0,0.1976766139268875,0,2
1776,NY0100191,0,0.20693907141685486,0,2
1777,NY0100192,0,0.3334287405014038,0,5
1778,NY0100194,1,0.16165800392627716,0,4
1779,NY0100198,0,0.4419631361961365,0,2
1780,NY0100200,0,0.12001218646764755,0,4
1781,NY0100201,1,0.16933391988277435,0,4
1782,NY0100203,1,0.19272951781749725,0,3
1783,NY0100203,1,0.19272951781749725,0,3
1784,NY0100205,0,0.4545934796333313,0,5
1785,NY0110127,0,0.4053114056587219,0,3
1786,NY0200319,0,0.10634734481573105,0,2
1787,NY0200319,0,0.10634734481573105,0,2
1788,NY0200327,1,0.053789667785167694,0,3
1789,NY0220581,0,0.17056730389595032,0,4
1790,NY0301651,0,0.31169602274894714,0,4
1791,NY0301651,1,0.3231832683086395,0,4
1792,NY0301653,0,0.4684566259384155,0,1
1793,NY0301653,1,0.4684566259384155,0,1
1794,NY0301653,1,0.4684566259384155,0,1
1795,NY0301653,0,0.4684566259384155,0,1
1796,NY0301653,0,0.4684566259384155,0,1
1797,NY0301653,0,0.4684566259384155,0,1
1798,NY0301665,0,0.3141354024410248,0,5
1799,NY0301668,1,0.35115745663642883,0,5
1800,NY0301668,1,0.35115745663642883,0,5
1801,NY0301668,1,0.35115745663642883,0,5
1802,NY0301674,0,0.2895846962928772,0,2
1803,NY0301674,0,0.2895846962928772,0,2
1804,NY0301674,1,0.2895846962928772,0,2
1805,NY0400345,0,0.2846798598766327,0,3
1806,NY0400345,0,0.2846798598766327,0,3
1807,NY0400345,0,0.20595334470272064,0,3
1808,NY0400349,1,0.14192982017993927,0,4
1809,NY0400349,1,0.14192982017993927,0,4
1810,NY0420357,0,0.31785279512405396,0,1
1811,NY0420357,0,0.31785279512405396,0,1
1812,NY0420358,0,0.31785279512405396,0,1
1813,NY0501710,0,0.14313887059688568,0,2
1814,NY0501717,0,0.1393783837556839,0,4
1815,NY0501717,0,0.1393783837556839,0,4
1816,NY0501720,0,0.10966349393129349,0,1
1817,NY0501720,0,0.10966349393129349,0,1
1818,NY0600360,0,0.1814388930797577,0,2
1819,NY0600364,0,0.16983003914356232,0,2
1820,NY0600366,0,0.3784588873386383,0,3
1821,NY0600366,0,0.3784588873386383,0,3
1822,NY0600381,0,0.1745263636112213,0,2
1823,NY0615782,0,0.14819857478141785,0,2
1824,NY0701008,0,0.184949591755867,0,3
1825,NY0701009,0,0.42270585894584656,0,2
1826,NY0701009,0,0.4110358953475952,0,2
1827,NY0701011,1,0.292388916015625,0,3
1828,NY0701011,0,0.292388916015625,0,3
1829,NY0701011,0,0.292388916015625,0,3
1830,NY0801745,0,0.10852646827697754,0,5
1831,NY0801745,0,0.11641114950180054,0,5
1832,NY0900217,1,0.1643282175064087,0,5
1833,NY0900220,0,0.30209115147590637,0,4
1834,NY0904192,0,0.06937245279550552,0,3
1835,NY1000238,0,0.3055276870727539,0,5
1836,NY1000239,0,0.22340179979801178,0,2
1837,NY1100634,0,0.2088947892189026,0,3
1838,NY1101754,0,0.17691776156425476,0,2
1839,NY1101754,0,0.17691776156425476,0,2
1840,NY1101755,1,0.05856745317578316,0,2
1841,NY1101755,0,0.05856745317578316,0,2
1842,NY1101757,0,0.14841671288013458,0,3
1843,NY1101757,0,0.14841671288013458,0,3
1844,NY1200257,0,0.13523589074611664,0,4
1845,NY1200257,0,0.13523589074611664,0,4
1846,NY1200270,1,0.17034585773944855,0,4
1847,NY1200270,1,0.17034585773944855,0,4
1848,NY1302760,0,0.28274235129356384,0,5
1849,NY1302765,0,0.46318182349205017,0,2
1850,NY1302766,1,0.3222886621952057,0,1
1851,NY1302776,0,0.18341414630413055,0,4
1852,NY1302783,0,0.23962144553661346,0,5
1853,NY1302794,1,0.2717514634132385,0,3
1854,NY1302796,0,0.20101402699947357,0,4
1855,NY1302812,0,0.32429900765419006,0,3
1856,NY1319317,0,0.2989714443683624,0,4
1857,NY1330291,0,0.3086665868759155,0,2
1858,NY1330550,1,0.12771819531917572,0,5
1859,NY1330660,0,0.2756684720516205,0,1
1860,NY1330660,1,0.2756684720516205,0,1
1861,NY1330660,0,0.2756684720516205,0,1
1862,NY1400411,0,0.202109694480896,0,4
1863,NY1400422,0,0.35022053122520447,0,2
1864,NY1400433,1,0.2669515311717987,0,2
1865,NY1400443,0,0.2536514401435852,0,4
1866,NY1400443,0,0.2536514401435852,0,4
1867,NY1400451,0,0.3571918308734894,0,2
1868,NY1400539,0,0.13211293518543243,0,5
1869,NY1404556,0,0.1306488811969757,0,3
1870,NY1410142,0,0.23775680363178253,0,5
1871,NY1415379,0,0.1737227439880371,0,3
1872,NY1420549,0,0.4096991717815399,0,2
1873,NY1500284,0,0.11235544085502625,0,3
1874,NY1500286,0,0.3187396824359894,0,3
1875,NY1500293,0,0.050411615520715714,0,3
1876,NY1500293,0,0.07554738223552704,0,3
1877,NY1500293,1,0.050411615520715714,0,3
1878,NY1500299,0,0.3725815415382385,0,5
1879,NY1600008,0,0.10564003139734268,0,1
1880,NY1600011,0,0.1498369574546814,0,3
1881,NY1600012,0,0.1286565512418747,0,3
1882,NY1600012,0,0.1286565512418747,0,3
1883,NY1700018,0,0.27826210856437683,0,1
1884,NY1700019,0,0.22064043581485748,0,4
1885,NY1700019,0,0.22064043581485748,0,4
1886,NY1800544,1,0.40153124928474426,0,4
1887,NY1800554,0,0.25847628712654114,0,5
1888,NY1800554,0,0.2543531358242035,0,5
1889,NY1900026,1,0.09737242013216019,0,4
1890,NY1900027,0,0.08511167019605637,0,2
1891,NY1920318,0,0.09949328005313873,0,2
1892,NY1920318,0,0.1028844341635704,0,2
1893,NY1920318,0,0.1028844341635704,0,2
1894,NY1930059,1,0.11872886121273041,0,3
1895,NY1930059,0,0.11872886121273041,0,3
1896,NY2102300,0,0.10672243684530258,0,5
1897,NY2102306,0,0.1963910460472107,0,5
1898,NY2102307,0,0.13469423353672028,0,2
1899,NY2102308,0,0.14234581589698792,0,4
1900,NY2102313,0,0.09698236733675003,0,3
1901,NY2202334,0,0.15335553884506226,0,4
1902,NY2202346,0,0.12660638988018036,0,2
1903,NY2212214,1,0.22257690131664276,0,5
1904,NY2212214,0,0.23630286753177643,0,5
1905,NY2221206,1,0.40579748153686523,0,2
1906,NY2221206,0,0.40579748153686523,0,2
1907,NY2221206,0,0.40579748153686523,0,2
1908,NY2221206,0,0.40579748153686523,0,2
1909,NY2402365,0,0.10920319706201553,0,1
1910,NY2501015,0,0.09997383505105972,0,3
1911,NY2501017,0,0.3187416195869446,0,4
1912,NY2501019,0,0.329334020614624,0,2
1913,NY2501023,0,0.06679830700159073,0,3
1914,NY2602371,0,0.19763143360614777,0,5
1915,NY2602377,0,0.16512145102024078,0,3
1916,NY2602377,0,0.16512145102024078,0,3
1917,NY2602379,0,0.13326206803321838,0,5
1918,NY2602381,0,0.1804937720298767,0,1
1919,NY2613319,0,0.10149899870157242,0,2
1920,NY2701039,0,0.2873528301715851,0,3
1921,NY2701045,1,0.2101636528968811,0,5
1922,NY2701047,0,0.44125235080718994,0,5
1923,NY2701047,0,0.44125235080718994,0,5
1924,NY2701047,0,0.4471132457256317,0,5
1925,NY2701047,0,0.4471132457256317,0,5
1926,NY2701047,0,0.5057382583618164,1,5
1927,NY2701118,0,0.28984618186950684,0,5
1928,NY2704518,0,0.2721094787120819,0,2
1929,NY2704518,0,0.27279219031333923,0,2
1930,NY2800136,0,0.2637493312358856,0,3
1931,NY2800139,0,0.07414040714502335,0,3
1932,NY2900000,0,0.1992567926645279,0,2
1933,NY2900000,0,0.1992567926645279,0,2
1934,NY2900000,1,0.2190384864807129,0,2
1935,NY2900000,0,0.2190384864807129,0,2
1936,NY2900000,0,0.22649680078029633,0,2
1937,NY2900000,0,0.2190384864807129,0,2
1938,NY2900000,0,0.2190384864807129,0,2
1939,NY2900000,0,0.2190384864807129,0,2
1940,NY2900000,0,0.22649680078029633,0,2
1941,NY2900000,0,0.22649680078029633,0,2
1942,NY2900000,1,0.2250545173883438,0,2
1943,NY2900000,0,0.42155587673187256,0,2
1944,NY2900000,0,0.22649680078029633,0,2
1945,NY2902815,0,0.37134039402008057,0,4
1946,NY2902815,1,0.39906051754951477,0,4
1947,NY2902815,1,0.37134039402008057,0,4
1948,NY2902815,1,0.37134039402008057,0,4
1949,NY2902816,0,0.4641716182231903,0,2
1950,NY2902816,0,0.4641716182231903,0,2
1951,NY2902816,0,0.4641716182231903,0,2
1952,NY2902817,0,0.1817120909690857,0,1
1953,NY2902817,0,0.1817120909690857,0,1
1954,NY2902817,0,0.1956913024187088,0,1
1955,NY2902817,0,0.21367515623569489,0,1
1956,NY2902817,1,0.21367515623569489,0,1
1957,NY2902818,0,0.4263988733291626,0,3
1958,NY2902818,0,0.4263988733291626,0,3
1959,NY2902818,0,0.5294432640075684,1,3
1960,NY2902822,0,0.22290916740894318,0,4
1961,NY2902822,0,0.22290916740894318,0,4
1962,NY2902822,0,0.24968788027763367,0,4
1963,NY2902823,0,0.23460033535957336,0,2
1964,NY2902823,0,0.23460033535957336,0,2
1965,NY2902823,0,0.23460033535957336,0,2
1966,NY2902824,0,0.27065208554267883,0,4
1967,NY2902824,1,0.27885350584983826,0,4
1968,NY2902824,0,0.27065208554267883,0,4
1969,NY2902824,0,0.27885350584983826,0,4
1970,NY2902824,0,0.27065208554267883,0,4
1971,NY2902824,0,0.27065208554267883,0,4
1972,NY2902825,1,0.45249703526496887,0,1
1973,NY2902825,0,0.45249703526496887,0,1
1974,NY2902825,1,0.45249703526496887,0,1
1975,NY2902825,1,0.48092222213745117,0,1
1976,NY2902825,1,0.45249703526496887,0,1
1977,NY2902826,0,0.21626542508602142,0,2
1978,NY2902826,1,0.21626542508602142,0,2
1979,NY2902826,1,0.21626542508602142,0,2
1980,NY2902826,0,0.21855828166007996,0,2
1981,NY2902827,1,0.2903514504432678,0,4
1982,NY2902827,0,0.2903514504432678,0,4
1983,NY2902829,0,0.29417547583580017,0,4
1984,NY2902829,0,0.20098765194416046,0,4
1985,NY2902829,0,0.29417547583580017,0,4
1986,NY2902829,0,0.20098765194416046,0,4
1987,NY2902829,0,0.20098765194416046,0,4
1988,NY2902829,0,0.21321998536586761,0,4
1989,NY2902829,0,0.18425831198692322,0,4
1990,NY2902829,1,0.25782105326652527,0,4
1991,NY2902830,0,0.538409948348999,1,2
1992,NY2902830,0,0.5306013822555542,1,2
1993,NY2902830,1,0.538409948348999,1,2
1994,NY2902830,0,0.5306013822555542,1,2
1995,NY2902830,1,0.46842220425605774,0,2
1996,NY2902830,1,0.5404598712921143,1,2
1997,NY2902830,1,0.538409948348999,1,2
1998,NY2902830,1,0.538409948348999,1,2
1999,NY2902830,0,0.5306013822555542,1,2
2000,NY2902830,0,0.46842220425605774,0,2
2001,NY2902830,1,0.5404598712921143,1,2
2002,NY2902830,0,0.5404598712921143,1,2
2003,NY2902830,0,0.5306013822555542,1,2
2004,NY2902831,1,0.28078779578208923,0,5
2005,NY2902831,0,0.28078779578208923,0,5
2006,NY2902831,1,0.28078779578208923,0,5
2007,NY2902831,0,0.28078779578208923,0,5
2008,NY2902831,0,0.28078779578208923,0,5
2009,NY2902831,0,0.28078779578208923,0,5
2010,NY2902831,1,0.28078779578208923,0,5
2011,NY2902831,0,0.28078779578208923,0,5
2012,NY2902831,1,0.28078779578208923,0,5
2013,NY2902831,1,0.28078779578208923,0,5
2014,NY2902831,1,0.28078779578208923,0,5
2015,NY2902831,1,0.28078779578208923,0,5
2016,NY2902831,0,0.28078779578208923,0,5
2017,NY2902831,1,0.28078779578208923,0,5
2018,NY2902831,1,0.28078779578208923,0,5
2019,NY2902831,0,0.28078779578208923,0,5
2020,NY2902831,0,0.28078779578208923,0,5
2021,NY2902833,0,0.1995507776737213,0,5
2022,NY2902833,1,0.19578588008880615,0,5
2023,NY2902833,0,0.19578588008880615,0,5
2024,NY2902833,0,0.1995507776737213,0,5
2025,NY2902833,0,0.1995507776737213,0,5
2026,NY2902834,0,0.09253589063882828,0,5
2027,NY2902835,0,0.34270021319389343,0,5
2028,NY2902835,0,0.34270021319389343,0,5
2029,NY2902835,0,0.34270021319389343,0,5
2030,NY2902835,0,0.34270021319389343,0,5
2031,NY2902835,0,0.34270021319389343,0,5
2032,NY2902835,0,0.34270021319389343,0,5
2033,NY2902835,0,0.34270021319389343,0,5
2034,NY2902835,0,0.34270021319389343,0,5
2035,NY2902835,0,0.34270021319389343,0,5
2036,NY2902835,0,0.34270021319389343,0,5
2037,NY2902835,0,0.34270021319389343,0,5
2038,NY2902835,0,0.34270021319389343,0,5
2039,NY2902835,1,0.34270021319389343,0,5
2040,NY2902835,0,0.34270021319389343,0,5
2041,NY2902835,0,0.34270021319389343,0,5
2042,NY2902835,0,0.34270021319389343,0,5
2043,NY2902835,1,0.34270021319389343,0,5
2044,NY2902835,0,0.34270021319389343,0,5
2045,NY2902836,0,0.07231985777616501,0,5
2046,NY2902836,0,0.07231985777616501,0,5
2047,NY2902836,1,0.07231985777616501,0,5
2048,NY2902836,1,0.07231985777616501,0,5
2049,NY2902836,0,0.07231985777616501,0,5
2050,NY2902836,0,0.07231985777616501,0,5
2051,NY2902836,0,0.07231985777616501,0,5
2052,NY2902836,0,0.07231985777616501,0,5
2053,NY2902836,1,0.07231985777616501,0,5
2054,NY2902836,0,0.07231985777616501,0,5
2055,NY2902837,0,0.22654615342617035,0,3
2056,NY2902837,0,0.22654615342617035,0,3
2057,NY2902837,0,0.22654615342617035,0,3
2058,NY2902837,0,0.22654615342617035,0,3
2059,NY2902837,0,0.22654615342617035,0,3
2060,NY2902837,0,0.22654615342617035,0,3
2061,NY2902837,0,0.22654615342617035,0,3
2062,NY2902837,0,0.22654615342617035,0,3
2063,NY2902837,0,0.22654615342617035,0,3
2064,NY2902839,0,0.3180239200592041,0,4
2065,NY2902839,1,0.3180239200592041,0,4
2066,NY2902839,1,0.3329944312572479,0,4
2067,NY2902840,0,0.1894809603691101,0,5
2068,NY2902840,0,0.18586191534996033,0,5
2069,NY2902840,0,0.1894809603691101,0,5
2070,NY2902840,0,0.1894809603691101,0,5
2071,NY2902840,0,0.1894809603691101,0,5
2072,NY2902840,0,0.1894809603691101,0,5
2073,NY2902840,0,0.1894809603691101,0,5
2074,NY2902841,0,0.3516875207424164,0,2
2075,NY2902841,0,0.3031982183456421,0,2
2076,NY2902841,0,0.36308807134628296,0,2
2077,NY2902841,0,0.3516875207424164,0,2
2078,NY2902841,0,0.357690691947937,0,2
2079,NY2902841,0,0.3516875207424164,0,2
2080,NY2902841,0,0.3031982183456421,0,2
2081,NY2902841,0,0.36308807134628296,0,2
2082,NY2902843,0,0.31187719106674194,0,5
2083,NY2902845,0,0.4626320004463196,0,5
2084,NY2902845,0,0.4626320004463196,0,5
2085,NY2902845,0,0.46775761246681213,0,5
2086,NY2902845,1,0.4626320004463196,0,5
2087,NY2902845,1,0.4626320004463196,0,5
2088,NY2902848,0,0.18123497068881989,0,4
2089,NY2902848,0,0.18123497068881989,0,4
2090,NY2902848,0,0.1813640296459198,0,4
2091,NY2902848,0,0.1813640296459198,0,4
2092,NY2902851,0,0.3798276484012604,0,5
2093,NY2902851,0,0.38543543219566345,0,5
2094,NY2902851,0,0.38543543219566345,0,5
2095,NY2902851,1,0.38543543219566345,0,5
2096,NY2902851,0,0.3798276484012604,0,5
2097,NY2902851,0,0.38543543219566345,0,5
2098,NY2902851,0,0.38543543219566345,0,5
2099,NY2902851,1,0.3798276484012604,0,5
2100,NY2902853,0,0.36301305890083313,0,3
2101,NY2902853,0,0.3466440737247467,0,3
2102,NY2902854,0,0.4525402784347534,0,3
2103,NY2902854,0,0.4525402784347534,0,3
2104,NY2902854,0,0.4525402784347534,0,3
2105,NY2902854,0,0.4703102111816406,0,3
2106,NY2902854,0,0.4525402784347534,0,3
2107,NY2902854,0,0.4703102111816406,0,3
2108,NY2902854,0,0.4525402784347534,0,3
2109,NY2902856,0,0.44599881768226624,0,3
2110,NY2902856,0,0.44599881768226624,0,3
2111,NY2902856,0,0.44599881768226624,0,3
2112,NY2902856,0,0.44599881768226624,0,3
2113,NY2902856,1,0.44599881768226624,0,3
2114,NY2902856,0,0.44599881768226624,0,3
2115,NY2902856,1,0.44599881768226624,0,3
2116,NY2902857,0,0.31398579478263855,0,3
2117,NY2902857,0,0.26412737369537354,0,3
2118,NY2902858,0,0.5059402585029602,1,2
2119,NY2902858,1,0.5158440470695496,1,2
2120,NY2912267,0,0.45045629143714905,0,3
2121,NY2912267,0,0.45045629143714905,0,3
2122,NY2912267,0,0.46579208970069885,0,3
2123,NY2912267,0,0.46579208970069885,0,3
2124,NY2912267,1,0.46579208970069885,0,3
2125,NY2912267,1,0.45045629143714905,0,3
2126,NY2912267,1,0.45045629143714905,0,3
2127,NY2912267,1,0.46579208970069885,0,3
2128,NY2912267,1,0.45045629143714905,0,3
2129,NY3100557,0,0.25416743755340576,0,4
2130,NY3100561,1,0.24020037055015564,0,5
2131,NY3100563,0,0.30580586194992065,0,2
2132,NY3100564,0,0.31467729806900024,0,4
2133,NY3100568,0,0.26393795013427734,0,5
2134,NY3100571,0,0.2763708233833313,0,4
2135,NY3100572,0,0.4482465088367462,0,1
2136,NY3100573,1,0.23303747177124023,0,3
2137,NY3100574,0,0.25070908665657043,0,3
2138,NY3100574,0,0.25070908665657043,0,3
2139,NY3100577,0,0.3052831292152405,0,1
2140,NY3100580,0,0.22860197722911835,0,3
2141,NY3100585,0,0.3363739848136902,0,1
2142,NY3100587,0,0.22906853258609772,0,5
2143,NY3100588,0,0.27691248059272766,0,2
2144,NY3100595,0,0.32331210374832153,0,1
2145,NY3202405,0,0.40398600697517395,0,5
2146,NY3202411,0,0.23810946941375732,0,4
2147,NY3304307,0,0.3479112684726715,0,3
2148,NY3304307,0,0.3479112684726715,0,3
2149,NY3304334,0,0.26923874020576477,0,3
2150,NY3304336,0,0.3451860547065735,0,4
2151,NY3304336,0,0.3451860547065735,0,4
2152,NY3304336,1,0.30833008885383606,0,4
2153,NY3304343,0,0.201615571975708,0,1
2154,NY3304343,0,0.201615571975708,0,1
2155,NY3304344,0,0.28857940435409546,0,4
2156,NY3304347,0,0.1985180526971817,0,1
2157,NY3316112,0,0.2604410946369171,0,3
2158,NY3400784,1,0.13033097982406616,0,3
2159,NY3401150,0,0.26917919516563416,0,1
2160,NY3401151,0,0.1390358954668045,0,5
2161,NY3401156,0,0.2307070940732956,0,5
2162,NY3401170,0,0.1546982079744339,0,2
2163,NY3404514,0,0.22102385759353638,0,2
2164,NY3411948,0,0.1372833251953125,0,1
2165,NY3411948,0,0.13976633548736572,0,1
2166,NY3430008,0,0.1459956020116806,0,5
2167,NY3430034,0,0.11858905106782913,0,4
2168,NY3430041,0,0.0686083510518074,0,3
2169,NY3503524,1,0.30264347791671753,0,5
2170,NY3503524,0,0.4100208282470703,0,5
2171,NY3503526,1,0.561945915222168,1,3
2172,NY3503526,0,0.7181629538536072,1,3
2173,NY3503528,0,0.2814572751522064,0,1
2174,NY3503528,0,0.368973970413208,0,1
2175,NY3503531,1,0.5900101661682129,1,4
2176,NY3503531,0,0.5900101661682129,1,4
2177,NY3503532,0,0.3311863839626312,0,5
2178,NY3503534,0,0.3237625062465668,0,4
2179,NY3503535,1,0.45246031880378723,0,4
2180,NY3503535,1,0.4464234709739685,0,4
2181,NY3503536,1,0.334171861410141,0,4
2182,NY3503542,0,0.22618521749973297,0,1
2183,NY3503542,1,0.22618521749973297,0,1
2184,NY3503542,0,0.22618521749973297,0,1
2185,NY3503549,0,0.5238945484161377,1,1
2186,NY3503553,0,0.2108788788318634,0,4
2187,NY3503553,0,0.2108788788318634,0,4
2188,NY3503553,0,0.2108788788318634,0,4
2189,NY3503554,0,0.14675992727279663,0,2
2190,NY3503559,0,0.35939928889274597,0,5
2191,NY3503559,0,0.36348995566368103,0,5
2192,NY3503559,0,0.36348995566368103,0,5
2193,NY3503561,0,0.4079996347427368,0,1
2194,NY3503561,0,0.42658811807632446,0,1
2195,NY3503567,0,0.38322800397872925,0,3
2196,NY3503567,0,0.38322800397872925,0,3
2197,NY3503573,0,0.6591401696205139,1,3
2198,NY3503573,0,0.6591401696205139,1,3
2199,NY3503573,1,0.6591401696205139,1,3
2200,NY3503578,1,0.30723148584365845,0,2
2201,NY3503578,1,0.30723148584365845,0,2
2202,NY3503580,0,0.4984365403652191,0,3
2203,NY3503580,1,0.5188815593719482,1,3
2204,NY3503580,0,0.5188815593719482,1,3
2205,NY3503627,1,0.7664369344711304,1,3
2206,NY3503627,0,0.7664369344711304,1,3
2207,NY3503627,1,0.7704646587371826,1,3
2208,NY3503627,0,0.7704646587371826,1,3
2209,NY3503627,0,0.7704646587371826,1,3
2210,NY3504069,0,0.1674608439207077,0,4
2211,NY3504069,0,0.1674608439207077,0,4
2212,NY3504069,0,0.1674608439207077,0,4
2213,NY3511338,0,0.44503673911094666,0,2
2214,NY3511887,0,0.279697984457016,0,4
2215,NY3522798,0,0.36530232429504395,0,1
2216,NY3600596,0,0.32551100850105286,0,1
2217,NY3600600,0,0.28429898619651794,0,2
2218,NY3630023,1,0.43944740295410156,0,4
2219,NY3704355,0,0.2669346332550049,0,2
2220,NY3704361,0,0.2940087914466858,0,5
2221,NY3730037,0,0.20143988728523254,0,4
2222,NY3800154,0,0.23102916777133942,0,5
2223,NY3802590,0,0.05629686266183853,0,2
2224,NY3830002,0,0.1202516108751297,0,5
2225,NY3903641,0,0.4650847017765045,0,2
2226,NY3922421,0,0.3632848560810089,0,3
2227,NY4100041,0,0.40706539154052734,0,1
2228,NY4100044,0,0.1817111074924469,0,1
2229,NY4100050,0,0.5053302645683289,1,2
2230,NY4100051,0,0.20612411201000214,0,1
2231,NY4110144,0,0.2219422161579132,0,1
2232,NY4130243,0,0.13743332028388977,0,2
2233,NY4130338,0,0.2177491933107376,0,1
2234,NY4303666,1,0.6499416828155518,1,2
2235,NY4303673,1,0.6128937005996704,1,3
2236,NY4303673,1,0.7324070930480957,1,3
2237,NY4303673,1,0.7360278367996216,1,3
2238,NY4303673,1,0.7324070930480957,1,3
2239,NY4303673,1,0.7469766736030579,1,3
2240,NY4303673,0,0.7324070930480957,1,3
2241,NY4303673,1,0.7360278367996216,1,3
2242,NY4303673,1,0.7395123243331909,1,3
2243,NY4303673,1,0.7435574531555176,1,3
2244,NY4303673,1,0.674538254737854,1,3
2245,NY4303673,1,0.7469766736030579,1,3
2246,NY4303673,0,0.7324070930480957,1,3
2247,NY4303673,1,0.7395123243331909,1,3
2248,NY4303673,0,0.6790415048599243,1,3
2249,NY4303673,0,0.7395123243331909,1,3
2250,NY4303673,1,0.6919061541557312,1,3
2251,NY4303673,0,0.7395123243331909,1,3
2252,NY4303673,1,0.7395123243331909,1,3
2253,NY4303673,1,0.7395123243331909,1,3
2254,NY4303673,1,0.7469766736030579,1,3
2255,NY4303673,1,0.7395123243331909,1,3
2256,NY4303673,1,0.7395123243331909,1,3
2257,NY4303673,1,0.7246713638305664,1,3
2258,NY4303673,1,0.753057599067688,1,3
2259,NY4303673,1,0.7395123243331909,1,3
2260,NY4303673,1,0.7395123243331909,1,3
2261,NY4303673,0,0.7469766736030579,1,3
2262,NY4303673,0,0.7469766736030579,1,3
2263,NY4303673,1,0.7395123243331909,1,3
2264,NY4303673,1,0.7395123243331909,1,3
2265,NY4303673,0,0.7395123243331909,1,3
2266,NY4303673,1,0.7435574531555176,1,3
2267,NY4303673,1,0.674538254737854,1,3
2268,NY4303673,0,0.6128937005996704,1,3
2269,NY4303675,1,0.8238668441772461,1,5
2270,NY4404381,0,0.07516571134328842,0,5
2271,NY4404381,0,0.07516571134328842,0,5
2272,NY4404381,0,0.07516571134328842,0,5
2273,NY4404381,0,0.07516571134328842,0,5
2274,NY4404381,0,0.07516571134328842,0,5
2275,NY4404385,0,0.11729166656732559,0,2
2276,NY4404390,0,0.33909037709236145,0,5
2277,NY4404394,0,0.17708151042461395,0,2
2278,NY4404397,0,0.3180820941925049,0,5
2279,NY4500162,0,0.48447415232658386,0,2
2280,NY4500164,0,0.18352466821670532,0,4
2281,NY4500166,0,0.4563659131526947,0,2
2282,NY4500168,0,0.3577099144458771,0,5
2283,NY4500168,1,0.2260643094778061,0,5
2284,NY4500170,0,0.31253454089164734,0,3
2285,NY4500173,0,0.18431244790554047,0,1
2286,NY4500173,0,0.18770188093185425,0,1
2287,NY4500175,1,0.4125995635986328,0,2
2288,NY4500175,0,0.29407528042793274,0,2
2289,NY4500175,0,0.29407528042793274,0,2
2290,NY4500175,0,0.29407528042793274,0,2
2291,NY4500175,0,0.29407528042793274,0,2
2292,NY4500175,0,0.29407528042793274,0,2
2293,NY4500177,0,0.1645554155111313,0,2
2294,NY4500177,0,0.1645554155111313,0,2
2295,NY4500178,0,0.34460997581481934,0,2
2296,NY4500186,0,0.49176275730133057,0,3
2297,NY4500186,0,0.49176275730133057,0,3
2298,NY4500186,0,0.5047624111175537,1,3
2299,NY4500186,0,0.49176275730133057,0,3
2300,NY4505658,0,0.541361391544342,1,2
2301,NY4505658,0,0.5490075945854187,1,2
2302,NY4511620,0,0.24313801527023315,0,3
2303,NY4511620,0,0.24313801527023315,0,3
2304,NY4519111,0,0.33585357666015625,0,5
2305,NY4519111,0,0.33585357666015625,0,5
2306,NY4530240,0,0.17020472884178162,0,4
2307,NY4600069,0,0.5704841613769531,1,1
2308,NY4600071,1,0.5617664456367493,1,5
2309,NY4600073,0,0.4380417466163635,0,3
2310,NY4600091,1,0.5227676033973694,1,4
2311,NY4700094,0,0.12638252973556519,0,3
2312,NY4901198,0,0.17285455763339996,0,4
2313,NY4901199,0,0.16585062444210052,0,3
2314,NY5001206,0,0.17385488748550415,0,2
2315,NY5001206,0,0.17385488748550415,0,2
2316,NY5001206,0,0.17385488748550415,0,2
2317,NY5001206,0,0.17385488748550415,0,2
2318,NY5001209,1,0.3063940703868866,0,1
2319,NY5001209,0,0.3063940703868866,0,1
2320,NY5001212,0,0.3420591652393341,0,3
2321,NY5001212,0,0.3420591652393341,0,3
2322,NY5001212,1,0.3420591652393341,0,3
2323,NY5001212,0,0.3420591652393341,0,3
2324,NY5001212,0,0.3420591652393341,0,3
2325,NY5001215,0,0.07912741601467133,0,4
2326,NY5001215,0,0.07848081737756729,0,4
2327,NY5103263,0,0.30574047565460205,0,2
2328,NY5103263,0,0.31329771876335144,0,2
2329,NY5103263,0,0.31329771876335144,0,2
2330,NY5103263,0,0.31329771876335144,0,2
2331,NY5103263,0,0.2722029983997345,0,2
2332,NY5103263,0,0.30574047565460205,0,2
2333,NY5103263,0,0.31329771876335144,0,2
2334,NY5103263,0,0.31329771876335144,0,2
2335,NY5103263,0,0.31040576100349426,0,2
2336,NY5103263,0,0.31040576100349426,0,2
2337,NY5103263,0,0.31329771876335144,0,2
2338,NY5103266,1,0.20986653864383698,0,2
2339,NY5103271,1,0.28156641125679016,0,4
2340,NY5103271,0,0.28156641125679016,0,4
2341,NY5103271,0,0.28156641125679016,0,4
2342,NY5103271,0,0.3002801239490509,0,4
2343,NY5103271,0,0.28156641125679016,0,4
2344,NY5103271,1,0.28156641125679016,0,4
2345,NY5103271,0,0.3002801239490509,0,4
2346,NY5103271,0,0.2777864634990692,0,4
2347,NY5103271,0,0.3002801239490509,0,4
2348,NY5103271,1,0.28156641125679016,0,4
2349,NY5103271,0,0.3002801239490509,0,4
2350,NY5103271,0,0.28156641125679016,0,4
2351,NY5103276,0,0.17177031934261322,0,5
2352,NY5103276,0,0.17177031934261322,0,5
2353,NY5103276,0,0.17177031934261322,0,5
2354,NY5103276,0,0.1684192717075348,0,5
2355,NY5103276,0,0.17177031934261322,0,5
2356,NY5103276,0,0.17177031934261322,0,5
2357,NY5103276,0,0.1684192717075348,0,5
2358,NY5103280,0,0.04334553703665733,0,5
2359,NY5103280,0,0.04334553703665733,0,5
2360,NY5103704,0,0.1653818041086197,0,5
2361,NY5103704,1,0.16213099658489227,0,5
2362,NY5103704,0,0.1653818041086197,0,5
2363,NY5103704,0,0.1653818041086197,0,5
2364,NY5103704,0,0.1653818041086197,0,5
2365,NY5103705,0,0.2637566328048706,0,5
2366,NY5103705,0,0.38825276494026184,0,5
2367,NY5103705,0,0.38825276494026184,0,5
2368,NY5103705,0,0.2637566328048706,0,5
2369,NY5103705,0,0.2637566328048706,0,5
2370,NY5103705,0,0.2637566328048706,0,5
2371,NY5103705,0,0.2637566328048706,0,5
2372,NY5103705,0,0.2637566328048706,0,5
2373,NY5103705,0,0.2637566328048706,0,5
2374,NY5103705,1,0.2637566328048706,0,5
2375,NY5105656,0,0.3963797986507416,0,1
2376,NY5110526,0,0.23571869730949402,0,1
2377,NY5110526,1,0.2258502095937729,0,1
2378,NY5110526,0,0.2258502095937729,0,1
2379,NY5110526,0,0.2258502095937729,0,1
2380,NY5110526,0,0.2258502095937729,0,1
2381,NY5110526,0,0.2258502095937729,0,1
2382,NY5110526,0,0.2258502095937729,0,1
2383,NY5110526,0,0.2258502095937729,0,1
2384,NY5110526,0,0.2258502095937729,0,1
2385,NY5110526,0,0.2258502095937729,0,1
2386,NY5110526,0,0.2258502095937729,0,1
2387,NY5110526,0,0.2258502095937729,0,1
2388,NY5110526,0,0.2258502095937729,0,1
2389,NY5110526,0,0.2258502095937729,0,1
2390,NY5110526,0,0.2258502095937729,0,1
2391,NY5110526,1,0.2258502095937729,0,1
2392,NY5110526,0,0.2258502095937729,0,1
2393,NY5110526,1,0.2258502095937729,0,1
2394,NY5110526,0,0.2258502095937729,0,1
2395,NY5110526,0,0.2258502095937729,0,1
2396,NY5110526,0,0.2258502095937729,0,1
2397,NY5110526,0,0.23571869730949402,0,1
2398,NY5110526,0,0.23571869730949402,0,1
2399,NY5110526,0,0.2258502095937729,0,1
2400,NY5110526,0,0.2258502095937729,0,1
2401,NY5110526,0,0.2258502095937729,0,1
2402,NY5110526,0,0.23571869730949402,0,1
2403,NY5110526,0,0.2258502095937729,0,1
2404,NY5110526,0,0.2258502095937729,0,1
2405,NY5110526,0,0.23571869730949402,0,1
2406,NY5110526,0,0.2258502095937729,0,1
2407,NY5110526,0,0.2258502095937729,0,1
2408,NY5110526,0,0.2258502095937729,0,1
2409,NY5110526,0,0.2258502095937729,0,1
2410,NY5110526,0,0.2258502095937729,0,1
2411,NY5110526,0,0.2258502095937729,0,1
2412,NY5110526,0,0.2258502095937729,0,1
2413,NY5110526,0,0.2258502095937729,0,1
2414,NY5110526,0,0.23571869730949402,0,1
2415,NY5110526,0,0.2258502095937729,0,1
2416,NY5110526,0,0.2258502095937729,0,1
2417,NY5110526,0,0.2258502095937729,0,1
2418,NY5110526,0,0.2258502095937729,0,1
2419,NY5110526,0,0.2258502095937729,0,1
2420,NY5110526,0,0.2258502095937729,0,1
2421,NY5110526,0,0.2258502095937729,0,1
2422,NY5110526,0,0.2258502095937729,0,1
2423,NY5110526,0,0.23571869730949402,0,1
2424,NY5110526,1,0.2258502095937729,0,1
2425,NY5110526,0,0.2258502095937729,0,1
2426,NY5110526,0,0.2258502095937729,0,1
2427,NY5110526,0,0.2258502095937729,0,1
2428,NY5110526,0,0.2258502095937729,0,1
2429,NY5110526,0,0.2258502095937729,0,1
2430,NY5110526,0,0.23571869730949402,0,1
2431,NY5110526,0,0.23571869730949402,0,1
2432,NY5110526,0,0.23571869730949402,0,1
2433,NY5110526,0,0.23571869730949402,0,1
2434,NY5110526,1,0.23571869730949402,0,1
2435,NY5110526,0,0.2258502095937729,0,1
2436,NY5110526,0,0.2258502095937729,0,1
2437,NY5110526,0,0.23571869730949402,0,1
2438,NY5110526,0,0.2258502095937729,0,1
2439,NY5110526,0,0.23571869730949402,0,1
2440,NY5110526,0,0.23571869730949402,0,1
2441,NY5110526,0,0.23571869730949402,0,1
2442,NY5110526,1,0.23571869730949402,0,1
2443,NY5110526,0,0.23571869730949402,0,1
2444,NY5110526,0,0.23571869730949402,0,1
2445,NY5110526,0,0.25701770186424255,0,1
2446,NY5110526,0,0.2258502095937729,0,1
2447,NY5110526,0,0.23571869730949402,0,1
2448,NY5110526,0,0.2258502095937729,0,1
2449,NY5110526,1,0.23571869730949402,0,1
2450,NY5110526,0,0.23571869730949402,0,1
2451,NY5110526,1,0.23571869730949402,0,1
2452,NY5110526,0,0.23571869730949402,0,1
2453,NY5110526,0,0.2258502095937729,0,1
2454,NY5110526,0,0.23571869730949402,0,1
2455,NY5110526,0,0.2258502095937729,0,1
2456,NY5110526,0,0.2258502095937729,0,1
2457,NY5110526,0,0.23571869730949402,0,1
2458,NY5110526,0,0.2258502095937729,0,1
2459,NY5110526,1,0.25701770186424255,0,1
2460,NY5110526,0,0.2258502095937729,0,1
2461,NY5110526,0,0.2258502095937729,0,1
2462,NY5110526,0,0.2258502095937729,0,1
2463,NY5110526,0,0.2258502095937729,0,1
2464,NY5110526,1,0.23571869730949402,0,1
2465,NY5110526,1,0.23571869730949402,0,1
2466,NY5110526,0,0.2258502095937729,0,1
2467,NY5110526,0,0.2258502095937729,0,1
2468,NY5110526,1,0.23571869730949402,0,1
2469,NY5110526,0,0.23571869730949402,0,1
2470,NY5110526,0,0.23571869730949402,0,1
2471,NY5110526,0,0.23571869730949402,0,1
2472,NY5110526,1,0.2258502095937729,0,1
2473,NY5110526,0,0.2258502095937729,0,1
2474,NY5110526,0,0.2258502095937729,0,1
2475,NY5110526,0,0.23571869730949402,0,1
2476,NY5110526,0,0.2258502095937729,0,1
2477,NY5110526,0,0.2258502095937729,0,1
2478,NY5110526,0,0.2258502095937729,0,1
2479,NY5110526,0,0.23571869730949402,0,1
2480,NY5110526,0,0.2258502095937729,0,1
2481,NY5110526,0,0.2258502095937729,0,1
2482,NY5110526,0,0.2258502095937729,0,1
2483,NY5110526,0,0.2258502095937729,0,1
2484,NY5110526,0,0.2258502095937729,0,1
2485,NY5110526,0,0.2258502095937729,0,1
2486,NY5110526,1,0.2258502095937729,0,1
2487,NY5110526,0,0.2258502095937729,0,1
2488,NY5110526,0,0.23571869730949402,0,1
2489,NY5110526,0,0.2258502095937729,0,1
2490,NY5110526,0,0.2258502095937729,0,1
2491,NY5110526,0,0.2258502095937729,0,1
2492,NY5110526,0,0.2258502095937729,0,1
2493,NY5110526,0,0.2258502095937729,0,1
2494,NY5110526,0,0.2258502095937729,0,1
2495,NY5110526,0,0.2258502095937729,0,1
2496,NY5110526,0,0.2258502095937729,0,1
2497,NY5110526,0,0.23571869730949402,0,1
2498,NY5110526,0,0.2258502095937729,0,1
2499,NY5110526,1,0.2258502095937729,0,1
2500,NY5110526,0,0.2258502095937729,0,1
2501,NY5110526,0,0.2258502095937729,0,1
2502,NY5110526,1,0.2258502095937729,0,1
2503,NY5110526,1,0.23571869730949402,0,1
2504,NY5110526,0,0.2258502095937729,0,1
2505,NY5110526,0,0.23571869730949402,0,1
2506,NY5110526,0,0.2258502095937729,0,1
2507,NY5110526,1,0.2258502095937729,0,1
2508,NY5110526,0,0.2258502095937729,0,1
2509,NY5110526,1,0.2258502095937729,0,1
2510,NY5110526,0,0.23571869730949402,0,1
2511,NY5110526,0,0.2258502095937729,0,1
2512,NY5110526,0,0.2258502095937729,0,1
2513,NY5110526,1,0.23571869730949402,0,1
2514,NY5110526,1,0.2258502095937729,0,1
2515,NY5110526,1,0.2258502095937729,0,1
2516,NY5110526,0,0.2258502095937729,0,1
2517,NY5110526,0,0.2258502095937729,0,1
2518,NY5110526,1,0.23571869730949402,0,1
2519,NY5110526,0,0.23571869730949402,0,1
2520,NY5110526,0,0.2258502095937729,0,1
2521,NY5110526,0,0.2258502095937729,0,1
2522,NY5110526,1,0.2677769660949707,0,1
2523,NY5110526,0,0.2258502095937729,0,1
2524,NY5110526,0,0.2258502095937729,0,1
2525,NY5110526,0,0.2258502095937729,0,1
2526,NY5110526,0,0.23571869730949402,0,1
2527,NY5110526,0,0.2258502095937729,0,1
2528,NY5110526,0,0.23571869730949402,0,1
2529,NY5110526,0,0.23571869730949402,0,1
2530,NY5110526,0,0.23571869730949402,0,1
2531,NY5110526,1,0.2258502095937729,0,1
2532,NY5110526,0,0.23571869730949402,0,1
2533,NY5110526,0,0.2258502095937729,0,1
2534,NY5110526,0,0.2258502095937729,0,1
2535,NY5110526,1,0.2258502095937729,0,1
2536,NY5110526,0,0.2258502095937729,0,1
2537,NY5110526,0,0.2258502095937729,0,1
2538,NY5110526,1,0.2258502095937729,0,1
2539,NY5110526,1,0.2258502095937729,0,1
2540,NY5110526,1,0.23571869730949402,0,1
2541,NY5110526,0,0.2258502095937729,0,1
2542,NY5110526,0,0.23571869730949402,0,1
2543,NY5110526,0,0.2258502095937729,0,1
2544,NY5110526,0,0.23571869730949402,0,1
2545,NY5110526,1,0.2258502095937729,0,1
2546,NY5110526,0,0.23571869730949402,0,1
2547,NY5110526,0,0.2258502095937729,0,1
2548,NY5110526,0,0.2258502095937729,0,1
2549,NY5110526,0,0.2258502095937729,0,1
2550,NY5110526,0,0.2258502095937729,0,1
2551,NY5110526,0,0.2258502095937729,0,1
2552,NY5110526,0,0.2258502095937729,0,1
2553,NY5110526,0,0.23571869730949402,0,1
2554,NY5110526,1,0.2258502095937729,0,1
2555,NY5110526,1,0.2258502095937729,0,1
2556,NY5110526,0,0.23571869730949402,0,1
2557,NY5110526,0,0.23571869730949402,0,1
2558,NY5110526,0,0.2258502095937729,0,1
2559,NY5110526,1,0.2258502095937729,0,1
2560,NY5110526,0,0.2258502095937729,0,1
2561,NY5110526,0,0.2258502095937729,0,1
2562,NY5110526,0,0.2258502095937729,0,1
2563,NY5110526,0,0.2258502095937729,0,1
2564,NY5110526,0,0.2258502095937729,0,1
2565,NY5110526,1,0.2258502095937729,0,1
2566,NY5110526,0,0.2258502095937729,0,1
2567,NY5110526,0,0.2258502095937729,0,1
2568,NY5110526,0,0.2258502095937729,0,1
2569,NY5110526,0,0.2258502095937729,0,1
2570,NY5110526,0,0.2258502095937729,0,1
2571,NY5110526,1,0.2258502095937729,0,1
2572,NY5110526,0,0.23571869730949402,0,1
2573,NY5110526,0,0.2258502095937729,0,1
2574,NY5110526,0,0.2258502095937729,0,1
2575,NY5110526,1,0.2258502095937729,0,1
2576,NY5110526,0,0.23571869730949402,0,1
2577,NY5110526,0,0.2258502095937729,0,1
2578,NY5110526,0,0.23571869730949402,0,1
2579,NY5110526,0,0.2258502095937729,0,1
2580,NY5110526,0,0.2258502095937729,0,1
2581,NY5110526,0,0.2258502095937729,0,1
2582,NY5110526,0,0.23571869730949402,0,1
2583,NY5110526,0,0.2258502095937729,0,1
2584,NY5110526,1,0.23571869730949402,0,1
2585,NY5110526,0,0.2258502095937729,0,1
2586,NY5110526,0,0.2258502095937729,0,1
2587,NY5110526,1,0.2258502095937729,0,1
2588,NY5110526,0,0.23571869730949402,0,1
2589,NY5110526,0,0.2258502095937729,0,1
2590,NY5110526,0,0.2258502095937729,0,1
2591,NY5110526,1,0.2258502095937729,0,1
2592,NY5110526,1,0.2258502095937729,0,1
2593,NY5110526,0,0.23571869730949402,0,1
2594,NY5110526,0,0.2258502095937729,0,1
2595,NY5110526,0,0.2258502095937729,0,1
2596,NY5110526,1,0.2258502095937729,0,1
2597,NY5110526,0,0.2258502095937729,0,1
2598,NY5110526,0,0.2258502095937729,0,1
2599,NY5110526,0,0.2258502095937729,0,1
2600,NY5110526,0,0.2258502095937729,0,1
2601,NY5110526,0,0.2258502095937729,0,1
2602,NY5110526,0,0.2258502095937729,0,1
2603,NY5110526,0,0.2258502095937729,0,1
2604,NY5110526,1,0.2258502095937729,0,1
2605,NY5110526,0,0.2258502095937729,0,1
2606,NY5110526,0,0.2258502095937729,0,1
2607,NY5110526,0,0.2258502095937729,0,1
2608,NY5110526,0,0.2258502095937729,0,1
2609,NY5110526,0,0.2258502095937729,0,1
2610,NY5110526,0,0.2258502095937729,0,1
2611,NY5110526,1,0.2258502095937729,0,1
2612,NY5110526,1,0.23571869730949402,0,1
2613,NY5110526,0,0.2258502095937729,0,1
2614,NY5110526,1,0.2258502095937729,0,1
2615,NY5110526,1,0.23571869730949402,0,1
2616,NY5110526,0,0.2258502095937729,0,1
2617,NY5110526,0,0.2258502095937729,0,1
2618,NY5111891,0,0.28139445185661316,0,3
2619,NY5111891,1,0.28139445185661316,0,3
2620,NY5111891,0,0.28139445185661316,0,3
2621,NY5111891,0,0.26383742690086365,0,3
2622,NY5203324,0,0.4592524468898773,0,2
2623,NY5203324,1,0.4592524468898773,0,2
2624,NY5203324,0,0.4592524468898773,0,2
2625,NY5203324,0,0.4592524468898773,0,2
2626,NY5203324,0,0.4592524468898773,0,2
2627,NY5203324,0,0.4592524468898773,0,2
2628,NY5203329,0,0.14553511142730713,0,1
2629,NY5203329,1,0.143416166305542,0,1
2630,NY5203329,0,0.14553511142730713,0,1
2631,NY5203330,0,0.0750141367316246,0,3
2632,NY5203337,1,0.33393001556396484,0,5
2633,NY5203337,0,0.3546179533004761,0,5
2634,NY5203348,0,0.2564692795276642,0,5
2635,NY5203348,0,0.25299495458602905,0,5
2636,NY5203348,0,0.2564692795276642,0,5
2637,NY5203353,0,0.12673765420913696,0,2
2638,NY5304409,0,0.3257996737957001,0,5
2639,NY5304409,0,0.3257996737957001,0,5
2640,NY5304410,1,0.13243207335472107,0,5
2641,NY5304410,1,0.13243207335472107,0,5
2642,NY5304410,0,0.13243207335472107,0,5
2643,NY5304410,1,0.13243207335472107,0,5
2644,NY5330037,0,0.12121935188770294,0,5
2645,NY5404416,0,0.1943422555923462,0,4
2646,NY5404419,1,0.2143760770559311,0,1
2647,NY5417686,0,0.24382704496383667,0,2
2648,NY5503367,0,0.08357410132884979,0,2
2649,NY5503368,0,0.17660671472549438,0,3
2650,NY5503374,1,0.20646454393863678,0,5
2651,NY5503379,0,0.32475048303604126,0,3
2652,NY5503382,0,0.10320767760276794,0,1
2653,NY5503386,0,0.14281614124774933,0,2
2654,NY5503390,0,0.1577529013156891,0,4
2655,NY5503392,0,0.13684482872486115,0,3
2656,NY5510590,0,0.3269359767436981,0,3
2657,NY5600104,1,0.29884183406829834,0,3
2658,NY5600114,0,0.41187140345573425,0,5
2659,NY5700119,1,0.16630400717258453,0,4
2660,NY5700123,0,0.0900406464934349,0,4
2661,NY5704191,0,0.2220439910888672,0,5
2662,NY5722361,0,0.06820233911275864,0,3
2663,NY5801231,0,0.15393386781215668,0,4
2664,NY5801232,0,0.2354702204465866,0,4
2665,NY5801233,0,0.1931389421224594,0,4
2666,NY5801235,0,0.23475533723831177,0,3
2667,NY5801247,1,0.087135910987854,0,3
2668,NY5801257,0,0.17455041408538818,0,2
2669,NY5801257,0,0.17455041408538818,0,2
2670,NY5801257,0,0.17455041408538818,0,2
2671,NY5801258,0,0.2457985281944275,0,3
2672,NY5821130,0,0.08549322932958603,0,3
2673,NY5903150,1,0.5536285042762756,1,2
2674,NY5903419,1,0.29866987466812134,0,4
2675,NY5903420,0,0.3457496464252472,0,2
2676,NY5903423,0,0.463733047246933,0,5
2677,NY5903425,0,0.4754467308521271,0,1
2678,NY5903427,0,0.41349583864212036,0,3
2679,NY5903429,0,0.3664749562740326,0,4
2680,NY5903432,0,0.5962573289871216,1,2
2681,NY5903433,0,0.4275030195713043,0,3
2682,NY5903435,0,0.3447945713996887,0,4
2683,NY5903435,0,0.37041497230529785,0,4
2684,NY5903437,0,0.5955179929733276,1,1
2685,NY5903437,1,0.4132543206214905,0,1
2686,NY5903441,0,0.3502364456653595,0,4
2687,NY5903441,0,0.3502364456653595,0,4
2688,NY5903442,0,0.4675319492816925,0,1
2689,NY5903444,0,0.6083877086639404,1,3
2690,NY5903450,0,0.4539644420146942,0,5
2691,NY5903451,1,0.47432228922843933,0,1
2692,NY5903452,0,0.5711198449134827,1,3
2693,NY5903455,0,0.5458334684371948,1,1
2694,NY5903456,0,0.5699647068977356,1,2
2695,NY5903456,1,0.5699647068977356,1,2
2696,NY5903457,0,0.38859185576438904,0,3
2697,NY5903457,0,0.38859185576438904,0,3
2698,NY5903461,0,0.6023899912834167,1,2
2699,NY5903464,0,0.2780419886112213,0,2
2700,NY5903464,0,0.2780419886112213,0,2
2701,NY5903465,0,0.24516835808753967,0,3
2702,NY5903465,0,0.24516835808753967,0,3
2703,NY5903469,0,0.29623761773109436,0,4
2704,NY5903469,1,0.29623761773109436,0,4
2705,NY5903482,0,0.456240177154541,0,5
2706,NY5906659,1,0.31220483779907227,0,3
2707,NY5917221,1,0.7938804030418396,1,5
2708,NY5930082,0,0.42870163917541504,0,5
2709,NY6000613,0,0.16461879014968872,0,1
2710,NY6000618,0,0.1869109719991684,0,5
2711,NY6101263,1,0.15479253232479095,0,2
2712,NY7003493,0,0.43939024209976196,0,2
2713,NY7003493,0,0.5264545679092407,1,2
2714,NY7003493,0,0.5264545679092407,1,2
2715,NY7003493,0,0.5298128724098206,1,2
2716,PA1090001,1,0.9131094813346863,1,1
2717,PA1090005,1,0.9190994501113892,1,1
2718,PA1090005,1,0.915399432182312,1,1
2719,PA1090005,1,0.919752299785614,1,1
2720,PA1090022,1,0.8349037170410156,1,4
2721,PA1090026,0,0.619732677936554,1,3
2722,PA1090037,0,0.6214123964309692,1,3
2723,PA1090043,1,0.8727514147758484,1,1
2724,PA1090043,1,0.8727514147758484,1,1
2725,PA1090043,0,0.7640578746795654,1,1
2726,PA1090043,1,0.7640578746795654,1,1
2727,PA1090046,1,0.8962036967277527,1,3
2728,PA1090046,1,0.8946758508682251,1,3
2729,PA1090046,0,0.8946758508682251,1,3
2730,PA1090046,1,0.8962036967277527,1,3
2731,PA1090063,1,0.8766402006149292,1,5
2732,PA1090063,1,0.8766402006149292,1,5
2733,PA1090063,1,0.7666985392570496,1,5
2734,PA1090069,1,0.7501442432403564,1,3
2735,PA1090069,1,0.7501442432403564,1,3
2736,PA1090069,0,0.7137868404388428,1,3
2737,PA1090070,0,0.9073318839073181,1,4
2738,PA1090070,0,0.9073318839073181,1,4
2739,PA1090070,0,0.9073318839073181,1,4
2740,PA1090070,0,0.9073318839073181,1,4
2741,PA1090070,0,0.9073318839073181,1,4
2742,PA1090070,0,0.9073318839073181,1,4
2743,PA1090070,0,0.8138729333877563,1,4
2744,PA1090070,0,0.8138729333877563,1,4
2745,PA1090070,0,0.8138729333877563,1,4
2746,PA1090070,1,0.8138729333877563,1,4
2747,PA1090070,0,0.8138729333877563,1,4
2748,PA1090070,0,0.8138729333877563,1,4
2749,PA1090070,0,0.8138729333877563,1,4
2750,PA1090074,0,0.5013521313667297,1,1
2751,PA1090074,1,0.7007519602775574,1,1
2752,PA1090074,1,0.7007519602775574,1,1
2753,PA1090078,1,0.9056693315505981,1,4
2754,PA1090078,1,0.9056693315505981,1,4
2755,PA1090079,1,0.6431449055671692,1,4
2756,PA1090079,0,0.6431449055671692,1,4
2757,PA1090079,1,0.6431449055671692,1,4
2758,PA1090079,1,0.6431449055671692,1,4
2759,PA1090081,1,0.8537284135818481,1,4
2760,PA1090081,1,0.8537284135818481,1,4
2761,PA1090081,1,0.8537284135818481,1,4
2762,PA1090081,1,0.8537284135818481,1,4
2763,PA1090081,1,0.8537284135818481,1,4
2764,PA1090082,1,0.7680135369300842,1,3
2765,PA1090082,0,0.7680135369300842,1,3
2766,PA1090082,1,0.7680135369300842,1,3
2767,PA1090082,1,0.7680135369300842,1,3
2768,PA1090082,1,0.7680135369300842,1,3
2769,PA1090082,1,0.7680135369300842,1,3
2770,PA1090082,1,0.7680135369300842,1,3
2771,PA1090082,0,0.7680135369300842,1,3
2772,PA1090089,1,0.8861409425735474,1,2
2773,PA1090089,1,0.8861409425735474,1,2
2774,PA1090089,1,0.8861409425735474,1,2
2775,PA1090089,1,0.8861409425735474,1,2
2776,PA1090089,1,0.8861409425735474,1,2
2777,PA1090089,1,0.8861409425735474,1,2
2778,PA1090089,1,0.8861409425735474,1,2
2779,PA1090089,1,0.8861409425735474,1,2
2780,PA1090089,0,0.8861409425735474,1,2
2781,PA1090089,1,0.8861409425735474,1,2
2782,PA1090089,0,0.8861409425735474,1,2
2783,PA1090089,1,0.8861409425735474,1,2
2784,PA1090089,1,0.8861409425735474,1,2
2785,PA1090089,1,0.8861409425735474,1,2
2786,PA1090089,1,0.8861409425735474,1,2
2787,PA1090089,0,0.8202016949653625,1,2
2788,PA1090117,1,0.8290354013442993,1,2
2789,PA1090117,0,0.8290354013442993,1,2
2790,PA1090117,0,0.8290354013442993,1,2
2791,PA1090117,0,0.7046352028846741,1,2
2792,PA1090125,0,0.7402694821357727,1,3
2793,PA1090125,0,0.7402694821357727,1,3
2794,PA1090125,1,0.7402694821357727,1,3
2795,PA1090127,1,0.6688828468322754,1,5
2796,PA1090127,0,0.6688828468322754,1,5
2797,PA1090128,1,0.8040981888771057,1,4
2798,PA1090128,1,0.8040981888771057,1,4
2799,PA1090128,1,0.8040981888771057,1,4
2800,PA1090128,1,0.8040981888771057,1,4
2801,PA1090128,1,0.8040981888771057,1,4
2802,PA1090128,1,0.8040981888771057,1,4
2803,PA1090128,1,0.8040981888771057,1,4
2804,PA1090128,0,0.6944008469581604,1,4
2805,PA1090131,1,0.7287054061889648,1,3
2806,PA1090131,1,0.7287054061889648,1,3
2807,PA1090131,1,0.7287054061889648,1,3
2808,PA1090137,1,0.4768768846988678,0,2
2809,PA1090137,1,0.4760177731513977,0,2
2810,PA1090144,1,0.6054710149765015,1,1
2811,PA1090144,1,0.6054710149765015,1,1
2812,PA1090144,1,0.6054710149765015,1,1
2813,PA1090144,0,0.6054710149765015,1,1
2814,PA1090329,1,0.7575428485870361,1,5
2815,PA1090962,1,0.6710511445999146,1,5
2816,PA1150026,1,0.6850934028625488,1,2
2817,PA1150035,0,0.8833803534507751,1,5
2818,PA1150035,1,0.8833803534507751,1,5
2819,PA1150035,1,0.8833803534507751,1,5
2820,PA1150035,1,0.8833803534507751,1,5
2821,PA1150035,1,0.8833803534507751,1,5
2822,PA1150035,1,0.8833803534507751,1,5
2823,PA1150035,1,0.8783669471740723,1,5
2824,PA1150066,1,0.8502416014671326,1,3
2825,PA1150066,1,0.85447758436203,1,3
2826,PA1150077,1,0.7391120195388794,1,5
2827,PA1150089,1,0.8432716131210327,1,3
2828,PA1150089,1,0.8432716131210327,1,3
2829,PA1150089,1,0.8432716131210327,1,3
2830,PA1150089,1,0.8550053238868713,1,3
2831,PA1150098,1,0.9062404036521912,1,3
2832,PA1150098,1,0.8895623683929443,1,3
2833,PA1150106,1,0.6064640283584595,1,5
2834,PA1150108,1,0.8511932492256165,1,4
2835,PA1150108,0,0.8494805097579956,1,4
2836,PA1150108,1,0.8494805097579956,1,4
2837,PA1150137,1,0.8889396786689758,1,5
2838,PA1150137,1,0.8889396786689758,1,5
2839,PA1150137,1,0.8889396786689758,1,5
2840,PA1150137,1,0.8889396786689758,1,5
2841,PA1150137,1,0.8889396786689758,1,5
2842,PA1150137,1,0.905585527420044,1,5
2843,PA1150137,0,0.8889396786689758,1,5
2844,PA1150165,1,0.8547784686088562,1,1
2845,PA1150165,0,0.9144211411476135,1,1
2846,PA1150166,1,0.7018210887908936,1,1
2847,PA1150166,1,0.7847586274147034,1,1
2848,PA1150166,1,0.7847586274147034,1,1
2849,PA1150166,0,0.7847586274147034,1,1
2850,PA1150166,0,0.7847586274147034,1,1
2851,PA1230004,1,0.8015860915184021,1,4
2852,PA1230012,1,0.40707269310951233,0,5
2853,PA1230012,1,0.40707269310951233,0,5
2854,PA1230012,1,0.40707269310951233,0,5
2855,PA1230012,1,0.40707269310951233,0,5
2856,PA1460020,1,0.7085542678833008,1,3
2857,PA1460020,1,0.7085542678833008,1,3
2858,PA1460020,1,0.7085542678833008,1,3
2859,PA1460020,1,0.7085542678833008,1,3
2860,PA1460020,1,0.7085542678833008,1,3
2861,PA1460020,1,0.7085542678833008,1,3
2862,PA1460020,1,0.7085542678833008,1,3
2863,PA1460020,1,0.6360751986503601,1,3
2864,PA1460020,1,0.7085542678833008,1,3
2865,PA1460022,1,0.7863507270812988,1,5
2866,PA1460022,1,0.7863507270812988,1,5
2867,PA1460022,1,0.7863507270812988,1,5
2868,PA1460022,1,0.7863507270812988,1,5
2869,PA1460022,1,0.7863507270812988,1,5
2870,PA1460022,1,0.7863507270812988,1,5
2871,PA1460022,1,0.7863507270812988,1,5
2872,PA1460028,1,0.9270539283752441,1,1
2873,PA1460028,1,0.9234985113143921,1,1
2874,PA1460028,1,0.9185347557067871,1,1
2875,PA1460033,1,0.831181526184082,1,5
2876,PA1460033,1,0.831181526184082,1,5
2877,PA1460033,1,0.8649258613586426,1,5
2878,PA1460033,1,0.8649258613586426,1,5
2879,PA1460033,0,0.831181526184082,1,5
2880,PA1460033,1,0.831181526184082,1,5
2881,PA1460033,1,0.831181526184082,1,5
2882,PA1460033,1,0.8649258613586426,1,5
2883,PA1460033,0,0.831181526184082,1,5
2884,PA1460033,1,0.6951886415481567,1,5
2885,PA1460033,0,0.6951886415481567,1,5
2886,PA1460034,1,0.6958779096603394,1,2
2887,PA1460034,1,0.6958779096603394,1,2
2888,PA1460034,1,0.6958779096603394,1,2
2889,PA1460034,0,0.6958779096603394,1,2
2890,PA1460034,0,0.5262245535850525,1,2
2891,PA1460037,1,0.6176497936248779,1,1
2892,PA1460042,1,0.8260424137115479,1,2
2893,PA1460042,1,0.8531806468963623,1,2
2894,PA1460042,1,0.8531806468963623,1,2
2895,PA1460042,0,0.8260424137115479,1,2
2896,PA1460046,1,0.751969575881958,1,5
2897,PA1460048,1,0.8938554525375366,1,3
2898,PA1460048,1,0.8938554525375366,1,3
2899,PA1460048,1,0.8938554525375366,1,3
2900,PA1460048,1,0.8938554525375366,1,3
2901,PA1460048,1,0.8938554525375366,1,3
2902,PA1460048,1,0.8938554525375366,1,3
2903,PA1460048,0,0.8217459917068481,1,3
2904,PA1460050,1,0.7920296788215637,1,1
2905,PA1460050,1,0.7920296788215637,1,1
2906,PA1460050,1,0.7920296788215637,1,1
2907,PA1460050,1,0.8129225373268127,1,1
2908,PA1460050,1,0.7920296788215637,1,1
2909,PA1460050,1,0.6952390670776367,1,1
2910,PA1460050,0,0.6952390670776367,1,1
2911,PA1460055,1,0.8510726690292358,1,3
2912,PA1460055,1,0.8576717972755432,1,3
2913,PA1460055,1,0.8510726690292358,1,3
2914,PA1460055,1,0.8510726690292358,1,3
2915,PA1460055,1,0.8576717972755432,1,3
2916,PA1460055,1,0.8576717972755432,1,3
2917,PA1460055,0,0.8576717972755432,1,3
2918,PA1460055,1,0.8510726690292358,1,3
2919,PA1460069,1,0.7026089429855347,1,5
2920,PA1460069,1,0.7026089429855347,1,5
2921,PA1460069,1,0.7026089429855347,1,5
2922,PA1460069,1,0.7026089429855347,1,5
2923,PA1460069,1,0.7138848304748535,1,5
2924,PA1460073,1,0.9079374074935913,1,4
2925,PA1460073,1,0.8892247080802917,1,4
2926,PA1460073,1,0.8843538165092468,1,4
2927,PA1460073,1,0.8843538165092468,1,4
2928,PA1460073,0,0.8843538165092468,1,4
2929,PA1460073,1,0.8778743147850037,1,4
2930,PA1460073,1,0.8930220603942871,1,4
2931,PA1460073,1,0.8843538165092468,1,4
2932,PA1460073,1,0.8996660709381104,1,4
2933,PA1460073,1,0.8996660709381104,1,4
2934,PA1460073,1,0.8996660709381104,1,4
2935,PA1460073,1,0.8843538165092468,1,4
2936,PA1460073,1,0.8843538165092468,1,4
2937,PA1460073,1,0.8843538165092468,1,4
2938,PA1460073,1,0.8843538165092468,1,4
2939,PA1460073,1,0.8843538165092468,1,4
2940,PA1460073,1,0.8996660709381104,1,4
2941,PA1460073,0,0.8843538165092468,1,4
2942,PA1460073,1,0.8996660709381104,1,4
2943,PA1460085,0,0.9249754548072815,1,1
2944,PA1460085,1,0.9249754548072815,1,1
2945,PA1460085,1,0.9249754548072815,1,1
2946,PA1460085,1,0.9249754548072815,1,1
2947,PA1460085,1,0.9249754548072815,1,1
2948,PA1460085,0,0.9249754548072815,1,1
2949,PA1460085,0,0.9249754548072815,1,1
2950,PA1460085,1,0.8936110734939575,1,1
2951,PA1460492,1,0.9330689311027527,1,1
2952,PA1461065,1,0.3498503565788269,0,1
2953,PA1510001,1,0.7557014226913452,1,5
2954,PA1510001,1,0.7557014226913452,1,5
2955,PA1510001,1,0.7557014226913452,1,5
2956,PA2080028,0,0.35542383790016174,0,2
2957,PA2080029,0,0.20287784934043884,0,1
2958,PA2080029,0,0.20588265359401703,0,1
2959,PA2350833,0,0.23335148394107819,0,1
2960,PA2350833,1,0.23335148394107819,0,1
2961,PA2359001,0,0.2308664470911026,0,4
2962,PA2359008,0,0.19706757366657257,0,2
2963,PA2359008,1,0.3790159225463867,0,2
2964,PA2359008,1,0.3790159225463867,0,2
2965,PA2359008,0,0.3790159225463867,0,2
2966,PA2359008,0,0.3790159225463867,0,2
2967,PA2359008,0,0.3790159225463867,0,2
2968,PA2359008,0,0.3790159225463867,0,2
2969,PA2359008,0,0.3790159225463867,0,2
2970,PA2400054,1,0.20603151619434357,0,4
2971,PA2400054,0,0.1911640763282776,0,4
2972,PA2400054,1,0.20603151619434357,0,4
2973,PA2400054,0,0.20603151619434357,0,4
2974,PA2400054,0,0.20603151619434357,0,4
2975,PA2400076,1,0.67594313621521,1,1
2976,PA2400076,1,0.67594313621521,1,1
2977,PA2400076,1,0.67594313621521,1,1
2978,PA2400076,1,0.67594313621521,1,1
2979,PA2400076,0,0.67594313621521,1,1
2980,PA2400076,0,0.67594313621521,1,1
2981,PA2400076,0,0.67594313621521,1,1
2982,PA2400115,1,0.17348623275756836,0,2
2983,PA2400370,1,0.37038981914520264,0,4
2984,PA2400806,0,0.47517335414886475,0,2
2985,PA2400806,1,0.47517335414886475,0,2
2986,PA2400806,0,0.47517335414886475,0,2
2987,PA2400806,0,0.28560104966163635,0,2
2988,PA2408001,0,0.20217303931713104,0,3
2989,PA2409002,0,0.2501506805419922,0,3
2990,PA2409003,1,0.1236259788274765,0,1
2991,PA2409010,0,0.25423240661621094,0,5
2992,PA2409011,0,0.30283504724502563,0,2
2993,PA2409013,0,0.27375152707099915,0,2
2994,PA2450020,0,0.4597812592983246,0,4
2995,PA2450020,0,0.45802104473114014,0,4
2996,PA2450023,0,0.3380710184574127,0,3
2997,PA2450023,0,0.3336821496486664,0,3
2998,PA2450023,0,0.3336821496486664,0,3
2999,PA2450023,0,0.3336821496486664,0,3
3000,PA2450023,0,0.3336821496486664,0,3
3001,PA2450034,0,0.48043057322502136,0,4
3002,PA2450034,0,0.4601714015007019,0,4
3003,PA2450034,0,0.46518558263778687,0,4
3004,PA2450034,0,0.48043057322502136,0,4
3005,PA2450053,0,0.35284140706062317,0,2
3006,PA2450063,0,0.5916492938995361,1,4
3007,PA2450063,0,0.5916492938995361,1,4
3008,PA2450063,0,0.5916492938995361,1,4
3009,PA2450063,1,0.5916492938995361,1,4
3010,PA2450063,0,0.5916492938995361,1,4
3011,PA2450063,0,0.5916492938995361,1,4
3012,PA2450063,0,0.5916492938995361,1,4
3013,PA2450063,1,0.5916492938995361,1,4
3014,PA2450063,0,0.5916492938995361,1,4
3015,PA2450063,1,0.5916492938995361,1,4
3016,PA2450065,0,0.5913589596748352,1,2
3017,PA2450065,0,0.5913589596748352,1,2
3018,PA2450065,0,0.5913589596748352,1,2
3019,PA2450065,0,0.5913589596748352,1,2
3020,PA2450065,0,0.5913589596748352,1,2
3021,PA2450065,0,0.5913589596748352,1,2
3022,PA2450065,0,0.5913589596748352,1,2
3023,PA2450542,1,0.26600441336631775,0,5
3024,PA2450677,0,0.18961463868618011,0,3
3025,PA2520033,0,0.5768598914146423,1,4
3026,PA2520033,0,0.5768598914146423,1,4
3027,PA2520033,0,0.5768598914146423,1,4
3028,PA2520033,0,0.5768598914146423,1,4
3029,PA2520033,0,0.5768598914146423,1,4
3030,PA2520037,1,0.27114084362983704,0,5
3031,PA2520037,0,0.27114084362983704,0,5
3032,PA2520037,0,0.27114084362983704,0,5
3033,PA2520037,0,0.27114084362983704,0,5
3034,PA2520037,0,0.27114084362983704,0,5
3035,PA2520037,0,0.27114084362983704,0,5
3036,PA2520062,0,0.31199440360069275,0,3
3037,PA2520062,0,0.31199440360069275,0,3
3038,PA2520062,0,0.31199440360069275,0,3
3039,PA2520062,0,0.31199440360069275,0,3
3040,PA2520941,0,0.10618411749601364,0,4
3041,PA2520941,0,0.10618411749601364,0,4
3042,PA2520941,0,0.10618411749601364,0,4
3043,PA2520941,0,0.10618411749601364,0,4
3044,PA2580024,0,0.1316252052783966,0,1
3045,PA2580024,0,0.1130208969116211,0,1
3046,PA2590038,0,0.1640159636735916,0,3
3047,PA2590042,0,0.19576725363731384,0,2
3048,PA2640018,0,0.31858202815055847,0,3
3049,PA2640018,0,0.3146848678588867,0,3
3050,PA2640018,0,0.3146848678588867,0,3
3051,PA2640018,0,0.31858202815055847,0,3
3052,PA2640025,0,0.49438512325286865,0,5
3053,PA2640025,0,0.49438512325286865,0,5
3054,PA2640025,0,0.49438512325286865,0,5
3055,PA2640025,0,0.49438512325286865,0,5
3056,PA2640025,0,0.49438512325286865,0,5
3057,PA2660010,0,0.28815194964408875,0,1
3058,PA2660014,1,0.1687968373298645,0,4
3059,PA2660014,0,0.1687968373298645,0,4
3060,PA2660014,0,0.1687968373298645,0,4
3061,PA2660014,0,0.1687968373298645,0,4
3062,PA3060010,0,0.4755305349826813,0,1
3063,PA3060012,0,0.21889887750148773,0,4
3064,PA3060012,0,0.21889887750148773,0,4
3065,PA3060012,1,0.21889887750148773,0,4
3066,PA3060018,1,0.9257880449295044,1,1
3067,PA3060018,0,0.9257880449295044,1,1
3068,PA3060018,0,0.9257880449295044,1,1
3069,PA3060029,0,0.7327849268913269,1,2
3070,PA3060029,0,0.7327849268913269,1,2
3071,PA3060029,0,0.7327849268913269,1,2
3072,PA3060035,0,0.5566433668136597,1,4
3073,PA3060035,0,0.5566433668136597,1,4
3074,PA3060038,0,0.8355699777603149,1,4
3075,PA3060038,0,0.8355699777603149,1,4
3076,PA3060038,1,0.8355699777603149,1,4
3077,PA3060038,1,0.8355699777603149,1,4
3078,PA3060038,0,0.8355699777603149,1,4
3079,PA3060038,1,0.8355699777603149,1,4
3080,PA3060038,0,0.8355699777603149,1,4
3081,PA3060038,1,0.8355699777603149,1,4
3082,PA3060041,0,0.597698986530304,1,1
3083,PA3060052,1,0.4675867259502411,0,2
3084,PA3060052,0,0.4675867259502411,0,2
3085,PA3060052,1,0.4675867259502411,0,2
3086,PA3060059,1,0.5475049614906311,1,3
3087,PA3060067,1,0.7469701170921326,1,5
3088,PA3060067,1,0.7469701170921326,1,5
3089,PA3060067,1,0.7469701170921326,1,5
3090,PA3060067,1,0.7469701170921326,1,5
3091,PA3060069,0,0.7818875908851624,1,5
3092,PA3060069,0,0.7818875908851624,1,5
3093,PA3060069,1,0.7818875908851624,1,5
3094,PA3060069,1,0.7788498997688293,1,5
3095,PA3060069,1,0.7818875908851624,1,5
3096,PA3060069,1,0.7818875908851624,1,5
3097,PA3060069,0,0.7818875908851624,1,5
3098,PA3060076,0,0.7310552000999451,1,5
3099,PA3060076,1,0.7310552000999451,1,5
3100,PA3060076,0,0.6926267743110657,1,5
3101,PA3060076,1,0.7545531392097473,1,5
3102,PA3060076,0,0.6926267743110657,1,5
3103,PA3060076,0,0.6926267743110657,1,5
3104,PA3060076,0,0.6926267743110657,1,5
3105,PA3060078,1,0.6641150116920471,1,2
3106,PA3060080,0,0.4746996760368347,0,2
3107,PA3060080,0,0.4746996760368347,0,2
3108,PA3060080,0,0.4746996760368347,0,2
3109,PA3060081,0,0.3188774883747101,0,3
3110,PA3060082,0,0.7351272106170654,1,3
3111,PA3060082,1,0.7351272106170654,1,3
3112,PA3060083,1,0.7278046011924744,1,4
3113,PA3060088,0,0.42184844613075256,0,4
3114,PA3060088,1,0.42184844613075256,0,4
3115,PA3060088,1,0.42184844613075256,0,4
3116,PA3060088,1,0.42184844613075256,0,4
3117,PA3060088,1,0.5594462752342224,1,4
3118,PA3060088,0,0.42184844613075256,0,4
3119,PA3060088,0,0.43337807059288025,0,4
3120,PA3060088,1,0.42184844613075256,0,4
3121,PA3060088,1,0.42184844613075256,0,4
3122,PA3060088,1,0.42184844613075256,0,4
3123,PA3060088,1,0.42184844613075256,0,4
3124,PA3060088,0,0.42184844613075256,0,4
3125,PA3060094,0,0.6506508588790894,1,4
3126,PA3060681,0,0.3603725731372833,0,5
3127,PA3060681,0,0.3603725731372833,0,5
3128,PA3060681,0,0.3603725731372833,0,5
3129,PA3061067,1,0.4954011142253876,0,4
3130,PA3130004,0,0.24980983138084412,0,1
3131,PA3130009,0,0.21443600952625275,0,4
3132,PA3130012,1,0.16199208796024323,0,5
3133,PA3130012,0,0.16199208796024323,0,5
3134,PA3130308,0,0.3555968999862671,0,2
3135,PA3390024,1,0.6174420118331909,1,1
3136,PA3390024,1,0.6174420118331909,1,1
3137,PA3390032,1,0.873771071434021,1,4
3138,PA3390032,1,0.873771071434021,1,4
3139,PA3390032,1,0.873771071434021,1,4
3140,PA3390032,1,0.873771071434021,1,4
3141,PA3390039,0,0.5536723136901855,1,2
3142,PA3390039,0,0.5274820327758789,1,2
3143,PA3390044,1,0.6159420609474182,1,2
3144,PA3390055,1,0.5376441478729248,1,5
3145,PA3390062,1,0.5816552042961121,1,1
3146,PA3390065,1,0.7590922117233276,1,1
3147,PA3390065,0,0.7590922117233276,1,1
3148,PA3390065,1,0.7590922117233276,1,1
3149,PA3390065,1,0.7590922117233276,1,1
3150,PA3390065,1,0.7590922117233276,1,1
3151,PA3390065,0,0.7590922117233276,1,1
3152,PA3390065,1,0.7590922117233276,1,1
3153,PA3390065,1,0.6280353665351868,1,1
3154,PA3390065,1,0.6280353665351868,1,1
3155,PA3390073,0,0.7579781413078308,1,1
3156,PA3390073,1,0.7579781413078308,1,1
3157,PA3390073,0,0.7579781413078308,1,1
3158,PA3390073,1,0.7579781413078308,1,1
3159,PA3390073,1,0.7579781413078308,1,1
3160,PA3390073,1,0.7579781413078308,1,1
3161,PA3390073,1,0.7579781413078308,1,1
3162,PA3390073,0,0.7579781413078308,1,1
3163,PA3390073,0,0.7579781413078308,1,1
3164,PA3390073,1,0.7579781413078308,1,1
3165,PA3390073,0,0.7579781413078308,1,1
3166,PA3390073,0,0.7579781413078308,1,1
3167,PA3390073,0,0.7579781413078308,1,1
3168,PA3390073,1,0.6295902132987976,1,1
3169,PA3390077,0,0.5850365161895752,1,5
3170,PA3390077,0,0.5850365161895752,1,5
3171,PA3390077,0,0.5850365161895752,1,5
3172,PA3390077,1,0.5850365161895752,1,5
3173,PA3390077,0,0.5850365161895752,1,5
3174,PA3390081,1,0.7312316298484802,1,4
3175,PA3390081,1,0.7312316298484802,1,4
3176,PA3390081,1,0.7312316298484802,1,4
3177,PA3390081,1,0.7312316298484802,1,4
3178,PA3390081,1,0.7312316298484802,1,4
3179,PA3391032,0,0.5124840140342712,1,3
3180,PA3480015,0,0.43080592155456543,0,3
3181,PA3480027,0,0.5698197484016418,1,5
3182,PA3480038,0,0.20010921359062195,0,5
3183,PA3480038,0,0.26137688755989075,0,5
3184,PA3480046,0,0.537361741065979,1,5
3185,PA3480050,0,0.41069701313972473,0,2
3186,PA3480052,0,0.7818145155906677,1,4
3187,PA3480052,0,0.7818145155906677,1,4
3188,PA3480052,0,0.7818145155906677,1,4
3189,PA3480055,0,0.5366783142089844,1,1
3190,PA3480055,0,0.7728953957557678,1,1
3191,PA3480057,0,0.630921483039856,1,2
3192,PA3480816,1,0.3161696195602417,0,3
3193,PA3540011,0,0.40485724806785583,0,2
3194,PA3540012,0,0.2316422462463379,0,3
3195,PA3540014,0,0.20714019238948822,0,2
3196,PA3540014,0,0.20714019238948822,0,2
3197,PA3540017,0,0.1772644966840744,0,3
3198,PA3540017,0,0.1772644966840744,0,3
3199,PA3540017,0,0.1772644966840744,0,3
3200,PA3540030,1,0.17381013929843903,0,3
3201,PA3540032,1,0.5154687762260437,1,3
3202,PA3540035,0,0.23207256197929382,0,5
3203,PA3540038,0,0.3954811692237854,0,2
3204,PA3540038,0,0.40072545409202576,0,2
3205,PA3540038,0,0.3954811692237854,0,2
3206,PA3540038,0,0.4794154465198517,0,2
3207,PA3540041,0,0.35114529728889465,0,5
3208,PA3540044,1,0.14838683605194092,0,5
3209,PA3540047,0,0.23644620180130005,0,3
3210,PA3540047,0,0.23644620180130005,0,3
3211,PA3540047,0,0.23644620180130005,0,3
3212,PA4050002,0,0.25252631306648254,0,2
3213,PA4050028,0,0.07011942565441132,0,2
3214,PA4050029,0,0.45702847838401794,0,4
3215,PA4070017,0,0.3053607940673828,0,5
3216,PA4070021,0,0.14808335900306702,0,1
3217,PA4110003,0,0.08077242225408554,0,5
3218,PA4110003,0,0.08077242225408554,0,5
3219,PA4110003,0,0.09331827610731125,0,5
3220,PA4110009,0,0.5287787318229675,1,3
3221,PA4110009,0,0.5287787318229675,1,3
3222,PA4110013,0,0.19124335050582886,0,4
3223,PA4110013,0,0.19014936685562134,0,4
3224,PA4110017,0,0.1615493893623352,0,3
3225,PA4110023,1,0.37112540006637573,0,3
3226,PA4110027,0,0.40559619665145874,0,3
3227,PA4110027,0,0.40559619665145874,0,3
3228,PA4110034,0,0.20014379918575287,0,5
3229,PA4110041,0,0.4957963824272156,0,3
3230,PA4110041,0,0.4957963824272156,0,3
3231,PA4110060,0,0.3309457004070282,0,4
3232,PA4110060,0,0.3309457004070282,0,4
3233,PA4110060,0,0.3309457004070282,0,4
3234,PA4110299,0,0.38380664587020874,0,1
3235,PA4140075,0,0.3910379111766815,0,1
3236,PA4140075,0,0.3910379111766815,0,1
3237,PA4140077,0,0.24127575755119324,0,5
3238,PA4140082,0,0.32329878211021423,0,3
3239,PA4140082,1,0.32329878211021423,0,3
3240,PA4140087,0,0.278377890586853,0,4
3241,PA4140087,0,0.44059208035469055,0,4
3242,PA4140095,0,0.27482903003692627,0,1
3243,PA4140096,0,0.16696900129318237,0,2
3244,PA4140096,0,0.16445419192314148,0,2
3245,PA4140096,0,0.16696900129318237,0,2
3246,PA4140096,0,0.16696900129318237,0,2
3247,PA4140096,0,0.18848292529582977,0,2
3248,PA4140098,0,0.2346307635307312,0,5
3249,PA4140098,1,0.2931225895881653,0,5
3250,PA4140098,0,0.23821625113487244,0,5
3251,PA4140118,1,0.2844298183917999,0,4
3252,PA4140118,1,0.2844298183917999,0,4
3253,PA4180048,0,0.38671672344207764,0,5
3254,PA4180049,0,0.14734628796577454,0,3
3255,PA4190008,0,0.2579180598258972,0,1
3256,PA4190013,1,0.34295618534088135,0,5
3257,PA4190017,0,0.15701130032539368,0,5
3258,PA4190398,0,0.27739664912223816,0,2
3259,PA4190398,0,0.27739664912223816,0,2
3260,PA4310012,0,0.1938433051109314,0,1
3261,PA4310016,0,0.20979943871498108,0,3
3262,PA4310016,0,0.20979943871498108,0,3
3263,PA4310016,0,0.20979943871498108,0,3
3264,PA4340008,0,0.07031318545341492,0,4
3265,PA4410156,0,0.22653049230575562,0,4
3266,PA4410156,0,0.2228970229625702,0,4
3267,PA4410166,0,0.5235105156898499,1,5
3268,PA4410173,1,0.19217751920223236,0,2
3269,PA4410175,1,0.4299566447734833,0,3
3270,PA4410175,1,0.4299566447734833,0,3
3271,PA4440010,0,0.11935189366340637,0,3
3272,PA4470007,0,0.24846798181533813,0,5
3273,PA4470012,0,0.09373767673969269,0,3
3274,PA4490007,0,0.3589583933353424,0,5
3275,PA4490023,0,0.23394006490707397,0,5
3276,PA4490023,0,0.23394006490707397,0,5
3277,PA4490024,0,0.18776853382587433,0,2
3278,PA4490024,0,0.2368374466896057,0,2
3279,PA4550005,0,0.19707296788692474,0,5
3280,PA4550005,0,0.19707296788692474,0,5
3281,PA4550005,0,0.19707296788692474,0,5
3282,PA4560013,0,0.21133515238761902,0,1
3283,PA4560020,0,0.20436233282089233,0,5
3284,PA4560024,0,0.27339622378349304,0,2
3285,PA4560024,0,0.27339622378349304,0,2
3286,PA4560024,0,0.27339622378349304,0,2
3287,PA4560042,0,0.2318294644355774,0,2
3288,PA4560042,0,0.2318294644355774,0,2
3289,PA4560042,0,0.1799851506948471,0,2
3290,PA4560046,0,0.15082263946533203,0,5
3291,PA4560048,0,0.1407872438430786,0,5
3292,PA4560048,1,0.1407872438430786,0,5
3293,PA4560048,0,0.1407872438430786,0,5
3294,PA4560048,1,0.1407872438430786,0,5
3295,PA4600012,0,0.05274413526058197,0,4
3296,PA5020006,0,0.36144500970840454,0,4
3297,PA5020010,1,0.5047730207443237,1,1
3298,PA5020010,1,0.271137535572052,0,1
3299,PA5020011,1,0.4500316083431244,0,3
3300,PA5020012,0,0.3460909426212311,0,3
3301,PA5020015,0,0.5676375031471252,1,3
3302,PA5020015,0,0.5676375031471252,1,3
3303,PA5020018,0,0.5286794900894165,1,4
3304,PA5020019,0,0.4396917521953583,0,1
3305,PA5020019,0,0.2474571168422699,0,1
3306,PA5020025,0,0.27804768085479736,0,2
3307,PA5020027,0,0.14488351345062256,0,3
3308,PA5020027,1,0.14488351345062256,0,3
3309,PA5020027,0,0.14488351345062256,0,3
3310,PA5020029,0,0.26144498586654663,0,3
3311,PA5020034,0,0.5597371459007263,1,3
3312,PA5020034,1,0.5597371459007263,1,3
3313,PA5020034,0,0.5597371459007263,1,3
3314,PA5020034,0,0.5597371459007263,1,3
3315,PA5020036,0,0.3921617567539215,0,2
3316,PA5020038,0,0.16509629786014557,0,3
3317,PA5020039,0,0.519165575504303,1,2
3318,PA5020039,0,0.519165575504303,1,2
3319,PA5020039,0,0.5149405002593994,1,2
3320,PA5020040,0,0.4014209806919098,0,3
3321,PA5020041,0,0.3116300404071808,0,4
3322,PA5020041,0,0.3116300404071808,0,4
3323,PA5020041,0,0.3116300404071808,0,4
3324,PA5020043,0,0.3370766341686249,0,3
3325,PA5020043,0,0.27821820974349976,0,3
3326,PA5020045,0,0.4802258312702179,0,2
3327,PA5020047,0,0.32200297713279724,0,4
3328,PA5020050,1,0.5773860812187195,1,1
3329,PA5020053,1,0.6576247811317444,1,3
3330,PA5020055,0,0.5068162679672241,1,1
3331,PA5020056,0,0.43019914627075195,0,2
3332,PA5020056,0,0.40849587321281433,0,2
3333,PA5020076,1,0.4525655210018158,0,5
3334,PA5020076,1,0.4592134356498718,0,5
3335,PA5020078,0,0.5422996878623962,1,2
3336,PA5020078,0,0.5736711025238037,1,2
3337,PA5020108,0,0.32976680994033813,0,3
3338,PA5020806,0,0.26924511790275574,0,2
3339,PA5020806,0,0.26924511790275574,0,2
3340,PA5020808,0,0.2669563293457031,0,4
3341,PA5020883,1,0.19720296561717987,0,1
3342,PA5020898,0,0.2589772939682007,0,2
3343,PA5020898,0,0.2589772939682007,0,2
3344,PA5020947,1,0.1755245327949524,0,2
3345,PA5020955,0,0.23092471063137054,0,5
3346,PA5030004,0,0.2502788305282593,0,4
3347,PA5030006,0,0.2695178687572479,0,4
3348,PA5030008,0,0.21398121118545532,0,2
3349,PA5030019,0,0.30546239018440247,0,4
3350,PA5030043,0,0.249474436044693,0,5
3351,PA5040006,0,0.6309675574302673,1,1
3352,PA5040007,0,0.42259320616722107,0,3
3353,PA5040008,0,0.4944392442703247,0,1
3354,PA5040009,1,0.6044667363166809,1,2
3355,PA5040010,1,0.5042867660522461,1,4
3356,PA5040010,1,0.5042867660522461,1,4
3357,PA5040012,1,0.3923102915287018,0,2
3358,PA5040017,1,0.6502844095230103,1,2
3359,PA5040039,1,0.6106230020523071,1,4
3360,PA5040063,0,0.6059554219245911,1,4
3361,PA5040080,0,0.6325154304504395,1,3
3362,PA5040085,1,0.4507710635662079,0,4
3363,PA5040085,1,0.4507710635662079,0,4
3364,PA5040085,1,0.4507710635662079,0,4
3365,PA5100012,0,0.29144173860549927,0,4
3366,PA5100042,0,0.35539117455482483,0,5
3367,PA5100071,0,0.08818019181489944,0,4
3368,PA5100079,0,0.1828087568283081,0,1
3369,PA5100079,0,0.1828087568283081,0,1
3370,PA5100080,0,0.25969982147216797,0,2
3371,PA5100093,1,0.6218704581260681,1,3
3372,PA5100094,0,0.5744693875312805,1,3
3373,PA5100141,0,0.5578532814979553,1,4
3374,PA5260004,0,0.22626087069511414,0,4
3375,PA5260005,0,0.40578946471214294,0,5
3376,PA5260005,0,0.40152308344841003,0,5
3377,PA5260006,0,0.20011016726493835,0,5
3378,PA5260006,0,0.20011016726493835,0,5
3379,PA5260009,0,0.21163132786750793,0,3
3380,PA5260009,0,0.21163132786750793,0,3
3381,PA5260011,0,0.49084168672561646,0,2
3382,PA5260011,0,0.49084168672561646,0,2
3383,PA5260011,0,0.49084168672561646,0,2
3384,PA5260011,0,0.5597613453865051,1,2
3385,PA5260013,0,0.17627456784248352,0,3
3386,PA5260019,0,0.33903026580810547,0,2
3387,PA5260020,0,0.08856305480003357,0,4
3388,PA5260020,0,0.08739793300628662,0,4
3389,PA5260022,0,0.1347302943468094,0,1
3390,PA5260022,0,0.1347302943468094,0,1
3391,PA5260032,0,0.18825407326221466,0,2
3392,PA5260032,0,0.18878094851970673,0,2
3393,PA5260036,0,0.32013964653015137,0,4
3394,PA5300012,0,0.46880027651786804,0,3
3395,PA5300017,0,0.23499159514904022,0,4
3396,PA5320006,0,0.4555528163909912,0,3
3397,PA5320025,0,0.16903497278690338,0,2
3398,PA5320040,0,0.13072316348552704,0,4
3399,PA5320109,0,0.29342198371887207,0,3
3400,PA5630039,0,0.17315678298473358,0,4
3401,PA5630044,0,0.2742289900779724,0,4
3402,PA5630045,0,0.17287687957286835,0,5
3403,PA5650032,0,0.1774701625108719,0,1
3404,PA5650049,1,0.36214786767959595,0,3
3405,PA5650060,0,0.5160276889801025,1,1
3406,PA5650069,0,0.21470977365970612,0,3
3407,PA5650069,1,0.21470977365970612,0,3
3408,PA5650070,0,0.4279772639274597,0,2
3409,PA6120002,0,0.029893694445490837,0,4
3410,PA6160001,0,0.28689008951187134,0,4
3411,PA6170008,1,0.14599326252937317,0,4
3412,PA6170008,0,0.13531175255775452,0,4
3413,PA6170013,0,0.04687749966979027,0,4
3414,PA6170016,0,0.2075905054807663,0,2
3415,PA6170023,0,0.09470672160387039,0,1
3416,PA6170041,0,0.035378094762563705,0,4
3417,PA6170048,0,0.5947368741035461,1,2
3418,PA6170048,0,0.5947368741035461,1,2
3419,PA6200015,0,0.24598056077957153,0,1
3420,PA6200036,0,0.3318158686161041,0,1
3421,PA6200051,1,0.30294421315193176,0,4
3422,PA6240012,0,0.15380346775054932,0,3
3423,PA6240016,0,0.33943575620651245,0,5
3424,PA6250007,0,0.27571383118629456,0,1
3425,PA6250007,0,0.27571383118629456,0,1
3426,PA6250012,0,0.22406722605228424,0,5
3427,PA6250022,0,0.5549365282058716,1,3
3428,PA6250028,0,0.27722039818763733,0,5
3429,PA6250028,0,0.27722039818763733,0,5
3430,PA6250040,0,0.3585661053657532,0,4
3431,PA6250049,0,0.31024524569511414,0,4
3432,PA6250049,0,0.31024524569511414,0,4
3433,PA6250049,0,0.31024524569511414,0,4
3434,PA6250061,0,0.18785519897937775,0,4
3435,PA6250064,0,0.31093716621398926,0,1
3436,PA6250065,0,0.3033803105354309,0,1
3437,PA6250087,0,0.29783251881599426,0,5
3438,PA6250090,0,0.46022725105285645,0,5
3439,PA6250090,0,0.4836127758026123,0,5
3440,PA6250092,0,0.3144262433052063,0,3
3441,PA6270008,0,0.2880657911300659,0,4
3442,PA6330002,0,0.2064499855041504,0,1
3443,PA6330002,0,0.2064499855041504,0,1
3444,PA6330004,1,0.3274751603603363,0,1
3445,PA6330010,0,0.19065769016742706,0,2
3446,PA6370011,1,0.3292299509048462,0,3
3447,PA6370034,1,0.32612448930740356,0,3
3448,PA6370035,0,0.20730599761009216,0,4
3449,PA6420014,0,0.1830093115568161,0,5
3450,PA6420019,0,0.2245267778635025,0,4
3451,PA6430037,0,0.3335247337818146,0,1
3452,PA6430054,1,0.29492005705833435,0,1
3453,PA6430055,1,0.24085716903209686,0,4
3454,PA6430059,0,0.3983611464500427,0,2
3455,PA6610020,1,0.3427930474281311,0,4
3456,PA6610020,0,0.3427930474281311,0,4
3457,PA6610023,0,0.25736451148986816,0,2
3458,PA6610031,0,0.42717352509498596,0,3
3459,PA6610031,0,0.42717352509498596,0,3
3460,PA6620020,0,0.22753481566905975,0,3
3461,PA7010019,0,0.3342908024787903,0,3
3462,PA7010019,1,0.4624093472957611,0,3
3463,PA7010019,1,0.4624093472957611,0,3
3464,PA7010019,1,0.4624093472957611,0,3
3465,PA7010019,1,0.4624093472957611,0,3
3466,PA7010019,0,0.4624093472957611,0,3
3467,PA7010019,0,0.4624093472957611,0,3
3468,PA7010022,0,0.7239397764205933,1,5
3469,PA7010022,0,0.7239397764205933,1,5
3470,PA7010022,0,0.7239397764205933,1,5
3471,PA7010022,1,0.7239397764205933,1,5
3472,PA7010022,0,0.7239397764205933,1,5
3473,PA7010022,1,0.7239397764205933,1,5
3474,PA7010022,1,0.7239397764205933,1,5
3475,PA7010025,1,0.33223995566368103,0,2
3476,PA7010025,1,0.4625392556190491,0,2
3477,PA7010952,1,0.12422875314950943,0,4
3478,PA7210002,1,0.19622497260570526,0,5
3479,PA7210028,0,0.5152544975280762,1,4
3480,PA7210028,1,0.6528895497322083,1,4
3481,PA7210028,1,0.6512813568115234,1,4
3482,PA7210028,0,0.6512813568115234,1,4
3483,PA7210029,1,0.5370899438858032,1,5
3484,PA7210029,0,0.5370899438858032,1,5
3485,PA7210041,0,0.27282530069351196,0,4
3486,PA7210043,0,0.1420190930366516,0,3
3487,PA7210043,0,0.17818836867809296,0,3
3488,PA7210043,0,0.17818836867809296,0,3
3489,PA7210043,0,0.17818836867809296,0,3
3490,PA7210046,1,0.22423727810382843,0,2
3491,PA7210046,1,0.22423727810382843,0,2
3492,PA7210049,0,0.5636647939682007,1,1
3493,PA7210049,0,0.5788562893867493,1,1
3494,PA7210050,0,0.35579395294189453,0,5
3495,PA7210050,0,0.35579395294189453,0,5
3496,PA7210050,0,0.35579395294189453,0,5
3497,PA7210063,0,0.46790799498558044,0,1
3498,PA7210063,0,0.46790799498558044,0,1
3499,PA7220015,0,0.38666173815727234,0,3
3500,PA7220015,1,0.38666173815727234,0,3
3501,PA7220017,1,0.4359767735004425,0,2
3502,PA7220034,1,0.1353050023317337,0,4
3503,PA7220034,1,0.1648736447095871,0,4
3504,PA7220036,0,0.5589215159416199,1,1
3505,PA7220038,1,0.5701349973678589,1,1
3506,PA7220038,1,0.5701349973678589,1,1
3507,PA7220038,1,0.5701349973678589,1,1
3508,PA7220038,1,0.5701349973678589,1,1
3509,PA7220038,1,0.5701349973678589,1,1
3510,PA7220049,0,0.45296141505241394,0,5
3511,PA7220059,0,0.5180788636207581,1,1
3512,PA7220059,0,0.5180788636207581,1,1
3513,PA7280005,0,0.1002366915345192,0,4
3514,PA7280014,0,0.48673731088638306,0,3
3515,PA7280026,0,0.4872395098209381,0,3
3516,PA7280026,0,0.4872395098209381,0,3
3517,PA7280026,0,0.4872395098209381,0,3
3518,PA7280026,0,0.4872395098209381,0,3
3519,PA7280026,0,0.4872395098209381,0,3
3520,PA7280032,0,0.3770289719104767,0,2
3521,PA7280032,0,0.27595674991607666,0,2
3522,PA7280038,0,0.15399423241615295,0,4
3523,PA7280038,0,0.15399423241615295,0,4
3524,PA7280038,0,0.15399423241615295,0,4
3525,PA7280043,1,0.34770819544792175,0,4
3526,PA7280043,0,0.34770819544792175,0,4
3527,PA7280045,0,0.45231497287750244,0,3
3528,PA7280369,0,0.3793249726295471,0,4
3529,PA7360017,0,0.28523409366607666,0,3
3530,PA7360017,0,0.2894013524055481,0,3
3531,PA7360025,0,0.7374109029769897,1,1
3532,PA7360045,1,0.30102500319480896,0,4
3533,PA7360045,1,0.4928683936595917,0,4
3534,PA7360045,0,0.4928683936595917,0,4
3535,PA7360058,0,0.4943590760231018,0,5
3536,PA7360058,1,0.4943590760231018,0,5
3537,PA7360078,1,0.5436462759971619,1,5
3538,PA7360083,1,0.7968126535415649,1,3
3539,PA7360091,0,0.37274155020713806,0,4
3540,PA7360091,0,0.3729107677936554,0,4
3541,PA7360099,1,0.4601922929286957,0,2
3542,PA7360099,1,0.4601922929286957,0,2
3543,PA7360099,1,0.4601922929286957,0,2
3544,PA7360099,1,0.4601922929286957,0,2
3545,PA7360113,0,0.619729220867157,1,2
3546,PA7360113,1,0.619729220867157,1,2
3547,PA7360113,1,0.619729220867157,1,2
3548,PA7360113,0,0.619729220867157,1,2
3549,PA7360113,1,0.619729220867157,1,2
3550,PA7360113,0,0.619729220867157,1,2
3551,PA7360113,0,0.619729220867157,1,2
3552,PA7360113,1,0.619729220867157,1,2
3553,PA7360113,0,0.619729220867157,1,2
3554,PA7360113,0,0.619729220867157,1,2
3555,PA7360116,0,0.5864797234535217,1,3
3556,PA7360123,0,0.45134004950523376,0,4
3557,PA7360123,0,0.5977506041526794,1,4
3558,PA7360123,0,0.6008917093276978,1,4
3559,PA7360124,1,0.6160746812820435,1,3
3560,PA7360124,0,0.6529940962791443,1,3
3561,PA7360124,1,0.6529940962791443,1,3
3562,PA7360124,1,0.6529940962791443,1,3
3563,PA7360124,1,0.7287291884422302,1,3
3564,PA7360124,1,0.6529940962791443,1,3
3565,PA7360126,1,0.6232199668884277,1,1
3566,PA7360127,1,0.5192795991897583,1,3
3567,PA7360128,1,0.4622858762741089,0,4
3568,PA7360128,1,0.472711980342865,0,4
3569,PA7360135,1,0.6917814016342163,1,3
3570,PA7360135,1,0.6883174180984497,1,3
3571,PA7360140,1,0.689022958278656,1,1
3572,PA7360140,1,0.689022958278656,1,1
3573,PA7360140,1,0.4965943694114685,0,1
3574,PA7360143,0,0.7521950006484985,1,5
3575,PA7360143,0,0.745940089225769,1,5
3576,PA7360345,1,0.31197187304496765,0,2
3577,PA7360345,0,0.31197187304496765,0,2
3578,PA7360345,0,0.31197187304496765,0,2
3579,PA7380010,0,0.32319778203964233,0,5
3580,PA7380025,0,0.4909709095954895,0,5
3581,PA7381001,0,0.6646571755409241,1,1
3582,PA7500030,0,0.176605224609375,0,2
3583,PA7500030,0,0.176605224609375,0,2
3584,PA7500030,0,0.176605224609375,0,2
3585,PA7670061,1,0.45514214038848877,0,3
3586,PA7670061,1,0.45514214038848877,0,3
3587,PA7670061,1,0.4703996479511261,0,3
3588,PA7670061,1,0.4703996479511261,0,3
3589,PA7670061,1,0.4703996479511261,0,3
3590,PA7670061,0,0.4703996479511261,0,3
3591,PA7670062,1,0.7299118041992188,1,4
3592,PA7670062,1,0.7569356560707092,1,4
3593,PA7670062,1,0.7569356560707092,1,4
3594,PA7670062,1,0.7569356560707092,1,4
3595,PA7670062,1,0.7569356560707092,1,4
3596,PA7670071,0,0.3591077923774719,0,1
3597,PA7670071,1,0.3591077923774719,0,1
3598,PA7670071,0,0.3591077923774719,0,1
3599,PA7670071,0,0.3591077923774719,0,1
3600,PA7670073,1,0.45019617676734924,0,2
3601,PA7670073,1,0.7100892066955566,1,2
3602,PA7670073,1,0.7100892066955566,1,2
3603,PA7670073,1,0.7100892066955566,1,2
3604,PA7670073,1,0.7100892066955566,1,2
3605,PA7670073,1,0.7100892066955566,1,2
3606,PA7670073,0,0.7100892066955566,1,2
3607,PA7670073,1,0.7100892066955566,1,2
3608,PA7670073,0,0.8277501463890076,1,2
3609,PA7670076,1,0.4223940074443817,0,2
3610,PA7670082,1,0.8114732503890991,1,1
3611,PA7670082,1,0.8900337219238281,1,1
3612,PA7670082,1,0.8900337219238281,1,1
3613,PA7670082,1,0.8900337219238281,1,1
3614,PA7670082,0,0.8900337219238281,1,1
3615,PA7670085,0,0.7693642973899841,1,3
3616,PA7670086,0,0.5759292840957642,1,3
3617,PA7670088,1,0.6534786820411682,1,5
3618,PA7670088,1,0.6534786820411682,1,5
3619,PA7670088,1,0.6534786820411682,1,5
3620,PA7670088,0,0.6534786820411682,1,5
3621,PA7670088,1,0.6534786820411682,1,5
3622,PA7670088,1,0.6534786820411682,1,5
3623,PA7670088,0,0.6534786820411682,1,5
3624,PA7670088,0,0.6534786820411682,1,5
3625,PA7670097,0,0.4385608732700348,0,4
3626,PA7670100,0,0.5424204468727112,1,1
3627,PA7670101,1,0.5525742173194885,1,5
3628,PA7670101,1,0.5525742173194885,1,5
3629,PA7670101,1,0.5525742173194885,1,5
3630,RI1000016,1,0.5764608979225159,1,3
3631,RI1000016,1,0.5764608979225159,1,3
3632,RI1559511,1,0.44072699546813965,0,2
3633,RI1559511,0,0.44072699546813965,0,2
3634,RI1559511,1,0.6261925101280212,1,2
3635,RI1559511,1,0.6196777820587158,1,2
3636,RI1559511,1,0.6263394355773926,1,2
3637,RI1559512,1,0.49242907762527466,0,1
3638,RI1559512,1,0.49242907762527466,0,1
3639,RI1559512,1,0.49242907762527466,0,1
3640,RI1559512,1,0.49242907762527466,0,1
3641,RI1559512,0,0.49242907762527466,0,1
3642,RI1559512,1,0.49242907762527466,0,1
3643,RI1559512,0,0.49242907762527466,0,1
3644,RI1559517,0,0.6908168196678162,1,2
3645,RI1559517,0,0.6908168196678162,1,2
3646,RI1559517,0,0.6908168196678162,1,2
3647,RI1559517,1,0.6652786731719971,1,2
3648,RI1559517,1,0.6908168196678162,1,2
3649,RI1559517,1,0.6652786731719971,1,2
3650,RI1559518,1,0.7397087812423706,1,2
3651,RI1583829,0,0.3961675465106964,0,5
3652,RI1583829,0,0.3961675465106964,0,5
3653,RI1592010,1,0.5211240649223328,1,2
3654,RI1592010,0,0.5211240649223328,1,2
3655,RI1592018,0,0.46834275126457214,0,1
3656,RI1592018,0,0.46834275126457214,0,1
3657,RI1592021,1,0.7547236084938049,1,5
3658,RI1592022,0,0.6403282284736633,1,1
3659,RI1592024,0,0.7717205286026001,1,4
3660,RI1592025,1,0.7354353070259094,1,3
3661,RI1592025,1,0.7354353070259094,1,3
3662,RI1592025,1,0.7354353070259094,1,3
3663,RI1615610,0,0.5412626266479492,1,4
3664,RI1615616,0,0.5618689060211182,1,5
3665,RI1615623,0,0.6503820419311523,1,5
3666,RI1615623,1,0.6503820419311523,1,5
3667,RI1615624,0,0.6987291574478149,1,3
3668,RI1615624,0,0.6987291574478149,1,3
3669,RI1615627,0,0.5326653122901917,1,4
3670,RI1615627,0,0.5326653122901917,1,4
3671,RI1615627,0,0.5326653122901917,1,4
3672,RI1647515,0,0.5661741495132446,1,2
3673,RI1647530,0,0.5894387364387512,1,5
3674,RI1647530,1,0.7928260564804077,1,5
3675,RI1647530,1,0.7928260564804077,1,5
3676,RI1647530,1,0.7928260564804077,1,5
3677,RI1647530,1,0.7928260564804077,1,5
3678,RI1858410,0,0.468778520822525,0,2
3679,RI1858419,1,0.5504076480865479,1,4
3680,RI1858421,1,0.684929609298706,1,5
3681,RI1858421,1,0.684929609298706,1,5
3682,RI1858421,1,0.684929609298706,1,5
3683,RI1858422,1,0.572260320186615,1,4
3684,RI1858423,0,0.6288976073265076,1,5
3685,RI1858428,0,0.6768195629119873,1,5
3686,RI1858429,0,0.5960969924926758,1,2
3687,RI1858429,1,0.5960969924926758,1,2
3688,RI1858430,0,0.20470693707466125,0,3
3689,RI2980469,0,0.4227908253669739,0,4
3690,VT0005001,0,0.4747133255004883,0,3
3691,VT0005004,0,0.08724726736545563,0,4
3692,VT0005004,0,0.08724726736545563,0,4
3693,VT0005004,0,0.08724726736545563,0,4
3694,VT0005010,0,0.4221031665802002,0,5
3695,VT0005016,0,0.0979442149400711,0,1
3696,VT0005016,0,0.10346297174692154,0,1
3697,VT0005017,0,0.1250014305114746,0,5
3698,VT0005022,0,0.06976770609617233,0,1
3699,VT0005022,0,0.06976770609617233,0,1
3700,VT0005024,0,0.10486670583486557,0,2
3701,VT0005024,0,0.10486670583486557,0,2
3702,VT0005040,0,0.12236060947179794,0,2
3703,VT0005045,0,0.4211486577987671,0,5
3704,VT0005053,0,0.206298366189003,0,2
3705,VT0005059,1,0.33765122294425964,0,1
3706,VT0005060,0,0.1503300815820694,0,1
3707,VT0005065,0,0.2847970724105835,0,4
3708,VT0005066,0,0.27166464924812317,0,4
3709,VT0005079,0,0.23410402238368988,0,4
3710,VT0005084,0,0.34155887365341187,0,4
3711,VT0005087,0,0.2843055725097656,0,2
3712,VT0005091,0,0.18772494792938232,0,5
3713,VT0005098,0,0.5163809657096863,1,4
3714,VT0005102,0,0.22851385176181793,0,5
3715,VT0005130,0,0.5596726536750793,1,4
3716,VT0005130,0,0.5596726536750793,1,4
3717,VT0005160,0,0.11097055673599243,0,2
3718,VT0005202,0,0.14366233348846436,0,4
3719,VT0005211,0,0.09856307506561279,0,5
3720,VT0005211,0,0.09856307506561279,0,5
3721,VT0005229,0,0.14219006896018982,0,4
3722,VT0005254,0,0.1269531399011612,0,5
3723,VT0005272,0,0.04926828294992447,0,1
3724,VT0005275,0,0.05340709909796715,0,2
3725,VT0005284,0,0.18707238137722015,0,4
3726,VT0005284,0,0.30110982060432434,0,4
3727,VT0005290,0,0.4775332510471344,0,4
3728,VT0005290,0,0.4088941812515259,0,4
3729,VT0005298,0,0.2545284032821655,0,5
3730,VT0005305,0,0.19085979461669922,0,2
3731,VT0005305,0,0.19085979461669922,0,2
3732,VT0005305,0,0.19085979461669922,0,2
3733,VT0005319,0,0.32802122831344604,0,2
3734,VT0005319,0,0.32802122831344604,0,2
3735,VT0005529,1,0.09945657104253769,0,2
3736,VT0005565,0,0.5108605027198792,1,4
3737,VT0005565,0,0.5108605027198792,1,4
3738,VT0021079,0,0.18614450097084045,0,5
