source_row_index,PWSID,y_true,y_probability,y_predicted,fold
0,CT0040011,0,0.8329418541522788,1,2
1,CT0040011,1,0.866672161112971,1,2
2,CT0040011,1,0.866672161112971,1,2
3,CT0040011,0,0.8329418541522788,1,2
4,CT0040011,1,0.866672161112971,1,2
5,CT0040011,0,0.866672161112971,1,2
6,CT0050062,0,0.26864562319273294,0,1
7,CT0070011,0,0.7978430286040674,1,5
8,CT0070011,0,0.7175568931890561,1,5
9,CT0070021,0,0.7297701774046401,1,4
10,CT0070021,0,0.5451523255746251,1,4
11,CT0070021,1,0.7297701774046401,1,4
12,CT0090011,1,0.6210201732519707,1,4
13,CT0150011,1,0.8050697571369273,1,1
14,CT0150011,1,0.8050697571369273,1,1
15,CT0150011,1,0.7280000524077808,1,1
16,CT0150011,0,0.7280000524077808,1,1
17,CT0150011,0,0.7280000524077808,1,1
18,CT0170011,0,0.8012989884749735,1,2
19,CT0170011,0,0.7232929136323399,1,2
20,CT0170011,1,0.7232929136323399,1,2
21,CT0170011,1,0.7232929136323399,1,2
22,CT0230011,0,0.4452382501590606,0,3
23,CT0230011,1,0.44090798835711026,0,3
24,CT0261031,0,0.3303980438644592,0,5
25,CT0261031,0,0.3225415029580533,0,5
26,CT0280011,1,0.5728520667373926,1,1
27,CT0280011,1,0.5361079052252795,1,1
28,CT0280011,1,0.5728520667373926,1,1
29,CT0280011,1,0.5361079052252795,1,1
30,CT0320091,0,0.39508603847396007,0,2
31,CT0330011,1,0.7778976047345944,1,4
32,CT0340011,1,0.5979926233212773,1,5
33,CT0340011,1,0.5922717830411709,1,5
34,CT0350011,1,0.5749606934888024,1,2
35,CT0350011,1,0.5749606934888024,1,2
36,CT0450011,1,0.6909006548339043,1,2
37,CT0450011,0,0.6909006548339043,1,2
38,CT0450011,1,0.6909006548339043,1,2
39,CT0450011,0,0.6909006548339043,1,2
40,CT0450011,1,0.6909006548339043,1,2
41,CT0450011,0,0.6145447958041124,1,2
42,CT0473011,0,0.7190924369096012,1,1
43,CT0473011,1,0.7027945934268993,1,1
44,CT0473011,0,0.6708048525678963,1,1
45,CT0473011,0,0.6708048525678963,1,1
46,CT0473011,1,0.6708048525678963,1,1
47,CT0473011,1,0.6708048525678963,1,1
48,CT0473011,1,0.6228023807533734,1,1
49,CT0490021,1,0.6982972452349072,1,2
50,CT0490021,0,0.7444344953482442,1,2
51,CT0490021,1,0.7145403997712322,1,2
52,CT0490021,0,0.6575310983117111,1,2
53,CT0490021,0,0.6982972452349072,1,2
54,CT0490021,0,0.6575310983117111,1,2
55,CT0520011,1,0.8011926625671311,1,1
56,CT0520011,0,0.7764247392360885,1,1
57,CT0520011,0,0.7871009878581998,1,1
58,CT0520011,0,0.7293399318739017,1,1
59,CT0570011,1,0.6772904284571193,1,1
60,CT0570011,1,0.6772904284571193,1,1
61,CT0570011,1,0.6772904284571193,1,1
62,CT0570062,0,0.7125222355898145,1,2
63,CT0580011,1,0.4300302954281361,0,1
64,CT0580011,0,0.4521201521842325,0,1
65,CT0590011,0,0.45930240488570345,0,3
66,CT0608011,1,0.59349588523316,1,4
67,CT0608011,1,0.486864397198358,0,4
68,CT0608011,1,0.59349588523316,1,4
69,CT0608011,1,0.5576457278926756,1,4
70,CT0608011,1,0.5099414012775235,1,4
71,CT0608011,0,0.5099414012775235,1,4
72,CT0608011,1,0.5099414012775235,1,4
73,CT0608011,0,0.47326238006159793,0,4
74,CT0608011,0,0.6990289859857337,1,4
75,CT0640011,0,0.5242529851398363,1,5
76,CT0640011,0,0.5242529851398363,1,5
77,CT0640011,0,0.6434220768888015,1,5
78,CT0690011,1,0.8097714784926824,1,1
79,CT0690011,1,0.8043471395478751,1,1
80,CT0740011,0,0.6642738141312977,1,5
81,CT0740011,0,0.6642738141312977,1,5
82,CT0740011,0,0.5716202478539123,1,5
83,CT0770021,0,0.3929838216279731,0,3
84,CT0770021,1,0.42792502456822656,0,3
85,CT0770021,0,0.42792502456822656,0,3
86,CT0770021,1,0.5082703870280714,1,3
87,CT0770021,1,0.5007873889125406,1,3
88,CT0770021,1,0.4206131011288355,0,3
89,CT0770021,1,0.42792502456822656,0,3
90,CT0780021,1,0.13189204848862027,0,2
91,CT0780021,1,0.1834895080562692,0,2
92,CT0800011,0,0.7853689863532479,1,2
93,CT0800011,1,0.862412168050231,1,2
94,CT0800011,0,0.6900141417692974,1,2
95,CT0800011,0,0.6900141417692974,1,2
96,CT0800011,1,0.862412168050231,1,2
97,CT0800011,0,0.8434154757160908,1,2
98,CT0800011,0,0.8327894842199943,1,2
99,CT0810054,0,0.5096446817963778,1,2
100,CT0830011,0,0.5667528896055576,1,5
101,CT0830011,0,0.5986615628301942,1,5
102,CT0880011,0,0.4611417237232512,0,2
103,CT0890011,0,0.6856373588389193,1,3
104,CT0900011,1,0.539067395156072,1,1
105,CT0920011,0,0.5818722250595502,1,4
106,CT0920011,0,0.534854493218718,1,4
107,CT0930011,0,0.7603858619368931,1,3
108,CT0930011,0,0.7603858619368931,1,3
109,CT0930011,0,0.7603858619368931,1,3
110,CT0930011,1,0.7206182479727526,1,3
111,CT0930011,1,0.7206182479727526,1,3
112,CT0930011,1,0.7206182479727526,1,3
113,CT0930011,0,0.7206182479727526,1,3
114,CT0930011,0,0.7206182479727526,1,3
115,CT0930011,0,0.7206182479727526,1,3
116,CT0930011,1,0.7206182479727526,1,3
117,CT0930011,1,0.717501280276066,1,3
118,CT0950011,0,0.4512304019747773,0,1
119,CT0960011,0,0.7454479948946134,1,4
120,CT0960011,0,0.7454479948946134,1,4
121,CT0960011,1,0.7454479948946134,1,4
122,CT0960011,1,0.7454479948946134,1,4
123,CT0960011,1,0.7454479948946134,1,4
124,CT0970011,1,0.7079976035929703,1,2
125,CT0970011,1,0.7079976035929703,1,2
126,CT1030011,1,0.7360189706224722,1,3
127,CT1030011,1,0.6649749329488863,1,3
128,CT1030021,0,0.567655513244248,1,3
129,CT1040011,1,0.49627249353630176,0,2
130,CT1040011,1,0.49627249353630176,0,2
131,CT1040011,1,0.6008183699595375,1,2
132,CT1100011,1,0.9085593551616157,1,4
133,CT1100011,0,0.9085593551616157,1,4
134,CT1110011,0,0.5770529484567364,1,3
135,CT1110011,0,0.6268844348023714,1,3
136,CT1130011,1,0.5886530153260976,1,3
137,CT1160011,1,0.6473426820762924,1,4
138,CT1160011,1,0.8419512865746245,1,4
139,CT1160011,0,0.6473426820762924,1,4
140,CT1180011,1,0.6215296105457754,1,1
141,CT1180011,1,0.6215296105457754,1,1
142,CT1180011,1,0.6215296105457754,1,1
143,CT1180011,1,0.5542916618126126,1,1
144,CT1240011,0,0.858663663703726,1,3
145,CT1240011,1,0.858663663703726,1,3
146,CT1240011,1,0.858663663703726,1,3
147,CT1240011,1,0.8063656929216472,1,3
148,CT1280021,1,0.8325743346653748,1,1
149,CT1280021,1,0.8325743346653748,1,1
150,CT1280021,1,0.8325743346653748,1,1
151,CT1300021,0,0.8257466547576297,1,1
152,CT1310011,1,0.5506102654253962,1,3
153,CT1310011,1,0.569881381283888,1,3
154,CT1310011,1,0.5506102654253962,1,3
155,CT1310011,0,0.5506102654253962,1,3
156,CT1310011,0,0.5506102654253962,1,3
157,CT1310011,1,0.5506102654253962,1,3
158,CT1310011,1,0.5240153825506024,1,3
159,CT1350011,1,0.5064665637814123,1,4
160,CT1350011,0,0.5064665637814123,1,4
161,CT1370011,0,0.7623087555151123,1,4
162,CT1370011,0,0.4947180030337327,0,4
163,CT1400011,0,0.5200660215977666,1,2
164,CT1430011,0,0.4307336029482993,0,3
165,CT1510011,0,0.7825432756417013,1,1
166,CT1520071,0,0.6464356177460527,1,2
167,CT1530011,0,0.8069294191493157,1,3
168,CT1530021,0,0.8309695034555926,1,3
169,CT1620011,0,0.3368971330599673,0,1
170,CT1630011,1,0.27337796395239566,0,1
171,CT1666011,1,0.569714861382522,1,1
172,MA1004000,0,0.37932336573349706,0,1
173,MA1005000,0,0.7360613541402179,1,3
174,MA1008000,0,0.1699651809668183,0,3
175,MA1008000,0,0.13207570470160152,0,3
176,MA1008000,0,0.13207570470160152,0,3
177,MA1008000,0,0.16848245421078606,0,3
178,MA1008000,0,0.13207570470160152,0,3
179,MA1015000,0,0.5252874535529429,1,5
180,MA1015000,0,0.5193635640840484,1,5
181,MA1024000,0,0.519653479112443,1,3
182,MA1024000,0,0.519653479112443,1,3
183,MA1061000,0,0.4016260808873397,0,2
184,MA1070000,0,0.43459086203996106,0,3
185,MA1070000,0,0.43459086203996106,0,3
186,MA1074001,0,0.3648921527763915,0,1
187,MA1085000,0,0.6464486668406071,1,2
188,MA1087000,0,0.47442945047429613,0,4
189,MA1087000,0,0.47442945047429613,0,4
190,MA1087000,0,0.49748848167511045,0,4
191,MA1087000,0,0.47442945047429613,0,4
192,MA1113000,0,0.34508117942761635,0,2
193,MA1114000,0,0.31581536167409213,0,1
194,MA1114000,0,0.384970223363751,0,1
195,MA1117002,0,0.43289257693015987,0,2
196,MA1117002,0,0.4749315279637393,0,2
197,MA1127000,0,0.32299391245520653,0,3
198,MA1127000,1,0.4411310079344871,0,3
199,MA1127000,0,0.32299391245520653,0,3
200,MA1137000,0,0.4438763720700308,0,3
201,MA1137000,0,0.4438763720700308,0,3
202,MA1150000,0,0.2665448821232712,0,1
203,MA1152000,0,0.4311776716932136,0,3
204,MA1159000,0,0.6093651261196954,1,2
205,MA1191000,0,0.447696630426869,0,2
206,MA1191000,0,0.447696630426869,0,2
207,MA1191000,0,0.447696630426869,0,2
208,MA1192000,0,0.3794366761863018,0,5
209,MA1192000,0,0.3706455712582705,0,5
210,MA1209000,1,0.24183962651072383,0,4
211,MA1214000,0,0.2745297262433657,0,4
212,MA1214000,0,0.32814723613439556,0,4
213,MA1214000,0,0.2745297262433657,0,4
214,MA1223000,0,0.687489246434823,1,5
215,MA1223000,0,0.687489246434823,1,5
216,MA1223000,0,0.687489246434823,1,5
217,MA1223000,0,0.4208106436531025,0,5
218,MA1227000,0,0.39963864164236507,0,3
219,MA1227000,0,0.3812992523840455,0,3
220,MA1227000,0,0.39963864164236507,0,3
221,MA1236000,0,0.24407727502953713,0,2
222,MA1236000,0,0.24407727502953713,0,2
223,MA1275000,0,0.2869069219571784,0,3
224,MA1275001,0,0.3484220505985349,0,4
225,MA1275001,0,0.3484220505985349,0,4
226,MA1276000,0,0.4878513496370248,0,2
227,MA1276000,0,0.5257279860751468,1,2
228,MA1279000,0,0.7532423542504891,1,3
229,MA1279000,0,0.7532423542504891,1,3
230,MA1281000,0,0.2266212847139817,0,1
231,MA1309000,0,0.4829577181190285,0,3
232,MA1309000,1,0.4050567162741064,0,3
233,MA1325000,0,0.6076311101718124,1,1
234,MA1329000,0,0.7248037601923529,1,3
235,MA1329000,0,0.7397305324119988,1,3
236,MA1329000,0,0.6341525401449721,1,3
237,MA1329000,0,0.6341525401449721,1,3
238,MA1329000,1,0.7397305324119988,1,3
239,MA1329000,0,0.7397305324119988,1,3
240,MA1337010,0,0.4223383436710159,0,2
241,MA1339000,0,0.45835472264564714,0,1
242,MA1341000,0,0.12841555439450758,0,4
243,MA1341000,0,0.12841555439450758,0,4
244,MA1341000,0,0.12841555439450758,0,4
245,MA1341010,0,0.2629645597326926,0,2
246,MA2002000,1,0.33245188139663656,0,2
247,MA2002000,1,0.33245188139663656,0,2
248,MA2002000,1,0.5982931507657341,1,2
249,MA2011000,0,0.5054328259872304,1,4
250,MA2011004,0,0.2268340834922398,0,1
251,MA2017000,1,0.5124386495920393,1,5
252,MA2017000,0,0.4960903968409027,0,5
253,MA2017000,0,0.4916826948469928,0,5
254,MA2017000,0,0.4916826948469928,0,5
255,MA2017000,1,0.4916826948469928,0,5
256,MA2019000,1,0.7963308065101781,1,1
257,MA2019000,1,0.8768619531296145,1,1
258,MA2019001,1,0.35738467141427865,0,4
259,MA2019001,1,0.35738467141427865,0,4
260,MA2019001,0,0.35738467141427865,0,4
261,MA2021000,0,0.3805589396048274,0,5
262,MA2025000,1,0.6012802741065829,1,2
263,MA2025000,1,0.6012802741065829,1,2
264,MA2032000,0,0.43680378411338394,0,5
265,MA2064000,0,0.3849880525691831,0,1
266,MA2080000,0,0.6371005189322326,1,1
267,MA2080006,0,0.41931007397904335,0,5
268,MA2097000,1,0.197894541936718,0,1
269,MA2097000,1,0.197894541936718,0,1
270,MA2101000,1,0.5973718226525968,1,2
271,MA2101000,1,0.5973718226525968,1,2
272,MA2101000,1,0.5973718226525968,1,2
273,MA2101000,0,0.5973718226525968,1,2
274,MA2101000,1,0.5973718226525968,1,2
275,MA2101000,0,0.47943712851068704,0,2
276,MA2101000,0,0.5783953980975497,1,2
277,MA2103000,0,0.23233033771027128,0,4
278,MA2103000,0,0.5188242931646354,1,4
279,MA2110000,1,0.48977871182515664,0,3
280,MA2110000,1,0.48977871182515664,0,3
281,MA2110000,0,0.48977871182515664,0,3
282,MA2110000,0,0.48977871182515664,0,3
283,MA2115000,0,0.22859026413657227,0,2
284,MA2115000,1,0.22859026413657227,0,2
285,MA2134000,1,0.5823908441630945,1,4
286,MA2134000,1,0.6046602397058439,1,4
287,MA2134000,0,0.6046602397058439,1,4
288,MA2134000,1,0.32098253891234413,0,4
289,MA2136000,0,0.4080086984650734,0,5
290,MA2136000,1,0.4080086984650734,0,5
291,MA2136000,1,0.4080086984650734,0,5
292,MA2136000,1,0.4080086984650734,0,5
293,MA2138000,1,0.3217158816412689,0,1
294,MA2139000,0,0.654479354226995,1,2
295,MA2139000,1,0.6185280761020779,1,2
296,MA2139000,1,0.6185280761020779,1,2
297,MA2139000,1,0.6368323284127616,1,2
298,MA2141000,0,0.44090329788361554,0,5
299,MA2141000,1,0.5455285974577355,1,5
300,MA2147000,0,0.5615538094210479,1,5
301,MA2147000,0,0.5615538094210479,1,5
302,MA2151001,0,0.7106168872932446,1,3
303,MA2151001,1,0.5276553076664264,1,3
304,MA2153000,0,0.5149989979754155,1,2
305,MA2153000,0,0.5149989979754155,1,2
306,MA2153000,0,0.5149989979754155,1,2
307,MA2153000,1,0.5710029138623568,1,2
308,MA2158000,0,0.40975529616873685,0,3
309,MA2162000,1,0.45795774923967975,0,4
310,MA2162000,1,0.38494180511901743,0,4
311,MA2170000,0,0.2985411759634073,0,2
312,MA2174000,1,0.5498261939928597,1,4
313,MA2174000,0,0.5498261939928597,1,4
314,MA2174000,0,0.5498261939928597,1,4
315,MA2175000,0,0.5730471645098444,1,2
316,MA2175000,0,0.5920945457554141,1,2
317,MA2175000,1,0.6281382158029536,1,2
318,MA2177000,1,0.6044279046310966,1,1
319,MA2177000,1,0.639400469467078,1,1
320,MA2185000,1,0.6239542448320288,1,2
321,MA2185000,1,0.6616175730838934,1,2
322,MA2186000,1,0.5292440910006819,1,4
323,MA2186000,1,0.40981240939416413,0,4
324,MA2186000,0,0.7439476359160685,1,4
325,MA2187000,0,0.5558536949566252,1,3
326,MA2187000,1,0.4844883860250815,0,3
327,MA2187000,0,0.4844883860250815,0,3
328,MA2187000,0,0.4844883860250815,0,3
329,MA2208000,0,0.6783271259506707,1,2
330,MA2208000,1,0.6783271259506707,1,2
331,MA2208000,0,0.6783271259506707,1,2
332,MA2208001,0,0.21841693920127697,0,2
333,MA2212000,0,0.165664236254941,0,1
334,MA2215000,0,0.3418715418220687,0,5
335,MA2216000,0,0.6868437751241989,1,3
336,MA2216000,0,0.6631222331486334,1,3
337,MA2216006,0,0.36038771448224066,0,4
338,MA2226000,0,0.47086911065218456,0,2
339,MA2226000,0,0.47086911065218456,0,2
340,MA2226000,1,0.47086911065218456,0,2
341,MA2228000,1,0.3561267434409831,0,2
342,MA2232000,1,0.6499863160065099,1,5
343,MA2232000,0,0.6308678971370816,1,5
344,MA2232000,1,0.6220911341089959,1,5
345,MA2257000,0,0.21831894954582118,0,2
346,MA2270000,1,0.5933566996048703,1,4
347,MA2270000,0,0.5933566996048703,1,4
348,MA2270001,1,0.43223825415793965,0,1
349,MA2271000,1,0.5456502619246891,1,5
350,MA2277000,0,0.3251724891829048,0,3
351,MA2278000,1,0.3257591829036576,0,4
352,MA2280000,0,0.423125183539187,0,4
353,MA2280000,0,0.423125183539187,0,4
354,MA2282000,0,0.3777499311882646,0,3
355,MA2282000,1,0.3777499311882646,0,3
356,MA2287000,0,0.30841389864256646,0,2
357,MA2287000,0,0.3928632581410879,0,2
358,MA2294000,1,0.41358288129476134,0,4
359,MA2294000,0,0.39138390257295824,0,4
360,MA2294000,0,0.39138390257295824,0,4
361,MA2294000,0,0.41358288129476134,0,4
362,MA2299000,0,0.47366343463291477,0,3
363,MA2299000,0,0.35435758985885596,0,3
364,MA2299000,0,0.35435758985885596,0,3
365,MA2299000,1,0.35435758985885596,0,3
366,MA2299000,1,0.35435758985885596,0,3
367,MA2303000,0,0.4909914568472082,0,3
368,MA2303000,0,0.4909914568472082,0,3
369,MA2303000,0,0.4909914568472082,0,3
370,MA2304000,0,0.3904965386828842,0,1
371,MA2304000,0,0.3904965386828842,0,1
372,MA2304000,1,0.3904965386828842,0,1
373,MA2316000,1,0.6367452771815669,1,3
374,MA2316000,0,0.6367452771815669,1,3
375,MA2321000,1,0.6586269454080159,1,5
376,MA2321000,1,0.6586269454080159,1,5
377,MA2321000,0,0.6586269454080159,1,5
378,MA2321000,1,0.3479750474751128,0,5
379,MA2328000,1,0.6406875225704819,1,2
380,MA2328000,0,0.6406875225704819,1,2
381,MA2328000,0,0.6445594744284511,1,2
382,MA2328000,0,0.604330840825671,1,2
383,MA2328000,1,0.6543603190669214,1,2
384,MA2332000,0,0.3691158880481011,0,1
385,MA2343000,0,0.32417858379035064,0,2
386,MA2348000,1,0.36796448127121356,0,1
387,MA3007000,0,0.45687975551937254,0,1
388,MA3009000,0,0.5384405571927965,1,2
389,MA3010000,0,0.30575874250103596,0,3
390,MA3014000,1,0.6583700090436605,1,2
391,MA3023000,0,0.2840685171679884,0,1
392,MA3023002,0,0.1413470052705906,0,1
393,MA3023002,0,0.1413470052705906,0,1
394,MA3026000,0,0.3215175316920788,0,4
395,MA3030000,1,0.686739648434249,1,3
396,MA3031000,1,0.3546682100936987,0,1
397,MA3035000,0,0.2820314474028813,0,3
398,MA3046000,0,0.3242187139121403,0,4
399,MA3048000,0,0.4854131668574054,0,1
400,MA3048000,1,0.7713834191379941,1,1
401,MA3049000,1,0.45980423979035556,0,3
402,MA3056000,1,0.5245031141612025,1,1
403,MA3056000,1,0.4790409679607182,0,1
404,MA3056000,1,0.5245031141612025,1,1
405,MA3056000,1,0.43509575564058883,0,1
406,MA3056002,0,0.7451973893964853,1,5
407,MA3057000,0,0.2986849061172326,0,1
408,MA3067000,1,0.32637982243472,0,1
409,MA3067000,1,0.49416224405424936,0,1
410,MA3067000,1,0.49416224405424936,0,1
411,MA3067000,0,0.49416224405424936,0,1
412,MA3067000,1,0.49416224405424936,0,1
413,MA3067000,0,0.5382281320938327,1,1
414,MA3071000,0,0.4606804555251949,0,2
415,MA3071000,1,0.6155542906269638,1,2
416,MA3073000,0,0.3404494475435308,0,5
417,MA3073000,1,0.5721200087438281,1,5
418,MA3073000,1,0.5812761684623968,1,5
419,MA3079000,1,0.5613348343217287,1,2
420,MA3079000,1,0.5320113004239589,1,2
421,MA3079000,1,0.5320113004239589,1,2
422,MA3079001,0,0.640673526665657,1,2
423,MA3079001,0,0.640673526665657,1,2
424,MA3093000,0,0.32753702598534934,0,4
425,MA3100000,0,0.3841693715940618,0,1
426,MA3105000,0,0.46379496510852986,0,1
427,MA3107000,0,0.40508365605185764,0,2
428,MA3107000,0,0.40508365605185764,0,2
429,MA3116000,1,0.5483657349144246,1,3
430,MA3116000,1,0.5483657349144246,1,3
431,MA3119000,1,0.47384249768189435,0,3
432,MA3119000,1,0.5008599683750786,1,3
433,MA3128000,0,0.24828803238919714,0,2
434,MA3144000,1,0.48966062823777173,0,1
435,MA3144000,0,0.48966062823777173,0,1
436,MA3144000,0,0.48966062823777173,0,1
437,MA3144000,0,0.39336153804661367,0,1
438,MA3144000,1,0.48966062823777173,0,1
439,MA3149000,1,0.2997918945199539,0,2
440,MA3155000,0,0.40199675416401603,0,1
441,MA3157000,1,0.36501599642164634,0,3
442,MA3157000,0,0.4106606955638481,0,3
443,MA3160000,1,0.6044856412241604,1,3
444,MA3163000,1,0.4717259460802365,0,5
445,MA3164000,1,0.6618123704068596,1,1
446,MA3164000,0,0.49537971226887,0,1
447,MA3164000,1,0.4582734488129164,0,1
448,MA3164001,0,0.3147666039069302,0,4
449,MA3165000,0,0.3232903493221642,0,3
450,MA3166000,1,0.4810050698642124,0,5
451,MA3166000,1,0.43644581260271337,0,5
452,MA3168000,0,0.2588270934813476,0,2
453,MA3176000,0,0.39035318265394725,0,5
454,MA3178000,0,0.27163478227307564,0,5
455,MA3180000,1,0.42829436527035025,0,1
456,MA3180000,0,0.45640177793624814,0,1
457,MA3181000,1,0.3929730847037156,0,2
458,MA3184000,1,0.686322626374255,1,3
459,MA3189000,0,0.3740507267435258,0,2
460,MA3196000,0,0.2609529716434576,0,1
461,MA3198000,1,0.687722125464228,1,3
462,MA3198000,1,0.7513331085819276,1,3
463,MA3198000,1,0.7513331085819276,1,3
464,MA3198000,1,0.8009356330586967,1,3
465,MA3199000,0,0.33645423592357815,0,5
466,MA3199000,1,0.5970546801481886,1,5
467,MA3206000,1,0.28058111659723495,0,1
468,MA3206000,1,0.4687402437935525,0,1
469,MA3207000,0,0.24882025205128205,0,5
470,MA3210000,0,0.36100276106850065,0,1
471,MA3213000,1,0.6905224775075616,1,1
472,MA3229000,0,0.33255786964389855,0,3
473,MA3229000,1,0.5447902665967389,1,3
474,MA3229000,1,0.5957601118277732,1,3
475,MA3243000,0,0.2628432669840367,0,1
476,MA3246000,0,0.27005685400596846,0,3
477,MA3248000,1,0.27156558376351797,0,4
478,MA3252000,0,0.46430841527981503,0,1
479,MA3254000,1,0.613157055608582,1,5
480,MA3254000,0,0.553928953122003,1,5
481,MA3258000,1,0.6549052869874414,1,5
482,MA3259000,0,0.7645071202965202,1,3
483,MA3259000,1,0.7444799736337714,1,3
484,MA3262000,0,0.297212783668208,0,4
485,MA3274000,0,0.33084873127048164,0,4
486,MA3284000,0,0.38506030303024585,0,4
487,MA3288000,1,0.41932548328202457,0,5
488,MA3288000,1,0.41932548328202457,0,5
489,MA3288000,1,0.41932548328202457,0,5
490,MA3288000,0,0.41932548328202457,0,5
491,MA3288000,1,0.41932548328202457,0,5
492,MA3291000,0,0.2698946034308129,0,1
493,MA3295000,1,0.7428424236951152,1,4
494,MA3298000,1,0.5584684949068581,1,3
495,MA3301000,1,0.6857433624093662,1,4
496,MA3301000,0,0.652911236296575,1,4
497,MA3305000,0,0.3642838559221697,0,1
498,MA3305000,1,0.5138892981470998,1,1
499,MA3308000,0,0.3436367065741701,0,2
500,MA3314000,0,0.29083759963931405,0,1
501,MA3315000,0,0.5665468333878714,1,4
502,MA3315000,0,0.574624901148501,1,4
503,MA3315000,1,0.7102420312065285,1,4
504,MA3315000,1,0.574624901148501,1,4
505,MA3317000,1,0.6072038417343872,1,3
506,MA3317000,1,0.6072038417343872,1,3
507,MA3317000,1,0.7726299767734763,1,3
508,MA3317000,0,0.3100520655116023,0,3
509,MA3320000,1,0.498055078089154,0,4
510,MA3324000,0,0.7477176848454047,1,1
511,MA3330000,1,0.34452985881055637,0,2
512,MA3330000,1,0.34452985881055637,0,2
513,MA3330019,1,0.44259115802562066,0,4
514,MA3333000,0,0.37666060517762306,0,2
515,MA3342000,0,0.2981990053485139,0,3
516,MA3342000,0,0.5613554864960386,1,3
517,MA3342000,0,0.593767179528335,1,3
518,MA3344000,0,0.6526330551322519,1,5
519,MA3344000,0,0.49583619094258824,0,5
520,MA3346000,0,0.3244063884448555,0,2
521,MA3347000,0,0.2873466046680847,0,5
522,MA3347000,1,0.5202390225501469,1,5
523,MA4001000,0,0.6515180729694404,1,2
524,MA4001000,1,0.7012467216101453,1,2
525,MA4001000,1,0.588118750146479,1,2
526,MA4003000,0,0.46458297352350925,0,5
527,MA4016000,1,0.6841668458337471,1,3
528,MA4016000,1,0.6841668458337471,1,3
529,MA4018000,1,0.48477707056795105,0,4
530,MA4018000,0,0.4972571025507564,0,4
531,MA4020000,0,0.47535340644922147,0,4
532,MA4020000,1,0.47535340644922147,0,4
533,MA4020000,1,0.47535340644922147,0,4
534,MA4020002,1,0.5782905183716357,1,4
535,MA4020002,0,0.5782905183716357,1,4
536,MA4020002,0,0.5782905183716357,1,4
537,MA4020002,0,0.5782905183716357,1,4
538,MA4020002,0,0.5782905183716357,1,4
539,MA4020002,0,0.5782905183716357,1,4
540,MA4020002,0,0.5782905183716357,1,4
541,MA4020002,0,0.5782905183716357,1,4
542,MA4020002,0,0.5782905183716357,1,4
543,MA4020002,0,0.5782905183716357,1,4
544,MA4020002,0,0.5782905183716357,1,4
545,MA4020002,1,0.5782905183716357,1,4
546,MA4020002,1,0.5782905183716357,1,4
547,MA4020002,0,0.5782905183716357,1,4
548,MA4020003,0,0.47623133746354285,0,4
549,MA4020003,0,0.47623133746354285,0,4
550,MA4020003,0,0.47623133746354285,0,4
551,MA4020003,0,0.47623133746354285,0,4
552,MA4020003,0,0.47623133746354285,0,4
553,MA4020004,1,0.4043941698824686,0,2
554,MA4020004,1,0.4231042080372525,0,2
555,MA4020004,1,0.33574912774096055,0,2
556,MA4036000,0,0.2597705339446807,0,4
557,MA4036000,0,0.2597705339446807,0,4
558,MA4036000,0,0.2597705339446807,0,4
559,MA4036000,0,0.2597705339446807,0,4
560,MA4036000,1,0.2597705339446807,0,4
561,MA4036000,0,0.2597705339446807,0,4
562,MA4036000,0,0.2597705339446807,0,4
563,MA4036001,0,0.25997505780432884,0,4
564,MA4036001,0,0.25997505780432884,0,4
565,MA4036001,0,0.25997505780432884,0,4
566,MA4036001,0,0.25997505780432884,0,4
567,MA4036001,0,0.25997505780432884,0,4
568,MA4036002,1,0.47597302822084514,0,3
569,MA4036002,0,0.49551225095992624,0,3
570,MA4040000,1,0.5384364245004284,1,4
571,MA4041000,0,0.09798508144572683,0,4
572,MA4041000,0,0.09798508144572683,0,4
573,MA4041000,0,0.09798508144572683,0,4
574,MA4041000,0,0.09798508144572683,0,4
575,MA4041000,0,0.09798508144572683,0,4
576,MA4042000,1,0.7419097251602329,1,2
577,MA4042000,1,0.6645563360707459,1,2
578,MA4042000,1,0.7118346208110073,1,2
579,MA4044000,0,0.5618364458095605,1,5
580,MA4050000,0,0.2720316098730355,0,1
581,MA4050000,1,0.6291558116736078,1,1
582,MA4050000,1,0.4371085406885678,0,1
583,MA4055000,0,0.19145252594970746,0,3
584,MA4055000,0,0.2257594532440016,0,3
585,MA4055000,0,0.19145252594970746,0,3
586,MA4055000,0,0.1961292657483988,0,3
587,MA4055000,0,0.2087570333612174,0,3
588,MA4065000,0,0.48160330444060645,0,1
589,MA4072000,0,0.5329817614974949,1,4
590,MA4072000,1,0.6274226032853647,1,4
591,MA4072000,1,0.6274226032853647,1,4
592,MA4072000,0,0.6274226032853647,1,4
593,MA4075000,0,0.3508680280663763,0,3
594,MA4075000,0,0.3508680280663763,0,3
595,MA4075000,0,0.3508680280663763,0,3
596,MA4075000,0,0.3508680280663763,0,3
597,MA4075000,0,0.3508680280663763,0,3
598,MA4075000,0,0.3508680280663763,0,3
599,MA4075000,0,0.3508680280663763,0,3
600,MA4075000,1,0.3508680280663763,0,3
601,MA4075000,0,0.3508680280663763,0,3
602,MA4076000,1,0.4206900043085768,0,2
603,MA4076004,0,0.2722548140953071,0,4
604,MA4082000,1,0.6679603718052946,1,5
605,MA4082000,0,0.6679603718052946,1,5
606,MA4082000,0,0.6679603718052946,1,5
607,MA4082000,1,0.6679603718052946,1,5
608,MA4082000,0,0.6679603718052946,1,5
609,MA4082000,0,0.6679603718052946,1,5
610,MA4082000,0,0.640705837732013,1,5
611,MA4082000,0,0.6679603718052946,1,5
612,MA4083000,0,0.6159842337896145,1,5
613,MA4083000,1,0.6159842337896145,1,5
614,MA4086095,0,0.5015293698976926,1,3
615,MA4086095,0,0.5015293698976926,1,3
616,MA4088000,0,0.3158653359059927,0,1
617,MA4088000,1,0.3158653359059927,0,1
618,MA4088000,1,0.3158653359059927,0,1
619,MA4088000,1,0.3158653359059927,0,1
620,MA4089000,0,0.10206443653257626,0,2
621,MA4089000,0,0.10206443653257626,0,2
622,MA4089000,0,0.10206443653257626,0,2
623,MA4089000,0,0.10206443653257626,0,2
624,MA4089000,0,0.10206443653257626,0,2
625,MA4094000,0,0.36207877769633307,0,1
626,MA4095000,0,0.44923685499909854,0,3
627,MA4096000,0,0.30512800164187753,0,2
628,MA4096000,0,0.5615606345052064,1,2
629,MA4096000,0,0.3556682911790191,0,2
630,MA4096000,0,0.4890005380296774,0,2
631,MA4096001,0,0.30422222840712704,0,1
632,MA4099000,1,0.8176644601480499,1,1
633,MA4099000,1,0.8176644601480499,1,1
634,MA4099000,1,0.8176644601480499,1,1
635,MA4118000,1,0.4675929956636091,0,5
636,MA4118000,1,0.4675929956636091,0,5
637,MA4118000,0,0.4883089221898668,0,5
638,MA4118000,0,0.4883089221898668,0,5
639,MA4122000,1,0.691086972996513,1,4
640,MA4122000,1,0.691086972996513,1,4
641,MA4122000,1,0.6145646193374665,1,4
642,MA4123000,1,0.5561101333877863,1,5
643,MA4126000,0,0.3067789940942658,0,3
644,MA4126000,0,0.3067789940942658,0,3
645,MA4126000,0,0.3067789940942658,0,3
646,MA4126000,0,0.3067789940942658,0,3
647,MA4126000,0,0.3067789940942658,0,3
648,MA4131000,1,0.4177923949839532,0,2
649,MA4131000,1,0.4177923949839532,0,2
650,MA4133000,1,0.6346488652519594,1,2
651,MA4145000,0,0.43231259839012515,0,3
652,MA4145000,0,0.43231259839012515,0,3
653,MA4145000,0,0.43231259839012515,0,3
654,MA4145000,0,0.53047516329956,1,3
655,MA4145000,0,0.53047516329956,1,3
656,MA4167000,0,0.8930441529116863,1,5
657,MA4167000,0,0.8930441529116863,1,5
658,MA4167000,1,0.8930441529116863,1,5
659,MA4169000,0,0.7075659453245497,1,4
660,MA4171000,0,0.790274983234007,1,5
661,MA4171000,1,0.7032211215381131,1,5
662,MA4171000,1,0.7850235074705303,1,5
663,MA4171000,1,0.790274983234007,1,5
664,MA4171000,0,0.790274983234007,1,5
665,MA4171000,0,0.790274983234007,1,5
666,MA4171000,1,0.780989460930887,1,5
667,MA4171000,0,0.790274983234007,1,5
668,MA4171000,1,0.790274983234007,1,5
669,MA4171000,0,0.790274983234007,1,5
670,MA4171000,0,0.790274983234007,1,5
671,MA4171000,0,0.790274983234007,1,5
672,MA4171000,0,0.790274983234007,1,5
673,MA4171000,1,0.7003402948834196,1,5
674,MA4171000,1,0.6953338838937526,1,5
675,MA4171000,0,0.6953338838937526,1,5
676,MA4172039,0,0.26815683961524545,0,5
677,MA4172039,0,0.37137342688570635,0,5
678,MA4172039,0,0.37137342688570635,0,5
679,MA4172039,0,0.28189380002751613,0,5
680,MA4172039,0,0.37137342688570635,0,5
681,MA4172039,1,0.28672491459431304,0,5
682,MA4173000,0,0.5189267502006444,1,4
683,MA4173001,0,0.0004255759562882922,0,2
684,MA4173001,0,0.0007975164820549951,0,2
685,MA4182000,1,0.7089043117472847,1,5
686,MA4182000,0,0.7089043117472847,1,5
687,MA4182000,1,0.7257380911922374,1,5
688,MA4182000,0,0.7257380911922374,1,5
689,MA4182000,0,0.7257380911922374,1,5
690,MA4182000,0,0.7257380911922374,1,5
691,MA4182000,0,0.7257380911922374,1,5
692,MA4182000,1,0.7257380911922374,1,5
693,MA4182000,1,0.7257380911922374,1,5
694,MA4182000,0,0.7257380911922374,1,5
695,MA4197000,0,0.1776856723683668,0,4
696,MA4197000,0,0.1776856723683668,0,4
697,MA4197000,0,0.1776856723683668,0,4
698,MA4201000,1,0.31731207754299995,0,1
699,MA4211000,0,0.7965964590496077,1,3
700,MA4211000,1,0.7661869542597485,1,3
701,MA4211000,1,0.8135617627211481,1,3
702,MA4211000,1,0.7799087766416067,1,3
703,MA4218000,1,0.5026831303445398,1,4
704,MA4218000,1,0.5026831303445398,1,4
705,MA4218000,0,0.562398995215138,1,4
706,MA4219000,1,0.6314130435879933,1,4
707,MA4219000,1,0.6540246647250899,1,4
708,MA4219000,1,0.6540246647250899,1,4
709,MA4220000,0,0.41988560268363534,0,1
710,MA4221000,0,0.3843738753692776,0,5
711,MA4221000,1,0.3690189753866982,0,5
712,MA4221000,0,0.3690189753866982,0,5
713,MA4221000,0,0.3690189753866982,0,5
714,MA4221000,0,0.3690189753866982,0,5
715,MA4224000,0,0.32205078273194054,0,3
716,MA4224000,0,0.2956325806993974,0,3
717,MA4231000,1,0.591542144384977,1,5
718,MA4231000,1,0.591542144384977,1,5
719,MA4231000,0,0.5621269435956665,1,5
720,MA4238000,1,0.46208040269169803,0,4
721,MA4238000,1,0.4524992123805869,0,4
722,MA4239000,0,0.38065049644523885,0,4
723,MA4239000,0,0.38065049644523885,0,4
724,MA4239000,0,0.38065049644523885,0,4
725,MA4239000,1,0.38065049644523885,0,4
726,MA4239000,0,0.38065049644523885,0,4
727,MA4239000,0,0.38065049644523885,0,4
728,MA4239000,0,0.38065049644523885,0,4
729,MA4239000,0,0.38065049644523885,0,4
730,MA4239000,0,0.38065049644523885,0,4
731,MA4239000,0,0.38065049644523885,0,4
732,MA4239000,0,0.38065049644523885,0,4
733,MA4239055,1,0.4045403394792685,0,2
734,MA4242000,0,0.04483751686630929,0,4
735,MA4242000,0,0.05563935682904613,0,4
736,MA4244000,1,0.6925601561781852,1,3
737,MA4244001,1,0.5859818799828305,1,3
738,MA4245000,0,0.4756613839524658,0,4
739,MA4245000,1,0.4756613839524658,0,4
740,MA4245000,1,0.4756613839524658,0,4
741,MA4245002,1,0.45067181252792154,0,2
742,MA4245002,0,0.4887121624731826,0,2
743,MA4261000,0,0.6822833730685435,1,3
744,MA4261000,0,0.6424544666825261,1,3
745,MA4261000,0,0.6424544666825261,1,3
746,MA4261000,0,0.6424544666825261,1,3
747,MA4261000,0,0.6424544666825261,1,3
748,MA4261000,0,0.6424544666825261,1,3
749,MA4261000,0,0.6424544666825261,1,3
750,MA4261000,0,0.6424544666825261,1,3
751,MA4261000,0,0.6424544666825261,1,3
752,MA4261000,0,0.6424544666825261,1,3
753,MA4261024,0,0.5285252601493492,1,3
754,MA4261024,0,0.5285252601493492,1,3
755,MA4261024,0,0.5285252601493492,1,3
756,MA4264000,0,0.48189824146895993,0,3
757,MA4264000,1,0.4413171737325487,0,3
758,MA4264000,1,0.50144794467202,1,3
759,MA4264000,1,0.48189824146895993,0,3
760,MA4265000,1,0.40998703116484614,0,2
761,MA4266000,1,0.5511012053430115,1,2
762,MA4266000,1,0.5511012053430115,1,2
763,MA4266000,1,0.5511012053430115,1,2
764,MA4266000,1,0.5511012053430115,1,2
765,MA4266000,1,0.5511012053430115,1,2
766,MA4266000,0,0.5511012053430115,1,2
767,MA4273000,0,0.45643289702142775,0,5
768,MA4292000,1,0.349558798572635,0,2
769,MA4292000,1,0.3319639951089466,0,2
770,MA4292000,1,0.19858757137666033,0,2
771,MA4292000,0,0.2874385364429113,0,2
772,MA4293000,0,0.1576920542022841,0,1
773,MA4296000,0,0.5319930349375118,1,5
774,MA4296000,0,0.5319930349375118,1,5
775,MA4296000,0,0.5319930349375118,1,5
776,MA4307000,1,0.6452109954544875,1,4
777,MA4307000,1,0.708474734327352,1,4
778,MA4310000,0,0.5038869612110805,1,4
779,MA4310000,0,0.5284796801108473,1,4
780,MA4322000,1,0.4595410143969094,0,5
781,MA4322000,0,0.4595410143969094,0,5
782,MA4322000,1,0.42978311616156295,0,5
783,MA4322000,1,0.4595410143969094,0,5
784,MA4336000,0,0.3827448624334338,0,5
785,MA4336000,1,0.5799896551185698,1,5
786,MA4338000,1,0.36261345261529015,0,4
787,MA4350000,1,0.434756618512576,0,1
788,MA4350000,1,0.434756618512576,0,1
789,MA4350000,1,0.434756618512576,0,1
790,MA4351000,0,0.16273994386560006,0,5
791,MA4351000,0,0.16273994386560006,0,5
792,MA4351000,0,0.16273994386560006,0,5
793,MA4351000,0,0.16273994386560006,0,5
794,MA4351000,0,0.16273994386560006,0,5
795,MA4351000,1,0.16273994386560006,0,5
796,MA4351000,0,0.16273994386560006,0,5
797,MA4351000,0,0.16273994386560006,0,5
798,MA4351000,1,0.16273994386560006,0,5
799,MA4351000,0,0.1635741299325156,0,5
800,MA4351000,0,0.16273994386560006,0,5
801,MA4351000,0,0.16273994386560006,0,5
802,MA4351000,1,0.16273994386560006,0,5
803,MA4351000,0,0.16273994386560006,0,5
804,MA4351000,0,0.16273994386560006,0,5
805,ME0000147,1,0.3795710227633364,0,1
806,ME0090070,0,0.25480424709902216,0,4
807,ME0090110,0,0.13538613709405548,0,3
808,ME0090120,1,0.0922149497655325,0,3
809,ME0090130,0,0.13222627780407414,0,5
810,ME0090140,0,0.3026979536335543,0,2
811,ME0090140,1,0.3026979536335543,0,2
812,ME0090170,0,0.4969976698153767,0,1
813,ME0090200,0,0.15433193177568447,0,1
814,ME0090220,0,0.22170929857985558,0,4
815,ME0090260,0,0.532471201829387,1,3
816,ME0090260,0,0.532471201829387,1,3
817,ME0090260,0,0.3412834682184603,0,3
818,ME0090300,0,0.33737091821565096,0,2
819,ME0090320,0,0.23015613473033367,0,3
820,ME0090520,0,0.032812534859112834,0,3
821,ME0090540,0,0.18626509024966864,0,3
822,ME0090540,0,0.18626509024966864,0,3
823,ME0090570,1,0.4853752422636689,0,2
824,ME0090610,1,0.4123314419509175,0,3
825,ME0090660,0,0.15926653077907604,0,2
826,ME0090660,0,0.10097859507432388,0,2
827,ME0090660,0,0.10097859507432388,0,2
828,ME0090700,1,0.27576401450592525,0,1
829,ME0090700,0,0.27576401450592525,0,1
830,ME0090750,1,0.18213021343206798,0,2
831,ME0090760,0,0.5422269367847073,1,5
832,ME0090760,0,0.6939279474796859,1,5
833,ME0090760,0,0.6968437355078605,1,5
834,ME0090760,0,0.5422269367847073,1,5
835,ME0090760,0,0.5422269367847073,1,5
836,ME0090790,0,0.4629385444347697,0,3
837,ME0090830,0,0.24118779493643785,0,2
838,ME0090870,1,0.5481653943357762,1,3
839,ME0090870,1,0.5481653943357762,1,3
840,ME0090870,1,0.5674589920526576,1,3
841,ME0090870,1,0.5674589920526576,1,3
842,ME0090930,0,0.35357542691366,0,5
843,ME0090930,0,0.3450503391279819,0,5
844,ME0090990,0,0.37220166442890085,0,2
845,ME0091200,0,0.23211488406279646,0,3
846,ME0091210,0,0.31290664589670614,0,5
847,ME0091300,0,0.20499894041403377,0,4
848,ME0091310,0,0.14362054056312987,0,4
849,ME0091380,0,0.25930435095681925,0,4
850,ME0091380,0,0.25930435095681925,0,4
851,ME0091410,1,0.605368557691584,1,3
852,ME0091410,1,0.605368557691584,1,3
853,ME0091410,1,0.605368557691584,1,3
854,ME0091410,0,0.605368557691584,1,3
855,ME0091410,0,0.605368557691584,1,3
856,ME0091410,0,0.605368557691584,1,3
857,ME0091450,0,0.391742929728223,0,4
858,ME0091540,0,0.0877183604910031,0,1
859,ME0091550,0,0.28510088010572676,0,2
860,ME0091670,0,0.47277250096671575,0,4
861,ME0091670,0,0.47277250096671575,0,4
862,ME0091670,1,0.47277250096671575,0,4
863,ME0091670,0,0.47277250096671575,0,4
864,ME0091680,0,0.45434460118849224,0,5
865,ME0092559,0,0.5280306103375143,1,2
866,ME0092710,0,0.7275954024162984,1,4
867,NH0161020,0,0.3415860145097943,0,3
868,NH0161020,0,0.3415860145097943,0,3
869,NH0162170,0,0.08810259183989515,0,4
870,NH0192080,1,0.35715291608166316,0,5
871,NH0231010,0,0.08309161202653277,0,4
872,NH0231010,0,0.07475953593068416,0,4
873,NH0251010,0,0.22643998274460414,0,4
874,NH0251010,0,0.22643998274460414,0,4
875,NH0251010,0,0.22643998274460414,0,4
876,NH0301010,0,0.15053482622531933,0,3
877,NH0301010,0,0.15053482622531933,0,3
878,NH0301010,0,0.15053482622531933,0,3
879,NH0446020,0,0.2777745883350844,0,3
880,NH0461010,0,0.10811602862148281,0,3
881,NH0501010,0,0.268206110887856,0,3
882,NH0511030,0,0.5590537840616934,1,5
883,NH0511030,0,0.5590537840616934,1,5
884,NH0511030,0,0.5590537840616934,1,5
885,NH0511030,0,0.5590537840616934,1,5
886,NH0511030,0,0.5590537840616934,1,5
887,NH0512120,0,0.23905024321442575,0,1
888,NH0611010,1,0.290064812807014,0,4
889,NH0651010,0,0.4556332354968057,0,2
890,NH0651010,0,0.4183520353508838,0,2
891,NH0651010,0,0.4183520353508838,0,2
892,NH0651010,0,0.4556332354968057,0,2
893,NH0651010,0,0.3838965712545796,0,2
894,NH0691010,0,0.21182981426201264,0,1
895,NH0691010,0,0.27349911369465757,0,1
896,NH0801010,1,0.6205244909309418,1,3
897,NH0801010,0,0.5288986185480828,1,3
898,NH0851010,0,0.19720658386616116,0,3
899,NH0851010,0,0.21489294816480212,0,3
900,NH0851010,0,0.21489294816480212,0,3
901,NH0851010,0,0.21489294816480212,0,3
902,NH0951010,0,0.13524817453297383,0,2
903,NH1031010,1,0.6126426916605198,1,2
904,NH1031010,1,0.5938967150181854,1,2
905,NH1031010,0,0.5938967150181854,1,2
906,NH1031010,1,0.5938967150181854,1,2
907,NH1031010,1,0.5938967150181854,1,2
908,NH1031010,1,0.5938967150181854,1,2
909,NH1031010,1,0.5938967150181854,1,2
910,NH1031010,0,0.5938967150181854,1,2
911,NH1031010,1,0.5938967150181854,1,2
912,NH1031010,0,0.5938967150181854,1,2
913,NH1031010,1,0.5938967150181854,1,2
914,NH1031010,0,0.5938967150181854,1,2
915,NH1051010,0,0.5401063030588624,1,3
916,NH1051010,1,0.5401063030588624,1,3
917,NH1051010,1,0.591207071410629,1,3
918,NH1051010,0,0.5401063030588624,1,3
919,NH1071010,0,0.04397021931128054,0,1
920,NH1181010,1,0.24623872855250117,0,2
921,NH1196050,0,0.44939794072043204,0,4
922,NH1201010,1,0.4525759520819295,0,1
923,NH1221010,0,0.2699383740039329,0,1
924,NH1221010,1,0.2699383740039329,0,1
925,NH1221010,0,0.2699383740039329,0,1
926,NH1221010,1,0.2699383740039329,0,1
927,NH1241010,0,0.3012734167103892,0,3
928,NH1241010,0,0.2645293886973513,0,3
929,NH1241010,0,0.2645293886973513,0,3
930,NH1281010,0,0.12167933012824815,0,5
931,NH1321010,0,0.13425871662058142,0,4
932,NH1371010,0,0.48436409258838337,0,3
933,NH1371010,1,0.6088865185029946,1,3
934,NH1381010,0,0.0592111982202575,0,4
935,NH1391010,1,0.28406211757683986,0,4
936,NH1461010,0,0.0880556542174203,0,4
937,NH1461010,0,0.0880556542174203,0,4
938,NH1471010,1,0.17872171189968333,0,3
939,NH1531010,0,0.5374180807251442,1,4
940,NH1531010,0,0.4529613375074545,0,4
941,NH1531010,0,0.4529613375074545,0,4
942,NH1561010,0,0.28636891899936834,0,5
943,NH1561010,0,0.562975679430415,1,5
944,NH1621010,0,0.30393733328901884,0,5
945,NH1622010,0,0.8307830737253983,1,2
946,NH1721010,0,0.12075951461325075,0,2
947,NH1731010,0,0.42318895918330957,0,5
948,NH1731010,0,0.42318895918330957,0,5
949,NH1741010,0,0.18721737875739725,0,1
950,NH1741010,0,0.0903148038820358,0,1
951,NH1861010,0,0.33014776070476776,0,4
952,NH1861010,0,0.33014776070476776,0,4
953,NH1861010,0,0.33014776070476776,0,4
954,NH1861010,1,0.33014776070476776,0,4
955,NH1871010,0,0.19007347528748575,0,2
956,NH1871010,0,0.19007347528748575,0,2
957,NH1871010,0,0.19007347528748575,0,2
958,NH1941010,0,0.3811358309143248,0,2
959,NH1941010,0,0.3811358309143248,0,2
960,NH1951010,1,0.25130424690888425,0,1
961,NH1951010,1,0.25130424690888425,0,1
962,NH1951010,1,0.273350031942162,0,1
963,NH1951010,0,0.213822583620599,0,1
964,NH1951010,1,0.213822583620599,0,1
965,NH1951010,1,0.17563031192849904,0,1
966,NH1951010,0,0.213822583620599,0,1
967,NH1951010,0,0.213822583620599,0,1
968,NH1951020,1,0.8388240222272776,1,4
969,NH1971010,0,0.2318146423094607,0,1
970,NH1971010,0,0.2318146423094607,0,1
971,NH1971010,1,0.2593635122641251,0,1
972,NH2001010,0,0.37211114222905944,0,2
973,NH2001010,0,0.4591539625132312,0,2
974,NH2051010,1,0.2973768098743849,0,4
975,NH2051010,1,0.2609897264358786,0,4
976,NH2111010,1,0.34675140611618027,0,4
977,NH2111010,1,0.34675140611618027,0,4
978,NH2111010,0,0.34675140611618027,0,4
979,NH2111010,0,0.4268574727364792,0,4
980,NH2151010,0,0.3432627325770396,0,3
981,NH2561010,0,0.07384017231880101,0,4
982,NJ0102001,1,0.19772129931971935,0,5
983,NJ0102301,0,0.09563823436078643,0,3
984,NJ0103001,1,0.09202786673833112,0,4
985,NJ0103001,1,0.09202786673833112,0,4
986,NJ0103001,1,0.09202786673833112,0,4
987,NJ0104003,0,0.20474555338760364,0,5
988,NJ0104003,0,0.20474555338760364,0,5
989,NJ0107001,0,0.28496463152008045,0,4
990,NJ0108352,0,0.08668144639907586,0,5
991,NJ0111304,0,0.32932595528147673,0,1
992,NJ0112001,0,0.3872118676966722,0,2
993,NJ0112001,0,0.3872118676966722,0,2
994,NJ0112001,0,0.33425761965941625,0,2
995,NJ0112001,1,0.33425761965941625,0,2
996,NJ0112001,0,0.33425761965941625,0,2
997,NJ0112325,0,0.18144977797681197,0,4
998,NJ0113001,0,0.2745621828483808,0,4
999,NJ0113001,0,0.3140257606315966,0,4
1000,NJ0113001,0,0.3140257606315966,0,4
1001,NJ0115001,0,0.16777790181017954,0,3
1002,NJ0116001,0,0.5849709860627021,1,2
1003,NJ0116001,0,0.5849709860627021,1,2
1004,NJ0119002,0,0.3612431267455544,0,5
1005,NJ0119002,0,0.3612431267455544,0,5
1006,NJ0119002,1,0.3612431267455544,0,5
1007,NJ0119002,0,0.3667396321535539,0,5
1008,NJ0119002,0,0.3612431267455544,0,5
1009,NJ0119002,0,0.3612431267455544,0,5
1010,NJ0119002,0,0.3667396321535539,0,5
1011,NJ0119002,0,0.3612431267455544,0,5
1012,NJ0119002,1,0.3612431267455544,0,5
1013,NJ0119002,1,0.3667396321535539,0,5
1014,NJ0119002,1,0.3667396321535539,0,5
1015,NJ0119002,0,0.3667396321535539,0,5
1016,NJ0119002,0,0.3612431267455544,0,5
1017,NJ0119002,1,0.3667396321535539,0,5
1018,NJ0122001,0,0.6513539961629963,1,4
1019,NJ0122001,0,0.6513539961629963,1,4
1020,NJ0122001,0,0.6513539961629963,1,4
1021,NJ0201001,1,0.869317707457996,1,2
1022,NJ0201001,1,0.9616978055391269,1,2
1023,NJ0201001,1,0.9211899393815349,1,2
1024,NJ0201001,1,0.9154040926144723,1,2
1025,NJ0211001,1,0.6756882445495526,1,4
1026,NJ0217001,1,0.9094102911596829,1,5
1027,NJ0217001,1,0.8937067672336809,1,5
1028,NJ0217001,1,0.959687354968493,1,5
1029,NJ0220001,1,0.8676134950137008,1,5
1030,NJ0220001,1,0.9626879853626027,1,5
1031,NJ0221001,1,0.7601277641831303,1,4
1032,NJ0221001,1,0.7601277641831303,1,4
1033,NJ0221001,1,0.7601277641831303,1,4
1034,NJ0221001,1,0.7063337701877416,1,4
1035,NJ0228001,1,0.5257743591377818,1,1
1036,NJ0228001,1,0.5257743591377818,1,1
1037,NJ0228001,1,0.5257743591377818,1,1
1038,NJ0228001,1,0.5257743591377818,1,1
1039,NJ0231001,1,0.7550759322020907,1,3
1040,NJ0232001,1,0.7781711914748584,1,4
1041,NJ0233001,0,0.8058471852314291,1,3
1042,NJ0233001,1,0.8058471852314291,1,3
1043,NJ0233001,1,0.8058471852314291,1,3
1044,NJ0233001,1,0.694769366065706,1,3
1045,NJ0238001,1,0.774709091867481,1,4
1046,NJ0238001,1,0.774709091867481,1,4
1047,NJ0238001,1,0.774709091867481,1,4
1048,NJ0239001,1,0.7246249335771947,1,1
1049,NJ0242001,1,0.629100282105261,1,3
1050,NJ0242001,1,0.6220888807096651,1,3
1051,NJ0242001,1,0.629100282105261,1,3
1052,NJ0242001,1,0.629100282105261,1,3
1053,NJ0247001,1,0.9166398666936145,1,2
1054,NJ0247001,1,0.8257543315902022,1,2
1055,NJ0247001,1,0.9166398666936145,1,2
1056,NJ0247001,0,0.8365770491507598,1,2
1057,NJ0247001,1,0.9223483636035175,1,2
1058,NJ0247001,1,0.8257543315902022,1,2
1059,NJ0247001,0,0.8365770491507598,1,2
1060,NJ0247001,1,0.8257543315902022,1,2
1061,NJ0247001,1,0.8257543315902022,1,2
1062,NJ0247001,0,0.8365770491507598,1,2
1063,NJ0247001,1,0.8365770491507598,1,2
1064,NJ0247001,0,0.8365770491507598,1,2
1065,NJ0247001,1,0.8257543315902022,1,2
1066,NJ0248001,1,0.7675157192301009,1,2
1067,NJ0248001,1,0.8942966444036722,1,2
1068,NJ0248001,1,0.8942966444036722,1,2
1069,NJ0248001,1,0.8942966444036722,1,2
1070,NJ0248001,1,0.8942966444036722,1,2
1071,NJ0248001,0,0.9397533652208493,1,2
1072,NJ0251001,1,0.9157615368703819,1,2
1073,NJ0251001,1,0.9157615368703819,1,2
1074,NJ0251001,1,0.9157615368703819,1,2
1075,NJ0251001,1,0.9157615368703819,1,2
1076,NJ0251001,1,0.9157615368703819,1,2
1077,NJ0251001,1,0.9157615368703819,1,2
1078,NJ0251001,1,0.9157615368703819,1,2
1079,NJ0251001,1,0.9157615368703819,1,2
1080,NJ0251001,1,0.9157615368703819,1,2
1081,NJ0251001,1,0.9157615368703819,1,2
1082,NJ0251001,1,0.9157615368703819,1,2
1083,NJ0251001,1,0.9157615368703819,1,2
1084,NJ0251001,1,0.9157615368703819,1,2
1085,NJ0251001,1,0.830024551972245,1,2
1086,NJ0251001,1,0.9157615368703819,1,2
1087,NJ0251001,1,0.9157615368703819,1,2
1088,NJ0251001,1,0.8600547527614647,1,2
1089,NJ0257001,1,0.5819126288179437,1,1
1090,NJ0264001,1,0.7215857034650639,1,3
1091,NJ0264001,1,0.7215857034650639,1,3
1092,NJ0264001,1,0.7215857034650639,1,3
1093,NJ0264001,1,0.7215857034650639,1,3
1094,NJ0264001,1,0.7215857034650639,1,3
1095,NJ0265001,1,0.7553648740599868,1,4
1096,NJ0303001,0,0.4599936758581109,0,3
1097,NJ0305001,1,0.7892466655780745,1,2
1098,NJ0306001,0,0.4475806855254962,0,4
1099,NJ0306001,1,0.30868712978764895,0,4
1100,NJ0306001,1,0.30868712978764895,0,4
1101,NJ0313001,0,0.2608546705857835,0,2
1102,NJ0313001,0,0.2608546705857835,0,2
1103,NJ0313001,0,0.2608546705857835,0,2
1104,NJ0313001,0,0.45775048318037426,0,2
1105,NJ0313001,1,0.45775048318037426,0,2
1106,NJ0313001,0,0.2608546705857835,0,2
1107,NJ0313001,0,0.2608546705857835,0,2
1108,NJ0313001,0,0.2608546705857835,0,2
1109,NJ0313001,0,0.2608546705857835,0,2
1110,NJ0313001,0,0.2608546705857835,0,2
1111,NJ0313001,0,0.2608546705857835,0,2
1112,NJ0315001,1,0.596612575403505,1,3
1113,NJ0319001,1,0.6956814903119735,1,4
1114,NJ0319001,0,0.558641889955271,1,4
1115,NJ0320001,0,0.34588312546287364,0,5
1116,NJ0320001,0,0.34588312546287364,0,5
1117,NJ0320001,0,0.34588312546287364,0,5
1118,NJ0320001,0,0.34588312546287364,0,5
1119,NJ0320001,0,0.34588312546287364,0,5
1120,NJ0320001,0,0.34588312546287364,0,5
1121,NJ0320001,1,0.34588312546287364,0,5
1122,NJ0320001,0,0.5384144382025607,1,5
1123,NJ0322001,0,0.3983145238226898,0,2
1124,NJ0322001,0,0.3983145238226898,0,2
1125,NJ0322001,1,0.3623242179452205,0,2
1126,NJ0322001,1,0.5358511268055881,1,2
1127,NJ0322001,1,0.5358511268055881,1,2
1128,NJ0323001,0,0.5897163958840916,1,5
1129,NJ0323001,0,0.5897163958840916,1,5
1130,NJ0323001,0,0.5897163958840916,1,5
1131,NJ0323001,1,0.6504467802411324,1,5
1132,NJ0324001,0,0.471801180412349,0,1
1133,NJ0324001,1,0.46312902424205526,0,1
1134,NJ0324001,0,0.7465294918865031,1,1
1135,NJ0325001,0,0.6422346276006334,1,3
1136,NJ0325001,0,0.2948610806663812,0,3
1137,NJ0325001,0,0.2948610806663812,0,3
1138,NJ0325001,0,0.2948610806663812,0,3
1139,NJ0326006,0,0.21259766235551011,0,5
1140,NJ0326006,0,0.21259766235551011,0,5
1141,NJ0327001,0,0.5984714544402243,1,4
1142,NJ0327001,0,0.5984714544402243,1,4
1143,NJ0327001,0,0.5984714544402243,1,4
1144,NJ0327001,0,0.5984714544402243,1,4
1145,NJ0327001,0,0.5984714544402243,1,4
1146,NJ0327001,0,0.5984714544402243,1,4
1147,NJ0327001,0,0.5984714544402243,1,4
1148,NJ0327001,0,0.5984714544402243,1,4
1149,NJ0327001,0,0.5984714544402243,1,4
1150,NJ0327001,1,0.6545093186015225,1,4
1151,NJ0327001,0,0.5984714544402243,1,4
1152,NJ0329003,0,0.16847975077676225,0,3
1153,NJ0329003,0,0.16847975077676225,0,3
1154,NJ0333001,0,0.3775944399084206,0,5
1155,NJ0333001,0,0.3775944399084206,0,5
1156,NJ0333001,0,0.3775944399084206,0,5
1157,NJ0333001,0,0.3775944399084206,0,5
1158,NJ0338001,1,0.4498379647217462,0,1
1159,NJ0338001,1,0.4133487075133289,0,1
1160,NJ0338001,0,0.4498379647217462,0,1
1161,NJ0338001,0,0.428603278418275,0,1
1162,NJ0404001,0,0.5633785601894176,1,4
1163,NJ0404001,0,0.5633785601894176,1,4
1164,NJ0405001,0,0.26214379860837733,0,1
1165,NJ0405001,0,0.2919272675376319,0,1
1166,NJ0405001,0,0.2919272675376319,0,1
1167,NJ0405001,1,0.5026334466110391,1,1
1168,NJ0407001,1,0.5470424646093269,1,3
1169,NJ0408001,1,0.7450667417674813,1,5
1170,NJ0408001,1,0.7021765498588823,1,5
1171,NJ0408001,1,0.7495502760336035,1,5
1172,NJ0411001,0,0.1501569697720507,0,3
1173,NJ0411001,0,0.1501569697720507,0,3
1174,NJ0411001,0,0.1501569697720507,0,3
1175,NJ0412001,0,0.47417598123482324,0,2
1176,NJ0414001,0,0.5689418661860951,1,5
1177,NJ0415002,0,0.7455177009458056,1,4
1178,NJ0415002,0,0.7455177009458056,1,4
1179,NJ0415002,0,0.6768964941624243,1,4
1180,NJ0415002,0,0.7455177009458056,1,4
1181,NJ0415002,0,0.7455177009458056,1,4
1182,NJ0415002,0,0.7455177009458056,1,4
1183,NJ0415002,0,0.7455177009458056,1,4
1184,NJ0415002,0,0.7455177009458056,1,4
1185,NJ0415002,1,0.7455177009458056,1,4
1186,NJ0416001,0,0.477618500222028,0,4
1187,NJ0416001,0,0.7253176732557514,1,4
1188,NJ0424001,1,0.45538586949044135,0,1
1189,NJ0424001,0,0.4622762218538868,0,1
1190,NJ0424001,1,0.4622762218538868,0,1
1191,NJ0424001,0,0.45538586949044135,0,1
1192,NJ0424001,0,0.45538586949044135,0,1
1193,NJ0424001,0,0.5727210237991461,1,1
1194,NJ0428002,0,0.532469369929222,1,3
1195,NJ0428002,0,0.4227765133283547,0,3
1196,NJ0428002,0,0.4227765133283547,0,3
1197,NJ0428002,0,0.4227765133283547,0,3
1198,NJ0436007,1,0.6409710183275605,1,5
1199,NJ0436007,1,0.7144749138042674,1,5
1200,NJ0436007,0,0.8675393311326601,1,5
1201,NJ0436007,0,0.7144749138042674,1,5
1202,NJ0436007,1,0.8675393311326601,1,5
1203,NJ0436007,1,0.8675393311326601,1,5
1204,NJ0436007,0,0.7144749138042674,1,5
1205,NJ0501001,0,0.3205271117835857,0,2
1206,NJ0501001,0,0.3205271117835857,0,2
1207,NJ0501001,0,0.3205271117835857,0,2
1208,NJ0501001,0,0.3205271117835857,0,2
1209,NJ0501001,0,0.3205271117835857,0,2
1210,NJ0502001,0,0.07428943266878489,0,4
1211,NJ0502001,0,0.0915068110421568,0,4
1212,NJ0503001,0,0.08817232359904759,0,5
1213,NJ0505002,0,0.14227093818039216,0,5
1214,NJ0505002,0,0.14227093818039216,0,5
1215,NJ0505002,0,0.14227093818039216,0,5
1216,NJ0505002,0,0.14227093818039216,0,5
1217,NJ0505002,0,0.14227093818039216,0,5
1218,NJ0505002,0,0.14227093818039216,0,5
1219,NJ0506010,0,0.36563498330210087,0,4
1220,NJ0506010,0,0.36563498330210087,0,4
1221,NJ0506010,0,0.36563498330210087,0,4
1222,NJ0508001,0,0.3985843182676626,0,3
1223,NJ0508001,0,0.3985843182676626,0,3
1224,NJ0508001,0,0.3985843182676626,0,3
1225,NJ0508001,0,0.3985843182676626,0,3
1226,NJ0508001,0,0.3985843182676626,0,3
1227,NJ0508001,0,0.3985843182676626,0,3
1228,NJ0508001,0,0.3985843182676626,0,3
1229,NJ0508001,0,0.3985843182676626,0,3
1230,NJ0509001,0,0.084371728522582,0,3
1231,NJ0509001,0,0.084371728522582,0,3
1232,NJ0509001,0,0.084371728522582,0,3
1233,NJ0509001,0,0.084371728522582,0,3
1234,NJ0514001,0,0.16632730023829767,0,3
1235,NJ0514001,0,0.16632730023829767,0,3
1236,NJ0514001,0,0.16632730023829767,0,3
1237,NJ0514001,0,0.16632730023829767,0,3
1238,NJ0514001,0,0.16632730023829767,0,3
1239,NJ0514001,0,0.16632730023829767,0,3
1240,NJ0514001,0,0.16632730023829767,0,3
1241,NJ0601001,0,0.3724046557584963,0,3
1242,NJ0601001,0,0.3724046557584963,0,3
1243,NJ0601001,0,0.3724046557584963,0,3
1244,NJ0601001,0,0.3724046557584963,0,3
1245,NJ0609001,0,0.08400671276758258,0,4
1246,NJ0609001,0,0.08400671276758258,0,4
1247,NJ0609001,0,0.08400671276758258,0,4
1248,NJ0609001,0,0.08400671276758258,0,4
1249,NJ0609001,0,0.08400671276758258,0,4
1250,NJ0610001,0,0.39471466842386566,0,4
1251,NJ0610001,0,0.39471466842386566,0,4
1252,NJ0610001,1,0.39471466842386566,0,4
1253,NJ0610001,0,0.39471466842386566,0,4
1254,NJ0614003,1,0.3321829344374101,0,4
1255,NJ0614003,1,0.47439373193913653,0,4
1256,NJ0614003,1,0.3321829344374101,0,4
1257,NJ0614003,1,0.47439373193913653,0,4
1258,NJ0614003,0,0.3321829344374101,0,4
1259,NJ0614003,0,0.3321829344374101,0,4
1260,NJ0614003,1,0.47439373193913653,0,4
1261,NJ0701001,0,0.7176604471897226,1,5
1262,NJ0702001,0,0.8180036087537689,1,2
1263,NJ0703001,1,0.5771726611517153,1,1
1264,NJ0704001,1,0.744007341752042,1,4
1265,NJ0704001,1,0.744007341752042,1,4
1266,NJ0705001,1,0.9288133578843095,1,5
1267,NJ0707001,1,0.7804306638751448,1,1
1268,NJ0708001,1,0.7313937861788139,1,4
1269,NJ0710001,1,0.8709245532326709,1,4
1270,NJ0710001,1,0.8414406989343982,1,4
1271,NJ0710001,1,0.7220544786575395,1,4
1272,NJ0710001,1,0.8414406989343982,1,4
1273,NJ0710001,1,0.8709245532326709,1,4
1274,NJ0710001,1,0.8709245532326709,1,4
1275,NJ0710001,1,0.8709245532326709,1,4
1276,NJ0710001,1,0.8414406989343982,1,4
1277,NJ0710001,1,0.8709245532326709,1,4
1278,NJ0710001,1,0.8709245532326709,1,4
1279,NJ0712001,0,0.6942810297645337,1,2
1280,NJ0712001,1,0.6942810297645337,1,2
1281,NJ0712001,1,0.6942810297645337,1,2
1282,NJ0712001,1,0.6942810297645337,1,2
1283,NJ0712001,1,0.6942810297645337,1,2
1284,NJ0712001,1,0.6942810297645337,1,2
1285,NJ0712001,1,0.6534024353331898,1,2
1286,NJ0712001,1,0.6534024353331898,1,2
1287,NJ0712001,0,0.8404960957270416,1,2
1288,NJ0712001,0,0.8297119914415525,1,2
1289,NJ0712001,1,0.6942810297645337,1,2
1290,NJ0712001,1,0.6534024353331898,1,2
1291,NJ0713001,1,0.9201441125944674,1,3
1292,NJ0713001,1,0.9201441125944674,1,3
1293,NJ0713001,1,0.876756704285457,1,3
1294,NJ0714001,1,0.7476949382993264,1,4
1295,NJ0714001,0,0.7746556592582157,1,4
1296,NJ0715001,1,0.8108537548084914,1,5
1297,NJ0717001,1,0.8984728953893569,1,3
1298,NJ0718001,1,0.8593259917990488,1,5
1299,NJ0719001,1,0.8265985158338126,1,1
1300,NJ0721001,1,0.7648985456266006,1,2
1301,NJ0801001,1,0.20609191988370043,0,2
1302,NJ0801001,0,0.1709954175504537,0,2
1303,NJ0802001,1,0.6987869595837434,1,5
1304,NJ0802001,1,0.623373355472496,1,5
1305,NJ0802001,0,0.6987869595837434,1,5
1306,NJ0802001,0,0.6987869595837434,1,5
1307,NJ0802001,1,0.6987869595837434,1,5
1308,NJ0802001,0,0.6987869595837434,1,5
1309,NJ0802001,0,0.6987869595837434,1,5
1310,NJ0802001,0,0.6987869595837434,1,5
1311,NJ0803001,1,0.6542657600697654,1,5
1312,NJ0803001,0,0.5056035658211446,1,5
1313,NJ0803001,1,0.7280145168496084,1,5
1314,NJ0803001,0,0.5056035658211446,1,5
1315,NJ0806001,1,0.3430049977382245,0,4
1316,NJ0806001,1,0.4351603159730888,0,4
1317,NJ0806001,0,0.29108861851334306,0,4
1318,NJ0806001,0,0.29376865103236827,0,4
1319,NJ0806001,1,0.29108861851334306,0,4
1320,NJ0807001,0,0.6668505098617646,1,5
1321,NJ0807001,0,0.6668505098617646,1,5
1322,NJ0808001,0,0.7242112909051911,1,3
1323,NJ0808001,0,0.7393348644341199,1,3
1324,NJ0809002,1,0.6928763231280742,1,1
1325,NJ0809002,0,0.640660014729538,1,1
1326,NJ0809002,0,0.654938110262463,1,1
1327,NJ0810004,1,0.5293678110304462,1,4
1328,NJ0810004,0,0.4218970173051596,0,4
1329,NJ0810004,0,0.34216610425839117,0,4
1330,NJ0810004,0,0.34216610425839117,0,4
1331,NJ0810004,0,0.34216610425839117,0,4
1332,NJ0810004,0,0.34216610425839117,0,4
1333,NJ0811002,0,0.5789089932058591,1,3
1334,NJ0811002,1,0.5338592844875891,1,3
1335,NJ0811002,0,0.6467340022439585,1,3
1336,NJ0811002,0,0.6467340022439585,1,3
1337,NJ0811002,0,0.6467340022439585,1,3
1338,NJ0811002,0,0.6467340022439585,1,3
1339,NJ0811002,0,0.6467340022439585,1,3
1340,NJ0811002,0,0.5789089932058591,1,3
1341,NJ0814001,0,0.7155428136279401,1,5
1342,NJ0814001,1,0.49945249057484825,0,5
1343,NJ0815001,1,0.6206038558631443,1,5
1344,NJ0815001,0,0.38955482527469515,0,5
1345,NJ0815001,0,0.38955482527469515,0,5
1346,NJ0817305,0,0.1920710517238134,0,1
1347,NJ0818004,0,0.45486153572217847,0,2
1348,NJ0818004,0,0.45486153572217847,0,2
1349,NJ0818004,1,0.47434496658820746,0,2
1350,NJ0818004,1,0.2800076420871458,0,2
1351,NJ0818004,0,0.2800076420871458,0,2
1352,NJ0818004,0,0.2800076420871458,0,2
1353,NJ0818004,0,0.2800076420871458,0,2
1354,NJ0818004,0,0.2800076420871458,0,2
1355,NJ0818004,0,0.2800076420871458,0,2
1356,NJ0818004,0,0.2800076420871458,0,2
1357,NJ0818004,0,0.2800076420871458,0,2
1358,NJ0820001,1,0.7202517993032684,1,5
1359,NJ0820001,1,0.7202517993032684,1,5
1360,NJ0820001,1,0.7202517993032684,1,5
1361,NJ0820001,1,0.7202517993032684,1,5
1362,NJ0820001,0,0.8565986957103439,1,5
1363,NJ0820001,1,0.6475013512536648,1,5
1364,NJ0820301,1,0.25556918060232503,0,3
1365,NJ0821001,1,0.5233008881333386,1,1
1366,NJ0822001,0,0.6175238764570561,1,5
1367,NJ0822001,0,0.6175238764570561,1,5
1368,NJ0822001,1,0.6318347233575006,1,5
1369,NJ0824001,0,0.5769088818334276,1,4
1370,NJ0824001,0,0.655972826659537,1,4
1371,NJ0901001,1,0.5900344396921696,1,1
1372,NJ0904001,1,0.6728294048281768,1,1
1373,NJ0905001,1,0.6732525924979699,1,5
1374,NJ0906001,1,0.7024704033635893,1,1
1375,NJ0907001,1,0.7616352855739591,1,2
1376,NJ1005001,1,0.506706779261122,1,3
1377,NJ1005001,0,0.506706779261122,1,3
1378,NJ1005001,0,0.506706779261122,1,3
1379,NJ1005001,0,0.506706779261122,1,3
1380,NJ1005001,1,0.506706779261122,1,3
1381,NJ1005001,1,0.506706779261122,1,3
1382,NJ1005001,0,0.506706779261122,1,3
1383,NJ1005001,1,0.506706779261122,1,3
1384,NJ1005001,1,0.506706779261122,1,3
1385,NJ1005001,1,0.506706779261122,1,3
1386,NJ1009001,1,0.9310548197451001,1,1
1387,NJ1009001,1,0.9310548197451001,1,1
1388,NJ1009001,1,0.9310548197451001,1,1
1389,NJ1009001,1,0.9310548197451001,1,1
1390,NJ1014001,1,0.4737480866045283,0,3
1391,NJ1014001,0,0.5525895594834626,1,3
1392,NJ1017001,0,0.6412267985753709,1,1
1393,NJ1101002,0,0.4696175169545429,0,2
1394,NJ1101002,0,0.5074812518777675,1,2
1395,NJ1101002,0,0.5074812518777675,1,2
1396,NJ1101002,0,0.5074812518777675,1,2
1397,NJ1103001,1,0.902696162747938,1,3
1398,NJ1103001,1,0.902696162747938,1,3
1399,NJ1103001,1,0.902696162747938,1,3
1400,NJ1103001,0,0.902696162747938,1,3
1401,NJ1103001,1,0.902696162747938,1,3
1402,NJ1104001,0,0.5507404975057695,1,1
1403,NJ1106316,1,0.33042032851867287,0,3
1404,NJ1106319,1,0.13121002031743856,0,3
1405,NJ1107002,1,0.4995841022585726,0,1
1406,NJ1107002,1,0.4995841022585726,0,1
1407,NJ1111001,0,0.9187742527877935,1,4
1408,NJ1204001,1,0.6808759892270897,1,4
1409,NJ1205001,0,0.8529273861898722,1,1
1410,NJ1205001,1,0.8529273861898722,1,1
1411,NJ1207001,1,0.7974074036069908,1,2
1412,NJ1209002,0,0.8374479029461165,1,4
1413,NJ1209002,1,0.8374479029461165,1,4
1414,NJ1209002,1,0.7729531656390706,1,4
1415,NJ1209002,1,0.797295921010237,1,4
1416,NJ1212001,1,0.7489749992153629,1,5
1417,NJ1213002,0,0.4774101770876204,0,5
1418,NJ1213002,1,0.4774101770876204,0,5
1419,NJ1213002,0,0.4774101770876204,0,5
1420,NJ1213002,1,0.4774101770876204,0,5
1421,NJ1213002,1,0.4774101770876204,0,5
1422,NJ1213002,0,0.4774101770876204,0,5
1423,NJ1214001,1,0.6440000296232551,1,3
1424,NJ1215001,0,0.6913735390893019,1,1
1425,NJ1216001,1,0.7406122093421487,1,5
1426,NJ1219001,1,0.7206842116800711,1,5
1427,NJ1221004,1,0.8626397580044722,1,5
1428,NJ1221004,1,0.9260891130654281,1,5
1429,NJ1221004,1,0.9260891130654281,1,5
1430,NJ1221004,0,0.9260891130654281,1,5
1431,NJ1223001,0,0.6647570292611052,1,2
1432,NJ1223001,1,0.591128356747043,1,2
1433,NJ1224001,1,0.5749015060050282,1,2
1434,NJ1225001,1,0.732291201820175,1,1
1435,NJ1225001,1,0.8710364200291494,1,1
1436,NJ1225001,1,0.7726643114126324,1,1
1437,NJ1302001,0,0.6436166603142536,1,4
1438,NJ1304001,0,0.13321814933736112,0,4
1439,NJ1305001,1,0.6249404219561817,1,4
1440,NJ1305001,0,0.3890342010219283,0,4
1441,NJ1306001,1,0.6955333777472322,1,5
1442,NJ1306001,1,0.6477186332529987,1,5
1443,NJ1308001,1,0.7077206474951664,1,4
1444,NJ1308001,1,0.6556950422049013,1,4
1445,NJ1312001,1,0.7449950690126829,1,4
1446,NJ1312001,0,0.30132496074171344,0,4
1447,NJ1315001,0,0.3346656467487801,0,4
1448,NJ1316001,0,0.4751068882298942,0,4
1449,NJ1316001,0,0.41173365153979974,0,4
1450,NJ1316001,0,0.41173365153979974,0,4
1451,NJ1316001,1,0.5026858411467491,1,4
1452,NJ1321001,1,0.6420652298356525,1,3
1453,NJ1321001,0,0.6381909107008931,1,3
1454,NJ1322001,1,0.5803930713381193,1,1
1455,NJ1322001,0,0.38002660164356356,0,1
1456,NJ1326001,0,0.4343556673089974,0,1
1457,NJ1326001,0,0.4343556673089974,0,1
1458,NJ1326001,1,0.38190955464924453,0,1
1459,NJ1326001,1,0.38190955464924453,0,1
1460,NJ1326002,1,0.4789541754533482,0,2
1461,NJ1326002,0,0.3534770271934009,0,2
1462,NJ1327001,0,0.2146525002789,0,2
1463,NJ1328002,0,0.6709306042951894,1,2
1464,NJ1328002,0,0.6709306042951894,1,2
1465,NJ1328002,1,0.5978375394935048,1,2
1466,NJ1329001,1,0.7444274897534033,1,5
1467,NJ1329001,1,0.5337163625949732,1,5
1468,NJ1330002,0,0.6577301366856078,1,4
1469,NJ1332313,0,0.21463318536714016,0,2
1470,NJ1339001,1,0.5041387331262711,1,3
1471,NJ1339001,0,0.4016721623790979,0,3
1472,NJ1339001,0,0.4016721623790979,0,3
1473,NJ1340001,1,0.4432712273777287,0,2
1474,NJ1345001,0,0.17484332197126326,0,1
1475,NJ1345001,1,0.17484332197126326,0,1
1476,NJ1345001,0,0.17484332197126326,0,1
1477,NJ1345001,0,0.17484332197126326,0,1
1478,NJ1345001,0,0.17484332197126326,0,1
1479,NJ1345001,1,0.4548184404757835,0,1
1480,NJ1345001,1,0.41683685299963436,0,1
1481,NJ1345001,0,0.17484332197126326,0,1
1482,NJ1345001,1,0.5913977920306733,1,1
1483,NJ1345001,0,0.17484332197126326,0,1
1484,NJ1345001,1,0.4017066498347467,0,1
1485,NJ1345001,0,0.17484332197126326,0,1
1486,NJ1345001,0,0.17484332197126326,0,1
1487,NJ1345001,0,0.17484332197126326,0,1
1488,NJ1345001,1,0.17484332197126326,0,1
1489,NJ1348001,0,0.321168956225675,0,5
1490,NJ1348001,0,0.321168956225675,0,5
1491,NJ1348001,0,0.3670019820532544,0,5
1492,NJ1349001,1,0.565436469935594,1,3
1493,NJ1349001,0,0.3978277482534009,0,3
1494,NJ1350001,1,0.58518664334035,1,2
1495,NJ1352003,0,0.6381204774361491,1,2
1496,NJ1352003,0,0.6381204774361491,1,2
1497,NJ1352003,1,0.6381204774361491,1,2
1498,NJ1352003,0,0.6381204774361491,1,2
1499,NJ1352003,1,0.6381204774361491,1,2
1500,NJ1352003,1,0.594513136879836,1,2
1501,NJ1401001,1,0.9152955734852055,1,4
1502,NJ1401001,1,0.9012949390771112,1,4
1503,NJ1403001,1,0.8255750013962582,1,2
1504,NJ1404001,0,0.8063300360528386,1,3
1505,NJ1406325,1,0.7464971353719532,1,3
1506,NJ1408001,1,0.9359190188870502,1,2
1507,NJ1408001,1,0.9359190188870502,1,2
1508,NJ1408001,1,0.9359190188870502,1,2
1509,NJ1408001,1,0.9359190188870502,1,2
1510,NJ1408001,0,0.9310572876102475,1,2
1511,NJ1409001,1,0.642661732210998,1,2
1512,NJ1409001,1,0.642661732210998,1,2
1513,NJ1410001,1,0.8913810847251822,1,4
1514,NJ1410001,1,0.8539920847823816,1,4
1515,NJ1410001,1,0.8102398532584802,1,4
1516,NJ1411001,1,0.9025881617091561,1,5
1517,NJ1411001,1,0.9025881617091561,1,5
1518,NJ1411001,1,0.9025881617091561,1,5
1519,NJ1411001,1,0.9025881617091561,1,5
1520,NJ1414003,1,0.7995217193151279,1,3
1521,NJ1414003,1,0.7995217193151279,1,3
1522,NJ1414003,1,0.7995217193151279,1,3
1523,NJ1414011,1,0.8519243691166775,1,1
1524,NJ1414011,1,0.8519243691166775,1,1
1525,NJ1416001,1,0.781771510550511,1,4
1526,NJ1417001,1,0.6908163801142009,1,4
1527,NJ1417001,1,0.7114491704906752,1,4
1528,NJ1417001,1,0.6908163801142009,1,4
1529,NJ1417001,1,0.7114491704906752,1,4
1530,NJ1420001,0,0.41534490121676976,0,5
1531,NJ1421003,1,0.9261064168201285,1,2
1532,NJ1421003,1,0.9261064168201285,1,2
1533,NJ1421003,1,0.9077398466506523,1,2
1534,NJ1421003,1,0.9077398466506523,1,2
1535,NJ1424001,1,0.8758979788871382,1,2
1536,NJ1424001,0,0.8671290212876785,1,2
1537,NJ1424001,1,0.8758979788871382,1,2
1538,NJ1424001,1,0.8914610573482848,1,2
1539,NJ1424001,0,0.8673937672732466,1,2
1540,NJ1424001,1,0.8509253970542265,1,2
1541,NJ1424001,1,0.8671290212876785,1,2
1542,NJ1424001,1,0.8914610573482848,1,2
1543,NJ1424001,0,0.8758979788871382,1,2
1544,NJ1425001,1,0.5493458897653287,1,3
1545,NJ1425001,1,0.5493458897653287,1,3
1546,NJ1425001,1,0.5493458897653287,1,3
1547,NJ1425001,1,0.5493458897653287,1,3
1548,NJ1426005,0,0.8524801402181714,1,4
1549,NJ1427001,1,0.8439262792286931,1,4
1550,NJ1427001,1,0.8439262792286931,1,4
1551,NJ1427001,1,0.8439262792286931,1,4
1552,NJ1427005,1,0.8630167765336342,1,3
1553,NJ1427005,1,0.8630167765336342,1,3
1554,NJ1427005,1,0.8630167765336342,1,3
1555,NJ1427007,0,0.8943289411078684,1,2
1556,NJ1427017,0,0.5779234182247788,1,4
1557,NJ1427017,0,0.5779234182247788,1,4
1558,NJ1427017,1,0.5779234182247788,1,4
1559,NJ1428001,1,0.8610716293457198,1,4
1560,NJ1428001,1,0.8610716293457198,1,4
1561,NJ1428001,1,0.8610716293457198,1,4
1562,NJ1429001,1,0.7487499198099765,1,5
1563,NJ1429001,1,0.7487499198099765,1,5
1564,NJ1429001,1,0.7487499198099765,1,5
1565,NJ1429001,1,0.7487499198099765,1,5
1566,NJ1429001,1,0.7487499198099765,1,5
1567,NJ1429001,0,0.7589804916970598,1,5
1568,NJ1429001,1,0.7487499198099765,1,5
1569,NJ1429001,1,0.7487499198099765,1,5
1570,NJ1429001,1,0.7487499198099765,1,5
1571,NJ1429001,1,0.7487499198099765,1,5
1572,NJ1429001,1,0.7435495812419747,1,5
1573,NJ1429001,1,0.7487499198099765,1,5
1574,NJ1429001,1,0.7487499198099765,1,5
1575,NJ1429001,1,0.7487499198099765,1,5
1576,NJ1431001,0,0.8916329213831297,1,4
1577,NJ1432003,0,0.5918906738381784,1,1
1578,NJ1432003,0,0.5918906738381784,1,1
1579,NJ1434001,1,0.7257828324807031,1,2
1580,NJ1435002,1,0.8506833951556416,1,2
1581,NJ1435002,1,0.8190652947503201,1,2
1582,NJ1435002,1,0.8506833951556416,1,2
1583,NJ1435003,1,0.8470061847310689,1,5
1584,NJ1436002,0,0.8085717655644662,1,4
1585,NJ1436002,0,0.8085717655644662,1,4
1586,NJ1436002,0,0.8085717655644662,1,4
1587,NJ1436002,0,0.8085717655644662,1,4
1588,NJ1436003,0,0.9015256363685324,1,1
1589,NJ1436003,1,0.9015256363685324,1,1
1590,NJ1436004,1,0.8780390629451069,1,5
1591,NJ1436004,0,0.8780390629451069,1,5
1592,NJ1438003,1,0.5266956251766067,1,5
1593,NJ1438003,0,0.5266956251766067,1,5
1594,NJ1438003,0,0.5266956251766067,1,5
1595,NJ1438004,1,0.5136830431626359,1,4
1596,NJ1438004,0,0.5136830431626359,1,4
1597,NJ1438004,0,0.5136830431626359,1,4
1598,NJ1438004,1,0.5136830431626359,1,4
1599,NJ1438004,1,0.5136830431626359,1,4
1600,NJ1438004,1,0.5136830431626359,1,4
1601,NJ1438004,1,0.5136830431626359,1,4
1602,NJ1438004,1,0.5136830431626359,1,4
1603,NJ1439001,1,0.9107482494616761,1,4
1604,NJ1439001,1,0.9024115451545108,1,4
1605,NJ1439001,1,0.9024115451545108,1,4
1606,NJ1501001,0,0.1890075611036583,0,5
1607,NJ1501001,0,0.1890075611036583,0,5
1608,NJ1503001,0,0.161204506565168,0,3
1609,NJ1504001,0,0.19124592557228984,0,4
1610,NJ1505002,0,0.38266592511978514,0,3
1611,NJ1505002,0,0.38266592511978514,0,3
1612,NJ1505002,0,0.38266592511978514,0,3
1613,NJ1505003,0,0.4228505992130313,0,5
1614,NJ1505003,0,0.4228505992130313,0,5
1615,NJ1505004,0,0.4147312759652012,0,5
1616,NJ1506001,1,0.40695048143664586,0,2
1617,NJ1507005,0,0.11177959305481067,0,5
1618,NJ1507005,0,0.11177959305481067,0,5
1619,NJ1507005,1,0.1202934989631097,0,5
1620,NJ1507005,1,0.09353588743152215,0,5
1621,NJ1507005,1,0.2408468672932915,0,5
1622,NJ1507005,0,0.09886010826029092,0,5
1623,NJ1507005,0,0.11177959305481067,0,5
1624,NJ1509001,0,0.19360954871162597,0,3
1625,NJ1509001,0,0.19360954871162597,0,3
1626,NJ1511001,0,0.09481236231787761,0,2
1627,NJ1511001,0,0.09481236231787761,0,2
1628,NJ1511001,0,0.10175215577636784,0,2
1629,NJ1511001,0,0.10175215577636784,0,2
1630,NJ1511001,0,0.10175215577636784,0,2
1631,NJ1511001,0,0.10175215577636784,0,2
1632,NJ1511001,0,0.09481236231787761,0,2
1633,NJ1511415,0,0.4065636159688089,0,1
1634,NJ1512001,0,0.15400318648095698,0,5
1635,NJ1512001,0,0.15400318648095698,0,5
1636,NJ1514002,1,0.34098219385217876,0,3
1637,NJ1514002,1,0.34098219385217876,0,3
1638,NJ1514002,1,0.3581702859656634,0,3
1639,NJ1514002,0,0.34039263831881905,0,3
1640,NJ1514002,1,0.34039263831881905,0,3
1641,NJ1514002,0,0.34039263831881905,0,3
1642,NJ1514002,1,0.3581702859656634,0,3
1643,NJ1515001,0,0.19281797646300405,0,1
1644,NJ1515001,0,0.19281797646300405,0,1
1645,NJ1516001,0,0.13131831026515883,0,2
1646,NJ1516001,0,0.13131831026515883,0,2
1647,NJ1516001,0,0.13131831026515883,0,2
1648,NJ1516001,0,0.06116492577300379,0,2
1649,NJ1516001,0,0.06116492577300379,0,2
1650,NJ1517001,0,0.15758709383050443,0,3
1651,NJ1517001,0,0.15758709383050443,0,3
1652,NJ1517001,0,0.15758709383050443,0,3
1653,NJ1518004,1,0.10245788987007376,0,1
1654,NJ1518004,1,0.10245788987007376,0,1
1655,NJ1518004,0,0.10245788987007376,0,1
1656,NJ1518004,0,0.1169748702974974,0,1
1657,NJ1518005,1,0.23016757226391085,0,2
1658,NJ1518005,0,0.13953768710774675,0,2
1659,NJ1518005,1,0.23016757226391085,0,2
1660,NJ1520001,0,0.2424465845273264,0,4
1661,NJ1520001,0,0.2424465845273264,0,4
1662,NJ1524001,0,0.34669801894593244,0,1
1663,NJ1524001,0,0.34669801894593244,0,1
1664,NJ1524001,0,0.34669801894593244,0,1
1665,NJ1524001,1,0.3626397449088322,0,1
1666,NJ1524001,1,0.3626397449088322,0,1
1667,NJ1525001,1,0.29298874400044495,0,2
1668,NJ1526001,0,0.38248209815118567,0,4
1669,NJ1527001,0,0.427387639577827,0,5
1670,NJ1527001,0,0.427387639577827,0,5
1671,NJ1527001,0,0.427387639577827,0,5
1672,NJ1528001,0,0.057041968087381496,0,1
1673,NJ1530004,0,0.12886474861629652,0,5
1674,NJ1530004,0,0.12886474861629652,0,5
1675,NJ1530004,0,0.12886474861629652,0,5
1676,NJ1531001,0,0.031043641102000762,0,4
1677,NJ1531001,0,0.031043641102000762,0,4
1678,NJ1531001,0,0.031043641102000762,0,4
1679,NJ1532002,0,0.09128659182775867,0,4
1680,NJ1533001,0,0.13825110045857525,0,2
1681,NJ1533001,0,0.13825110045857525,0,2
1682,NJ1533001,0,0.13825110045857525,0,2
1683,NJ1533001,0,0.13825110045857525,0,2
1684,NJ1601001,1,0.667552840817001,1,5
1685,NJ1603001,1,0.7738737457270684,1,1
1686,NJ1604001,1,0.9458737910820245,1,4
1687,NJ1604001,1,0.9458737910820245,1,4
1688,NJ1604001,1,0.9529890772686944,1,4
1689,NJ1604001,1,0.9458737910820245,1,4
1690,NJ1605001,1,0.7025052182831747,1,1
1691,NJ1605001,1,0.7458111013587932,1,1
1692,NJ1605002,1,0.8018226123930137,1,2
1693,NJ1609001,0,0.6576209057736092,1,2
1694,NJ1609001,0,0.6576209057736092,1,2
1695,NJ1611002,1,0.9069036603253513,1,1
1696,NJ1611002,1,0.9183127470843303,1,1
1697,NJ1611002,1,0.9183127470843303,1,1
1698,NJ1611002,1,0.9183127470843303,1,1
1699,NJ1612001,1,0.7737124588219142,1,3
1700,NJ1613002,1,0.8908574223893944,1,1
1701,NJ1613002,1,0.8908574223893944,1,1
1702,NJ1613002,1,0.8908574223893944,1,1
1703,NJ1613002,1,0.8761309520732993,1,1
1704,NJ1614001,1,0.6601994607310547,1,4
1705,NJ1616001,1,0.7506434774988233,1,2
1706,NJ1616001,1,0.7506434774988233,1,2
1707,NJ1707001,0,0.581130782345237,1,5
1708,NJ1707001,1,0.6798166465848637,1,5
1709,NJ1708001,1,0.4568235428141383,0,5
1710,NJ1708001,1,0.4568235428141383,0,5
1711,NJ1708001,1,0.4568235428141383,0,5
1712,NJ1712001,1,0.5869342134262684,1,1
1713,NJ1715001,0,0.5042721900698094,1,3
1714,NJ1715001,0,0.5042721900698094,1,3
1715,NJ1808001,1,0.7958088716857474,1,2
1716,NJ1808001,1,0.7958088716857474,1,2
1717,NJ1808001,1,0.7958088716857474,1,2
1718,NJ1904357,0,0.7562543849403601,1,5
1719,NJ1906002,0,0.843994038676884,1,1
1720,NJ1908322,0,0.11549864580146828,0,3
1721,NJ1909001,1,0.7653560103990655,1,2
1722,NJ1909001,1,0.7653560103990655,1,2
1723,NJ1910337,0,0.48459863045416257,0,2
1724,NJ1912001,0,0.7696661091432585,1,5
1725,NJ1912001,1,0.7696661091432585,1,5
1726,NJ1912001,0,0.7696661091432585,1,5
1727,NJ1912001,0,0.7696661091432585,1,5
1728,NJ1912001,0,0.7696661091432585,1,5
1729,NJ1912001,1,0.7696661091432585,1,5
1730,NJ1912001,0,0.7696661091432585,1,5
1731,NJ1915001,0,0.25497913902260544,0,4
1732,NJ1918004,1,0.6771034110887777,1,5
1733,NJ1918004,1,0.6771034110887777,1,5
1734,NJ1918004,1,0.6771034110887777,1,5
1735,NJ1918004,0,0.6771034110887777,1,5
1736,NJ1918004,1,0.6771034110887777,1,5
1737,NJ1918004,1,0.6771034110887777,1,5
1738,NJ1918004,1,0.6771034110887777,1,5
1739,NJ1918004,1,0.6771034110887777,1,5
1740,NJ1918004,1,0.6771034110887777,1,5
1741,NJ1918004,1,0.6771034110887777,1,5
1742,NJ1918004,1,0.6771034110887777,1,5
1743,NJ1918004,1,0.6771034110887777,1,5
1744,NJ1918004,1,0.6771034110887777,1,5
1745,NJ1919001,1,0.8052845218227439,1,3
1746,NJ1919001,1,0.8052845218227439,1,3
1747,NJ1919001,0,0.8052845218227439,1,3
1748,NJ1922026,1,0.758602678744542,1,2
1749,NJ1922350,0,0.41394392577594596,0,1
1750,NJ1924316,0,0.15052928575995472,0,5
1751,NJ2004001,1,0.8878995054928345,1,3
1752,NJ2004002,1,0.8296473484583843,1,3
1753,NJ2004002,1,0.8296473484583843,1,3
1754,NJ2004002,1,0.9204888959474193,1,3
1755,NJ2004002,1,0.8407130728007255,1,3
1756,NJ2004002,1,0.6931895036998599,1,3
1757,NJ2004002,1,0.8296473484583843,1,3
1758,NJ2004002,0,0.8296473484583843,1,3
1759,NJ2013001,1,0.8040839675958188,1,3
1760,NJ2101001,1,0.5480708625855595,1,1
1761,NJ2108001,0,0.7360312848047583,1,3
1762,NJ2108001,0,0.7360312848047583,1,3
1763,NJ2108001,0,0.7360312848047583,1,3
1764,NJ2108001,0,0.7360312848047583,1,3
1765,NJ2113002,0,0.4901034180046433,0,4
1766,NJ2119001,0,0.3181813343700222,0,5
1767,NJ2121001,0,0.5839542401526281,1,2
1768,NJ2121001,1,0.5650987484595809,1,2
1769,NJ2121001,1,0.5650987484595809,1,2
1770,NJ2121001,0,0.5839542401526281,1,2
1771,NJ2121001,1,0.5650987484595809,1,2
1772,NJ2121001,1,0.5650987484595809,1,2
1773,NY0100189,0,0.4259610649239515,0,4
1774,NY0100191,0,0.2535777873056649,0,2
1775,NY0100191,0,0.2535777873056649,0,2
1776,NY0100191,0,0.25076319810545356,0,2
1777,NY0100192,0,0.36258759962998915,0,5
1778,NY0100194,1,0.19260440072725615,0,4
1779,NY0100198,0,0.4460532571690056,0,2
1780,NY0100200,0,0.22369652617461297,0,4
1781,NY0100201,1,0.17090616035874695,0,4
1782,NY0100203,1,0.2613822468863996,0,3
1783,NY0100203,1,0.2613822468863996,0,3
1784,NY0100205,0,0.4604341772267436,0,5
1785,NY0110127,0,0.3351556821247894,0,3
1786,NY0200319,0,0.07304326401589341,0,2
1787,NY0200319,0,0.07304326401589341,0,2
1788,NY0200327,1,0.03263633597778305,0,3
1789,NY0220581,0,0.06389812844266791,0,4
1790,NY0301651,0,0.341044608092283,0,4
1791,NY0301651,1,0.225403349821685,0,4
1792,NY0301653,0,0.21617027691238888,0,1
1793,NY0301653,1,0.21617027691238888,0,1
1794,NY0301653,1,0.21617027691238888,0,1
1795,NY0301653,0,0.21617027691238888,0,1
1796,NY0301653,0,0.21617027691238888,0,1
1797,NY0301653,0,0.21617027691238888,0,1
1798,NY0301665,0,0.2294940780680642,0,5
1799,NY0301668,1,0.14840043322157256,0,5
1800,NY0301668,1,0.14840043322157256,0,5
1801,NY0301668,1,0.14840043322157256,0,5
1802,NY0301674,0,0.26037575234234167,0,2
1803,NY0301674,0,0.26037575234234167,0,2
1804,NY0301674,1,0.26037575234234167,0,2
1805,NY0400345,0,0.07380155841106925,0,3
1806,NY0400345,0,0.07380155841106925,0,3
1807,NY0400345,0,0.08198275919710853,0,3
1808,NY0400349,1,0.14872291801047302,0,4
1809,NY0400349,1,0.14872291801047302,0,4
1810,NY0420357,0,0.14595476119971013,0,1
1811,NY0420357,0,0.14595476119971013,0,1
1812,NY0420358,0,0.14871047772906462,0,1
1813,NY0501710,0,0.2551811552641213,0,2
1814,NY0501717,0,0.08477197791155469,0,4
1815,NY0501717,0,0.08477197791155469,0,4
1816,NY0501720,0,0.13105741086078196,0,1
1817,NY0501720,0,0.13105741086078196,0,1
1818,NY0600360,0,0.22595837627064716,0,2
1819,NY0600364,0,0.2122056418710268,0,2
1820,NY0600366,0,0.33879230958663564,0,3
1821,NY0600366,0,0.33879230958663564,0,3
1822,NY0600381,0,0.10737555334438162,0,2
1823,NY0615782,0,0.11582766664276052,0,2
1824,NY0701008,0,0.08850420939337497,0,3
1825,NY0701009,0,0.4907004349914361,0,2
1826,NY0701009,0,0.30759885361637945,0,2
1827,NY0701011,1,0.1275136246169368,0,3
1828,NY0701011,0,0.1275136246169368,0,3
1829,NY0701011,0,0.1275136246169368,0,3
1830,NY0801745,0,0.09857946865036353,0,5
1831,NY0801745,0,0.14058625894825935,0,5
1832,NY0900217,1,0.13667395572751856,0,5
1833,NY0900220,0,0.28666653951782395,0,4
1834,NY0904192,0,0.17306644612781474,0,3
1835,NY1000238,0,0.35792842444431977,0,5
1836,NY1000239,0,0.2421012477820639,0,2
1837,NY1100634,0,0.21029512551392834,0,3
1838,NY1101754,0,0.17919649976151772,0,2
1839,NY1101754,0,0.19100944974652634,0,2
1840,NY1101755,1,0.062365254491774116,0,2
1841,NY1101755,0,0.062365254491774116,0,2
1842,NY1101757,0,0.1314703351074749,0,3
1843,NY1101757,0,0.1314703351074749,0,3
1844,NY1200257,0,0.0718088980636749,0,4
1845,NY1200257,0,0.0718088980636749,0,4
1846,NY1200270,1,0.08670238585071599,0,4
1847,NY1200270,1,0.08670238585071599,0,4
1848,NY1302760,0,0.49738604021455957,0,5
1849,NY1302765,0,0.46254256360448354,0,2
1850,NY1302766,1,0.4878070377362154,0,1
1851,NY1302776,0,0.1541047676906021,0,4
1852,NY1302783,0,0.3888374502505016,0,5
1853,NY1302794,1,0.6372153859492973,1,3
1854,NY1302796,0,0.2676604261845556,0,4
1855,NY1302812,0,0.3699130580154723,0,3
1856,NY1319317,0,0.3904597387165816,0,4
1857,NY1330291,0,0.39866168063858043,0,2
1858,NY1330550,1,0.4758759921636387,0,5
1859,NY1330660,0,0.6140345677005109,1,1
1860,NY1330660,1,0.6140345677005109,1,1
1861,NY1330660,0,0.6140345677005109,1,1
1862,NY1400411,0,0.3992121292134219,0,4
1863,NY1400422,0,0.7470920333952286,1,2
1864,NY1400433,1,0.32496400971001654,0,2
1865,NY1400443,0,0.7938499764868973,1,4
1866,NY1400443,0,0.7938499764868973,1,4
1867,NY1400451,0,0.25619474180623486,0,2
1868,NY1400539,0,0.11077358415516839,0,5
1869,NY1404556,0,0.9198387890662282,1,3
1870,NY1410142,0,0.3548431066929917,0,5
1871,NY1415379,0,0.34067715695624434,0,3
1872,NY1420549,0,0.5491074502912896,1,2
1873,NY1500284,0,0.08457827014597027,0,3
1874,NY1500286,0,0.4000290898168705,0,3
1875,NY1500293,0,0.0396782413894797,0,3
1876,NY1500293,0,0.056896354316123984,0,3
1877,NY1500293,1,0.044011288960762805,0,3
1878,NY1500299,0,0.24571478852143172,0,5
1879,NY1600008,0,0.17199870082792812,0,1
1880,NY1600011,0,0.07804194782224252,0,3
1881,NY1600012,0,0.017551833905729477,0,3
1882,NY1600012,0,0.018075550654702875,0,3
1883,NY1700018,0,0.23392224425265398,0,1
1884,NY1700019,0,0.22248590831385656,0,4
1885,NY1700019,0,0.22248590831385656,0,4
1886,NY1800544,1,0.45082499608405696,0,4
1887,NY1800554,0,0.29802459118058305,0,5
1888,NY1800554,0,0.19673302062926804,0,5
1889,NY1900026,1,0.12011272541299839,0,4
1890,NY1900027,0,0.0858874775951567,0,2
1891,NY1920318,0,0.28182267213755696,0,2
1892,NY1920318,0,0.32113796729800004,0,2
1893,NY1920318,0,0.32113796729800004,0,2
1894,NY1930059,1,0.16946067088407077,0,3
1895,NY1930059,0,0.16946067088407077,0,3
1896,NY2102300,0,0.1874597709953336,0,5
1897,NY2102306,0,0.2951237656520349,0,5
1898,NY2102307,0,0.0890968305368422,0,2
1899,NY2102308,0,0.14562654657953852,0,4
1900,NY2102313,0,0.08591024561961272,0,3
1901,NY2202334,0,0.22414151090333795,0,4
1902,NY2202346,0,0.25253989641455443,0,2
1903,NY2212214,1,0.19076079958918887,0,5
1904,NY2212214,0,0.2684293658571885,0,5
1905,NY2221206,1,0.5535038169477453,1,2
1906,NY2221206,0,0.5535038169477453,1,2
1907,NY2221206,0,0.5535038169477453,1,2
1908,NY2221206,0,0.5535038169477453,1,2
1909,NY2402365,0,0.16911117121632618,0,1
1910,NY2501015,0,0.0473634710396596,0,3
1911,NY2501017,0,0.3283120103317855,0,4
1912,NY2501019,0,0.25136346571659435,0,2
1913,NY2501023,0,0.029435750900479358,0,3
1914,NY2602371,0,0.3352798779601226,0,5
1915,NY2602377,0,0.22598333118915773,0,3
1916,NY2602377,0,0.22598333118915773,0,3
1917,NY2602379,0,0.20460045849808553,0,5
1918,NY2602381,0,0.2862024390836967,0,1
1919,NY2613319,0,0.12200878119439428,0,2
1920,NY2701039,0,0.1636724786511795,0,3
1921,NY2701045,1,0.18516780363731547,0,5
1922,NY2701047,0,0.6671185194495233,1,5
1923,NY2701047,0,0.6671185194495233,1,5
1924,NY2701047,0,0.6618250840672135,1,5
1925,NY2701047,0,0.6618250840672135,1,5
1926,NY2701047,0,0.7153760646960593,1,5
1927,NY2701118,0,0.4844333064252499,0,5
1928,NY2704518,0,0.309495700068313,0,2
1929,NY2704518,0,0.36065221256040086,0,2
1930,NY2800136,0,0.23123090999261556,0,3
1931,NY2800139,0,0.09369700920692692,0,3
1932,NY2900000,0,0.10755478811547944,0,2
1933,NY2900000,0,0.10755478811547944,0,2
1934,NY2900000,1,0.14899291851139462,0,2
1935,NY2900000,0,0.14899291851139462,0,2
1936,NY2900000,0,0.13933093858533516,0,2
1937,NY2900000,0,0.14899291851139462,0,2
1938,NY2900000,0,0.14899291851139462,0,2
1939,NY2900000,0,0.14899291851139462,0,2
1940,NY2900000,0,0.13933093858533516,0,2
1941,NY2900000,0,0.13933093858533516,0,2
1942,NY2900000,1,0.14884202552115527,0,2
1943,NY2900000,0,0.28863990344183826,0,2
1944,NY2900000,0,0.13933093858533516,0,2
1945,NY2902815,0,0.408235523143113,0,4
1946,NY2902815,1,0.4445214711958948,0,4
1947,NY2902815,1,0.408235523143113,0,4
1948,NY2902815,1,0.408235523143113,0,4
1949,NY2902816,0,0.35511298079545717,0,2
1950,NY2902816,0,0.35511298079545717,0,2
1951,NY2902816,0,0.35511298079545717,0,2
1952,NY2902817,0,0.24495977143356856,0,1
1953,NY2902817,0,0.24495977143356856,0,1
1954,NY2902817,0,0.3100042708567654,0,1
1955,NY2902817,0,0.3779164817001816,0,1
1956,NY2902817,1,0.3779164817001816,0,1
1957,NY2902818,0,0.5397354566402556,1,3
1958,NY2902818,0,0.5397354566402556,1,3
1959,NY2902818,0,0.7204964409702088,1,3
1960,NY2902822,0,0.3171200835577806,0,4
1961,NY2902822,0,0.3171200835577806,0,4
1962,NY2902822,0,0.35009863686948856,0,4
1963,NY2902823,0,0.3005928425541226,0,2
1964,NY2902823,0,0.3005928425541226,0,2
1965,NY2902823,0,0.3005928425541226,0,2
1966,NY2902824,0,0.4326392596064888,0,4
1967,NY2902824,1,0.4701689185357768,0,4
1968,NY2902824,0,0.4326392596064888,0,4
1969,NY2902824,0,0.4701689185357768,0,4
1970,NY2902824,0,0.4326392596064888,0,4
1971,NY2902824,0,0.4326392596064888,0,4
1972,NY2902825,1,0.48309143592417964,0,1
1973,NY2902825,0,0.48309143592417964,0,1
1974,NY2902825,1,0.48309143592417964,0,1
1975,NY2902825,1,0.64438618436796,1,1
1976,NY2902825,1,0.48309143592417964,0,1
1977,NY2902826,0,0.3924504813230746,0,2
1978,NY2902826,1,0.3924504813230746,0,2
1979,NY2902826,1,0.3924504813230746,0,2
1980,NY2902826,0,0.4109892341921683,0,2
1981,NY2902827,1,0.41715680804522776,0,4
1982,NY2902827,0,0.41715680804522776,0,4
1983,NY2902829,0,0.30491505373663164,0,4
1984,NY2902829,0,0.1946906599245032,0,4
1985,NY2902829,0,0.30491505373663164,0,4
1986,NY2902829,0,0.1946906599245032,0,4
1987,NY2902829,0,0.1946906599245032,0,4
1988,NY2902829,0,0.18870876098419956,0,4
1989,NY2902829,0,0.1670257043931134,0,4
1990,NY2902829,1,0.27439568378034335,0,4
1991,NY2902830,0,0.510259618300846,1,2
1992,NY2902830,0,0.5105571296421559,1,2
1993,NY2902830,1,0.510259618300846,1,2
1994,NY2902830,0,0.5105571296421559,1,2
1995,NY2902830,1,0.41794665849860224,0,2
1996,NY2902830,1,0.49097556982666385,0,2
1997,NY2902830,1,0.510259618300846,1,2
1998,NY2902830,1,0.510259618300846,1,2
1999,NY2902830,0,0.5105571296421559,1,2
2000,NY2902830,0,0.41794665849860224,0,2
2001,NY2902830,1,0.49097556982666385,0,2
2002,NY2902830,0,0.49097556982666385,0,2
2003,NY2902830,0,0.5105571296421559,1,2
2004,NY2902831,1,0.08957965318204233,0,5
2005,NY2902831,0,0.08656737720300214,0,5
2006,NY2902831,1,0.08957965318204233,0,5
2007,NY2902831,0,0.08957965318204233,0,5
2008,NY2902831,0,0.08957965318204233,0,5
2009,NY2902831,0,0.08957965318204233,0,5
2010,NY2902831,1,0.08957965318204233,0,5
2011,NY2902831,0,0.08957965318204233,0,5
2012,NY2902831,1,0.08957965318204233,0,5
2013,NY2902831,1,0.08957965318204233,0,5
2014,NY2902831,1,0.08957965318204233,0,5
2015,NY2902831,1,0.08957965318204233,0,5
2016,NY2902831,0,0.08957965318204233,0,5
2017,NY2902831,1,0.08957965318204233,0,5
2018,NY2902831,1,0.08957965318204233,0,5
2019,NY2902831,0,0.08957965318204233,0,5
2020,NY2902831,0,0.08957965318204233,0,5
2021,NY2902833,0,0.24821007481150673,0,5
2022,NY2902833,1,0.25266703039133936,0,5
2023,NY2902833,0,0.25266703039133936,0,5
2024,NY2902833,0,0.27137927736600487,0,5
2025,NY2902833,0,0.27137927736600487,0,5
2026,NY2902834,0,0.33144554675359944,0,5
2027,NY2902835,0,0.46951322977980897,0,5
2028,NY2902835,0,0.46951322977980897,0,5
2029,NY2902835,0,0.46951322977980897,0,5
2030,NY2902835,0,0.46951322977980897,0,5
2031,NY2902835,0,0.46951322977980897,0,5
2032,NY2902835,0,0.46951322977980897,0,5
2033,NY2902835,0,0.46951322977980897,0,5
2034,NY2902835,0,0.46951322977980897,0,5
2035,NY2902835,0,0.46951322977980897,0,5
2036,NY2902835,0,0.46951322977980897,0,5
2037,NY2902835,0,0.46951322977980897,0,5
2038,NY2902835,0,0.46951322977980897,0,5
2039,NY2902835,1,0.46951322977980897,0,5
2040,NY2902835,0,0.46951322977980897,0,5
2041,NY2902835,0,0.46951322977980897,0,5
2042,NY2902835,0,0.46951322977980897,0,5
2043,NY2902835,1,0.46951322977980897,0,5
2044,NY2902835,0,0.46951322977980897,0,5
2045,NY2902836,0,0.2554781350956379,0,5
2046,NY2902836,0,0.23323194459689864,0,5
2047,NY2902836,1,0.23323194459689864,0,5
2048,NY2902836,1,0.23750491456239134,0,5
2049,NY2902836,0,0.2554781350956379,0,5
2050,NY2902836,0,0.23323194459689864,0,5
2051,NY2902836,0,0.23323194459689864,0,5
2052,NY2902836,0,0.23323194459689864,0,5
2053,NY2902836,1,0.23750491456239134,0,5
2054,NY2902836,0,0.2554781350956379,0,5
2055,NY2902837,0,0.17095320463055838,0,3
2056,NY2902837,0,0.17095320463055838,0,3
2057,NY2902837,0,0.17095320463055838,0,3
2058,NY2902837,0,0.17095320463055838,0,3
2059,NY2902837,0,0.17095320463055838,0,3
2060,NY2902837,0,0.17095320463055838,0,3
2061,NY2902837,0,0.17095320463055838,0,3
2062,NY2902837,0,0.17095320463055838,0,3
2063,NY2902837,0,0.17095320463055838,0,3
2064,NY2902839,0,0.44766542839991447,0,4
2065,NY2902839,1,0.44766542839991447,0,4
2066,NY2902839,1,0.48458613935945605,0,4
2067,NY2902840,0,0.058193376109922285,0,5
2068,NY2902840,0,0.05950839876033421,0,5
2069,NY2902840,0,0.058193376109922285,0,5
2070,NY2902840,0,0.058193376109922285,0,5
2071,NY2902840,0,0.058193376109922285,0,5
2072,NY2902840,0,0.058193376109922285,0,5
2073,NY2902840,0,0.058193376109922285,0,5
2074,NY2902841,0,0.4718199650593072,0,2
2075,NY2902841,0,0.4362638073230656,0,2
2076,NY2902841,0,0.47152328016132256,0,2
2077,NY2902841,0,0.4718199650593072,0,2
2078,NY2902841,0,0.5096906277787927,1,2
2079,NY2902841,0,0.4718199650593072,0,2
2080,NY2902841,0,0.4362638073230656,0,2
2081,NY2902841,0,0.5289459080697962,1,2
2082,NY2902843,0,0.47350893740102895,0,5
2083,NY2902845,0,0.2527544201464798,0,5
2084,NY2902845,0,0.2527544201464798,0,5
2085,NY2902845,0,0.34888493704939766,0,5
2086,NY2902845,1,0.25990407889969763,0,5
2087,NY2902845,1,0.25990407889969763,0,5
2088,NY2902848,0,0.37951494102351746,0,4
2089,NY2902848,0,0.37951494102351746,0,4
2090,NY2902848,0,0.32480447246244926,0,4
2091,NY2902848,0,0.32480447246244926,0,4
2092,NY2902851,0,0.26228541373279846,0,5
2093,NY2902851,0,0.281441729086896,0,5
2094,NY2902851,0,0.281441729086896,0,5
2095,NY2902851,1,0.26495756827815503,0,5
2096,NY2902851,0,0.26228541373279846,0,5
2097,NY2902851,0,0.281441729086896,0,5
2098,NY2902851,0,0.281441729086896,0,5
2099,NY2902851,1,0.26960740229623126,0,5
2100,NY2902853,0,0.43457695348128733,0,3
2101,NY2902853,0,0.38428773976699243,0,3
2102,NY2902854,0,0.3266075847191657,0,3
2103,NY2902854,0,0.3266075847191657,0,3
2104,NY2902854,0,0.3266075847191657,0,3
2105,NY2902854,0,0.3739327421809782,0,3
2106,NY2902854,0,0.3266075847191657,0,3
2107,NY2902854,0,0.3739327421809782,0,3
2108,NY2902854,0,0.3266075847191657,0,3
2109,NY2902856,0,0.25717811366734594,0,3
2110,NY2902856,0,0.25717811366734594,0,3
2111,NY2902856,0,0.25717811366734594,0,3
2112,NY2902856,0,0.25717811366734594,0,3
2113,NY2902856,1,0.25717811366734594,0,3
2114,NY2902856,0,0.25717811366734594,0,3
2115,NY2902856,1,0.25717811366734594,0,3
2116,NY2902857,0,0.4463194178637331,0,3
2117,NY2902857,0,0.3405257712064551,0,3
2118,NY2902858,0,0.4517846439484505,0,2
2119,NY2902858,1,0.4324654923621771,0,2
2120,NY2912267,0,0.6467656873540965,1,3
2121,NY2912267,0,0.6467656873540965,1,3
2122,NY2912267,0,0.6927568133298317,1,3
2123,NY2912267,0,0.6927568133298317,1,3
2124,NY2912267,1,0.6927568133298317,1,3
2125,NY2912267,1,0.6467656873540965,1,3
2126,NY2912267,1,0.6467656873540965,1,3
2127,NY2912267,1,0.6927568133298317,1,3
2128,NY2912267,1,0.6467656873540965,1,3
2129,NY3100557,0,0.21352489426530744,0,4
2130,NY3100561,1,0.2150382778313847,0,5
2131,NY3100563,0,0.2188877287160021,0,2
2132,NY3100564,0,0.2566600040490044,0,4
2133,NY3100568,0,0.3334815723508666,0,5
2134,NY3100571,0,0.2095846645554491,0,4
2135,NY3100572,0,0.29442907507971516,0,1
2136,NY3100573,1,0.221602825055551,0,3
2137,NY3100574,0,0.30409308575636834,0,3
2138,NY3100574,0,0.30409308575636834,0,3
2139,NY3100577,0,0.1902068453493419,0,1
2140,NY3100580,0,0.17641131207963714,0,3
2141,NY3100585,0,0.2969114394869242,0,1
2142,NY3100587,0,0.21395559715031412,0,5
2143,NY3100588,0,0.23494089698209636,0,2
2144,NY3100595,0,0.28283458309165993,0,1
2145,NY3202405,0,0.22923102020572392,0,5
2146,NY3202411,0,0.2537980820568356,0,4
2147,NY3304307,0,0.48279733468453423,0,3
2148,NY3304307,0,0.48279733468453423,0,3
2149,NY3304334,0,0.29985606476056026,0,3
2150,NY3304336,0,0.6388170004426211,1,4
2151,NY3304336,0,0.6388170004426211,1,4
2152,NY3304336,1,0.5576346543402413,1,4
2153,NY3304343,0,0.4381970863682817,0,1
2154,NY3304343,0,0.4381970863682817,0,1
2155,NY3304344,0,0.44625278843455657,0,4
2156,NY3304347,0,0.33731931572562146,0,1
2157,NY3316112,0,0.42238335135933236,0,3
2158,NY3400784,1,0.06554796658857151,0,3
2159,NY3401150,0,0.17035959916776747,0,1
2160,NY3401151,0,0.12439533768550996,0,5
2161,NY3401156,0,0.17599126317777822,0,5
2162,NY3401170,0,0.04598125390247796,0,2
2163,NY3404514,0,0.29200041172616037,0,2
2164,NY3411948,0,0.14871084556988398,0,1
2165,NY3411948,0,0.10859603809441475,0,1
2166,NY3430008,0,0.1424035681102882,0,5
2167,NY3430034,0,0.05668553663979598,0,4
2168,NY3430041,0,0.08100290274852588,0,3
2169,NY3503524,1,0.3944594863058406,0,5
2170,NY3503524,0,0.5212710861003628,1,5
2171,NY3503526,1,0.563614188914014,1,3
2172,NY3503526,0,0.833956131167875,1,3
2173,NY3503528,0,0.47184966830680836,0,1
2174,NY3503528,0,0.5839527746661728,1,1
2175,NY3503531,1,0.6710587037264529,1,4
2176,NY3503531,0,0.6710587037264529,1,4
2177,NY3503532,0,0.26800254272289903,0,5
2178,NY3503534,0,0.5058229970944074,1,4
2179,NY3503535,1,0.39288138444538917,0,4
2180,NY3503535,1,0.315639988981358,0,4
2181,NY3503536,1,0.486994192965086,0,4
2182,NY3503542,0,0.6131942523914692,1,1
2183,NY3503542,1,0.5773600711967604,1,1
2184,NY3503542,0,0.5773600711967604,1,1
2185,NY3503549,0,0.6520603556247361,1,1
2186,NY3503553,0,0.3953279908732916,0,4
2187,NY3503553,0,0.3953279908732916,0,4
2188,NY3503553,0,0.3953279908732916,0,4
2189,NY3503554,0,0.18397287111523047,0,2
2190,NY3503559,0,0.684705219797649,1,5
2191,NY3503559,0,0.6986513630581167,1,5
2192,NY3503559,0,0.6986513630581167,1,5
2193,NY3503561,0,0.38292407860668154,0,1
2194,NY3503561,0,0.4372033714734331,0,1
2195,NY3503567,0,0.7333819351024927,1,3
2196,NY3503567,0,0.7333819351024927,1,3
2197,NY3503573,0,0.5922764510924078,1,3
2198,NY3503573,0,0.5922764510924078,1,3
2199,NY3503573,1,0.5922764510924078,1,3
2200,NY3503578,1,0.5459054091453867,1,2
2201,NY3503578,1,0.5036097094681601,1,2
2202,NY3503580,0,0.7512062119419917,1,3
2203,NY3503580,1,0.7639915915869431,1,3
2204,NY3503580,0,0.7495960151044814,1,3
2205,NY3503627,1,0.7707888205270677,1,3
2206,NY3503627,0,0.7707888205270677,1,3
2207,NY3503627,1,0.7893374184426135,1,3
2208,NY3503627,0,0.7893374184426135,1,3
2209,NY3503627,0,0.7893374184426135,1,3
2210,NY3504069,0,0.23273003158322775,0,4
2211,NY3504069,0,0.23273003158322775,0,4
2212,NY3504069,0,0.23273003158322775,0,4
2213,NY3511338,0,0.38019244991788825,0,2
2214,NY3511887,0,0.22809383344883738,0,4
2215,NY3522798,0,0.3517360841820042,0,1
2216,NY3600596,0,0.14576758272596724,0,1
2217,NY3600600,0,0.2006890618595991,0,2
2218,NY3630023,1,0.5392382147173722,1,4
2219,NY3704355,0,0.6230553227992804,1,2
2220,NY3704361,0,0.37246085172860727,0,5
2221,NY3730037,0,0.24769794055869218,0,4
2222,NY3800154,0,0.0966996258212147,0,5
2223,NY3802590,0,0.040447369502451605,0,2
2224,NY3830002,0,0.09147169565801173,0,5
2225,NY3903641,0,0.3916626925855714,0,2
2226,NY3922421,0,0.3666465819038161,0,3
2227,NY4100041,0,0.4320639146380014,0,1
2228,NY4100044,0,0.2170861127696408,0,1
2229,NY4100050,0,0.3508483591700998,0,2
2230,NY4100051,0,0.20292526633897695,0,1
2231,NY4110144,0,0.24323999340295135,0,1
2232,NY4130243,0,0.3764086556952084,0,2
2233,NY4130338,0,0.13335798096724544,0,1
2234,NY4303666,1,0.6505286861886339,1,2
2235,NY4303673,1,0.694918693845888,1,3
2236,NY4303673,1,0.6946411283326577,1,3
2237,NY4303673,1,0.6730222251091346,1,3
2238,NY4303673,1,0.6946411283326577,1,3
2239,NY4303673,1,0.7009535362179126,1,3
2240,NY4303673,0,0.6946411283326577,1,3
2241,NY4303673,1,0.6730222251091346,1,3
2242,NY4303673,1,0.6555793600098815,1,3
2243,NY4303673,1,0.7170901222603809,1,3
2244,NY4303673,1,0.46661228075778116,0,3
2245,NY4303673,1,0.7009535362179126,1,3
2246,NY4303673,0,0.6946411283326577,1,3
2247,NY4303673,1,0.6555793600098815,1,3
2248,NY4303673,0,0.5186006802055085,1,3
2249,NY4303673,0,0.6555793600098815,1,3
2250,NY4303673,1,0.49360424554911747,0,3
2251,NY4303673,0,0.6555793600098815,1,3
2252,NY4303673,1,0.6555793600098815,1,3
2253,NY4303673,1,0.6555793600098815,1,3
2254,NY4303673,1,0.7009535362179126,1,3
2255,NY4303673,1,0.6555793600098815,1,3
2256,NY4303673,1,0.6555793600098815,1,3
2257,NY4303673,1,0.6487890659772967,1,3
2258,NY4303673,1,0.8024009430406451,1,3
2259,NY4303673,1,0.6555793600098815,1,3
2260,NY4303673,1,0.6555793600098815,1,3
2261,NY4303673,0,0.7009535362179126,1,3
2262,NY4303673,0,0.7009535362179126,1,3
2263,NY4303673,1,0.6555793600098815,1,3
2264,NY4303673,1,0.6555793600098815,1,3
2265,NY4303673,0,0.6555793600098815,1,3
2266,NY4303673,1,0.7170901222603809,1,3
2267,NY4303673,1,0.46661228075778116,0,3
2268,NY4303673,0,0.694918693845888,1,3
2269,NY4303675,1,0.7846183279855368,1,5
2270,NY4404381,0,0.10149086102038907,0,5
2271,NY4404381,0,0.10149086102038907,0,5
2272,NY4404381,0,0.10149086102038907,0,5
2273,NY4404381,0,0.10149086102038907,0,5
2274,NY4404381,0,0.10149086102038907,0,5
2275,NY4404385,0,0.0989990991611363,0,2
2276,NY4404390,0,0.15036982475821414,0,5
2277,NY4404394,0,0.14592224439779075,0,2
2278,NY4404397,0,0.31025117910428474,0,5
2279,NY4500162,0,0.5614842562328194,1,2
2280,NY4500164,0,0.11773528209186705,0,4
2281,NY4500166,0,0.3703332202746344,0,2
2282,NY4500168,0,0.5466240306180291,1,5
2283,NY4500168,1,0.27838076384350147,0,5
2284,NY4500170,0,0.557439222378224,1,3
2285,NY4500173,0,0.19350240901065333,0,1
2286,NY4500173,0,0.1989971610173093,0,1
2287,NY4500175,1,0.39394650681331594,0,2
2288,NY4500175,0,0.3280872255359971,0,2
2289,NY4500175,0,0.1837693635050013,0,2
2290,NY4500175,0,0.3280872255359971,0,2
2291,NY4500175,0,0.3280872255359971,0,2
2292,NY4500175,0,0.3280872255359971,0,2
2293,NY4500177,0,0.23070652198382607,0,2
2294,NY4500177,0,0.23070652198382607,0,2
2295,NY4500178,0,0.55721676258926,1,2
2296,NY4500186,0,0.527432911133852,1,3
2297,NY4500186,0,0.527432911133852,1,3
2298,NY4500186,0,0.5022443966407201,1,3
2299,NY4500186,0,0.527432911133852,1,3
2300,NY4505658,0,0.5816596819669897,1,2
2301,NY4505658,0,0.5508438355024874,1,2
2302,NY4511620,0,0.25833264627434965,0,3
2303,NY4511620,0,0.25833264627434965,0,3
2304,NY4519111,0,0.3069416577432401,0,5
2305,NY4519111,0,0.3069416577432401,0,5
2306,NY4530240,0,0.17647139904632117,0,4
2307,NY4600069,0,0.4676189870688443,0,1
2308,NY4600071,1,0.587013254599211,1,5
2309,NY4600073,0,0.5680893182594842,1,3
2310,NY4600091,1,0.5696596185155665,1,4
2311,NY4700094,0,0.1678024156108958,0,3
2312,NY4901198,0,0.15010414590671795,0,4
2313,NY4901199,0,0.11118770546643579,0,3
2314,NY5001206,0,0.09476543411435237,0,2
2315,NY5001206,0,0.09476543411435237,0,2
2316,NY5001206,0,0.09476543411435237,0,2
2317,NY5001206,0,0.09476543411435237,0,2
2318,NY5001209,1,0.16616920306544344,0,1
2319,NY5001209,0,0.1613982577515899,0,1
2320,NY5001212,0,0.09129372297480959,0,3
2321,NY5001212,0,0.09129372297480959,0,3
2322,NY5001212,1,0.09129372297480959,0,3
2323,NY5001212,0,0.09129372297480959,0,3
2324,NY5001212,0,0.09129372297480959,0,3
2325,NY5001215,0,0.10750270757441481,0,4
2326,NY5001215,0,0.1275785641478445,0,4
2327,NY5103263,0,0.3400906970628648,0,2
2328,NY5103263,0,0.3066798047429346,0,2
2329,NY5103263,0,0.3066798047429346,0,2
2330,NY5103263,0,0.3066798047429346,0,2
2331,NY5103263,0,0.23362752648612964,0,2
2332,NY5103263,0,0.3400906970628648,0,2
2333,NY5103263,0,0.3066798047429346,0,2
2334,NY5103263,0,0.3066798047429346,0,2
2335,NY5103263,0,0.29052542061600956,0,2
2336,NY5103263,0,0.29052542061600956,0,2
2337,NY5103263,0,0.3066798047429346,0,2
2338,NY5103266,1,0.0016167200807055786,0,2
2339,NY5103271,1,0.24271213800561314,0,4
2340,NY5103271,0,0.24271213800561314,0,4
2341,NY5103271,0,0.24271213800561314,0,4
2342,NY5103271,0,0.27102379283447064,0,4
2343,NY5103271,0,0.24271213800561314,0,4
2344,NY5103271,1,0.24271213800561314,0,4
2345,NY5103271,0,0.27102379283447064,0,4
2346,NY5103271,0,0.27871857691796353,0,4
2347,NY5103271,0,0.27102379283447064,0,4
2348,NY5103271,1,0.24271213800561314,0,4
2349,NY5103271,0,0.27102379283447064,0,4
2350,NY5103271,0,0.24271213800561314,0,4
2351,NY5103276,0,0.1851592716073326,0,5
2352,NY5103276,0,0.1851592716073326,0,5
2353,NY5103276,0,0.1851592716073326,0,5
2354,NY5103276,0,0.17099687513093192,0,5
2355,NY5103276,0,0.1851592716073326,0,5
2356,NY5103276,0,0.1851592716073326,0,5
2357,NY5103276,0,0.17099687513093192,0,5
2358,NY5103280,0,0.1845139451178027,0,5
2359,NY5103280,0,0.1845139451178027,0,5
2360,NY5103704,0,0.18225347911952194,0,5
2361,NY5103704,1,0.1858188247903978,0,5
2362,NY5103704,0,0.18225347911952194,0,5
2363,NY5103704,0,0.18225347911952194,0,5
2364,NY5103704,0,0.18225347911952194,0,5
2365,NY5103705,0,0.3423441863746141,0,5
2366,NY5103705,0,0.5563236430557448,1,5
2367,NY5103705,0,0.5563236430557448,1,5
2368,NY5103705,0,0.3423441863746141,0,5
2369,NY5103705,0,0.3423441863746141,0,5
2370,NY5103705,0,0.3423441863746141,0,5
2371,NY5103705,0,0.3423441863746141,0,5
2372,NY5103705,0,0.3423441863746141,0,5
2373,NY5103705,0,0.3423441863746141,0,5
2374,NY5103705,1,0.3477096673252493,0,5
2375,NY5105656,0,0.1368521044248686,0,1
2376,NY5110526,0,0.9981049521030139,1,1
2377,NY5110526,1,0.9979828033840491,1,1
2378,NY5110526,0,0.9979828033840491,1,1
2379,NY5110526,0,0.9979828033840491,1,1
2380,NY5110526,0,0.9979828033840491,1,1
2381,NY5110526,0,0.9979828033840491,1,1
2382,NY5110526,0,0.9979828033840491,1,1
2383,NY5110526,0,0.9979828033840491,1,1
2384,NY5110526,0,0.9979828033840491,1,1
2385,NY5110526,0,0.9979828033840491,1,1
2386,NY5110526,0,0.9979828033840491,1,1
2387,NY5110526,0,0.9979828033840491,1,1
2388,NY5110526,0,0.9979828033840491,1,1
2389,NY5110526,0,0.9979828033840491,1,1
2390,NY5110526,0,0.9979828033840491,1,1
2391,NY5110526,1,0.9979828033840491,1,1
2392,NY5110526,0,0.9979828033840491,1,1
2393,NY5110526,1,0.9979828033840491,1,1
2394,NY5110526,0,0.9979828033840491,1,1
2395,NY5110526,0,0.9979828033840491,1,1
2396,NY5110526,0,0.9979828033840491,1,1
2397,NY5110526,0,0.9981049521030139,1,1
2398,NY5110526,0,0.9981049521030139,1,1
2399,NY5110526,0,0.9979828033840491,1,1
2400,NY5110526,0,0.9979828033840491,1,1
2401,NY5110526,0,0.9979828033840491,1,1
2402,NY5110526,0,0.9981049521030139,1,1
2403,NY5110526,0,0.9979828033840491,1,1
2404,NY5110526,0,0.9979828033840491,1,1
2405,NY5110526,0,0.9981049521030139,1,1
2406,NY5110526,0,0.9979828033840491,1,1
2407,NY5110526,0,0.9979828033840491,1,1
2408,NY5110526,0,0.9979828033840491,1,1
2409,NY5110526,0,0.9979828033840491,1,1
2410,NY5110526,0,0.9979828033840491,1,1
2411,NY5110526,0,0.9979828033840491,1,1
2412,NY5110526,0,0.9979828033840491,1,1
2413,NY5110526,0,0.9979828033840491,1,1
2414,NY5110526,0,0.9981049521030139,1,1
2415,NY5110526,0,0.9979828033840491,1,1
2416,NY5110526,0,0.9979828033840491,1,1
2417,NY5110526,0,0.9979828033840491,1,1
2418,NY5110526,0,0.9979828033840491,1,1
2419,NY5110526,0,0.9979828033840491,1,1
2420,NY5110526,0,0.9979828033840491,1,1
2421,NY5110526,0,0.9979828033840491,1,1
2422,NY5110526,0,0.9979828033840491,1,1
2423,NY5110526,0,0.9981049521030139,1,1
2424,NY5110526,1,0.9979828033840491,1,1
2425,NY5110526,0,0.9979828033840491,1,1
2426,NY5110526,0,0.9979828033840491,1,1
2427,NY5110526,0,0.9979828033840491,1,1
2428,NY5110526,0,0.9979828033840491,1,1
2429,NY5110526,0,0.9979828033840491,1,1
2430,NY5110526,0,0.9981049521030139,1,1
2431,NY5110526,0,0.9981049521030139,1,1
2432,NY5110526,0,0.9981049521030139,1,1
2433,NY5110526,0,0.9981049521030139,1,1
2434,NY5110526,1,0.9981049521030139,1,1
2435,NY5110526,0,0.9979828033840491,1,1
2436,NY5110526,0,0.9979828033840491,1,1
2437,NY5110526,0,0.9981049521030139,1,1
2438,NY5110526,0,0.9979828033840491,1,1
2439,NY5110526,0,0.9981049521030139,1,1
2440,NY5110526,0,0.9981049521030139,1,1
2441,NY5110526,0,0.9981049521030139,1,1
2442,NY5110526,1,0.9981049521030139,1,1
2443,NY5110526,0,0.9981049521030139,1,1
2444,NY5110526,0,0.9981049521030139,1,1
2445,NY5110526,0,0.9989585925617778,1,1
2446,NY5110526,0,0.9979828033840491,1,1
2447,NY5110526,0,0.9981049521030139,1,1
2448,NY5110526,0,0.9979828033840491,1,1
2449,NY5110526,1,0.9981049521030139,1,1
2450,NY5110526,0,0.9981049521030139,1,1
2451,NY5110526,1,0.9981049521030139,1,1
2452,NY5110526,0,0.9981049521030139,1,1
2453,NY5110526,0,0.9979828033840491,1,1
2454,NY5110526,0,0.9981049521030139,1,1
2455,NY5110526,0,0.9979828033840491,1,1
2456,NY5110526,0,0.9979828033840491,1,1
2457,NY5110526,0,0.9981049521030139,1,1
2458,NY5110526,0,0.9979828033840491,1,1
2459,NY5110526,1,0.9989585925617778,1,1
2460,NY5110526,0,0.9979828033840491,1,1
2461,NY5110526,0,0.9979828033840491,1,1
2462,NY5110526,0,0.9979828033840491,1,1
2463,NY5110526,0,0.9979828033840491,1,1
2464,NY5110526,1,0.9981049521030139,1,1
2465,NY5110526,1,0.9981049521030139,1,1
2466,NY5110526,0,0.9979828033840491,1,1
2467,NY5110526,0,0.9979828033840491,1,1
2468,NY5110526,1,0.9981049521030139,1,1
2469,NY5110526,0,0.9981049521030139,1,1
2470,NY5110526,0,0.9981049521030139,1,1
2471,NY5110526,0,0.9981049521030139,1,1
2472,NY5110526,1,0.9979828033840491,1,1
2473,NY5110526,0,0.9979828033840491,1,1
2474,NY5110526,0,0.9979828033840491,1,1
2475,NY5110526,0,0.9981049521030139,1,1
2476,NY5110526,0,0.9979828033840491,1,1
2477,NY5110526,0,0.9979828033840491,1,1
2478,NY5110526,0,0.9979828033840491,1,1
2479,NY5110526,0,0.9981049521030139,1,1
2480,NY5110526,0,0.9979828033840491,1,1
2481,NY5110526,0,0.9979828033840491,1,1
2482,NY5110526,0,0.9979828033840491,1,1
2483,NY5110526,0,0.9979828033840491,1,1
2484,NY5110526,0,0.9979828033840491,1,1
2485,NY5110526,0,0.9979828033840491,1,1
2486,NY5110526,1,0.9979828033840491,1,1
2487,NY5110526,0,0.9979828033840491,1,1
2488,NY5110526,0,0.9981049521030139,1,1
2489,NY5110526,0,0.9979828033840491,1,1
2490,NY5110526,0,0.9979828033840491,1,1
2491,NY5110526,0,0.9979828033840491,1,1
2492,NY5110526,0,0.9979828033840491,1,1
2493,NY5110526,0,0.9979828033840491,1,1
2494,NY5110526,0,0.9979828033840491,1,1
2495,NY5110526,0,0.9979828033840491,1,1
2496,NY5110526,0,0.9979828033840491,1,1
2497,NY5110526,0,0.9981049521030139,1,1
2498,NY5110526,0,0.9979828033840491,1,1
2499,NY5110526,1,0.9979828033840491,1,1
2500,NY5110526,0,0.9979828033840491,1,1
2501,NY5110526,0,0.9979828033840491,1,1
2502,NY5110526,1,0.9979828033840491,1,1
2503,NY5110526,1,0.9981049521030139,1,1
2504,NY5110526,0,0.9979828033840491,1,1
2505,NY5110526,0,0.9981049521030139,1,1
2506,NY5110526,0,0.9979828033840491,1,1
2507,NY5110526,1,0.9979828033840491,1,1
2508,NY5110526,0,0.9979828033840491,1,1
2509,NY5110526,1,0.9979828033840491,1,1
2510,NY5110526,0,0.9981049521030139,1,1
2511,NY5110526,0,0.9979828033840491,1,1
2512,NY5110526,0,0.9979828033840491,1,1
2513,NY5110526,1,0.9981049521030139,1,1
2514,NY5110526,1,0.9979828033840491,1,1
2515,NY5110526,1,0.9979828033840491,1,1
2516,NY5110526,0,0.9979828033840491,1,1
2517,NY5110526,0,0.9979828033840491,1,1
2518,NY5110526,1,0.9981049521030139,1,1
2519,NY5110526,0,0.9981049521030139,1,1
2520,NY5110526,0,0.9979828033840491,1,1
2521,NY5110526,0,0.9979828033840491,1,1
2522,NY5110526,1,0.9990217115570938,1,1
2523,NY5110526,0,0.9979828033840491,1,1
2524,NY5110526,0,0.9979828033840491,1,1
2525,NY5110526,0,0.9979828033840491,1,1
2526,NY5110526,0,0.9981049521030139,1,1
2527,NY5110526,0,0.9979828033840491,1,1
2528,NY5110526,0,0.9981049521030139,1,1
2529,NY5110526,0,0.9981049521030139,1,1
2530,NY5110526,0,0.9981049521030139,1,1
2531,NY5110526,1,0.9979828033840491,1,1
2532,NY5110526,0,0.9981049521030139,1,1
2533,NY5110526,0,0.9979828033840491,1,1
2534,NY5110526,0,0.9979828033840491,1,1
2535,NY5110526,1,0.9979828033840491,1,1
2536,NY5110526,0,0.9979828033840491,1,1
2537,NY5110526,0,0.9979828033840491,1,1
2538,NY5110526,1,0.9979828033840491,1,1
2539,NY5110526,1,0.9979828033840491,1,1
2540,NY5110526,1,0.9981049521030139,1,1
2541,NY5110526,0,0.9979828033840491,1,1
2542,NY5110526,0,0.9981049521030139,1,1
2543,NY5110526,0,0.9979828033840491,1,1
2544,NY5110526,0,0.9981049521030139,1,1
2545,NY5110526,1,0.9979828033840491,1,1
2546,NY5110526,0,0.9981049521030139,1,1
2547,NY5110526,0,0.9979828033840491,1,1
2548,NY5110526,0,0.9979828033840491,1,1
2549,NY5110526,0,0.9979828033840491,1,1
2550,NY5110526,0,0.9979828033840491,1,1
2551,NY5110526,0,0.9979828033840491,1,1
2552,NY5110526,0,0.9979828033840491,1,1
2553,NY5110526,0,0.9981049521030139,1,1
2554,NY5110526,1,0.9979828033840491,1,1
2555,NY5110526,1,0.9979828033840491,1,1
2556,NY5110526,0,0.9981049521030139,1,1
2557,NY5110526,0,0.9981049521030139,1,1
2558,NY5110526,0,0.9979828033840491,1,1
2559,NY5110526,1,0.9979828033840491,1,1
2560,NY5110526,0,0.9979828033840491,1,1
2561,NY5110526,0,0.9979828033840491,1,1
2562,NY5110526,0,0.9979828033840491,1,1
2563,NY5110526,0,0.9979828033840491,1,1
2564,NY5110526,0,0.9979828033840491,1,1
2565,NY5110526,1,0.9979828033840491,1,1
2566,NY5110526,0,0.9979828033840491,1,1
2567,NY5110526,0,0.9979828033840491,1,1
2568,NY5110526,0,0.9979828033840491,1,1
2569,NY5110526,0,0.9979828033840491,1,1
2570,NY5110526,0,0.9979828033840491,1,1
2571,NY5110526,1,0.9979828033840491,1,1
2572,NY5110526,0,0.9981049521030139,1,1
2573,NY5110526,0,0.9979828033840491,1,1
2574,NY5110526,0,0.9979828033840491,1,1
2575,NY5110526,1,0.9979828033840491,1,1
2576,NY5110526,0,0.9981049521030139,1,1
2577,NY5110526,0,0.9979828033840491,1,1
2578,NY5110526,0,0.9981049521030139,1,1
2579,NY5110526,0,0.9979828033840491,1,1
2580,NY5110526,0,0.9979828033840491,1,1
2581,NY5110526,0,0.9979828033840491,1,1
2582,NY5110526,0,0.9981049521030139,1,1
2583,NY5110526,0,0.9979828033840491,1,1
2584,NY5110526,1,0.9981049521030139,1,1
2585,NY5110526,0,0.9979828033840491,1,1
2586,NY5110526,0,0.9979828033840491,1,1
2587,NY5110526,1,0.9979828033840491,1,1
2588,NY5110526,0,0.9981049521030139,1,1
2589,NY5110526,0,0.9979828033840491,1,1
2590,NY5110526,0,0.9979828033840491,1,1
2591,NY5110526,1,0.9979828033840491,1,1
2592,NY5110526,1,0.9979828033840491,1,1
2593,NY5110526,0,0.9981049521030139,1,1
2594,NY5110526,0,0.9979828033840491,1,1
2595,NY5110526,0,0.9979828033840491,1,1
2596,NY5110526,1,0.9979828033840491,1,1
2597,NY5110526,0,0.9979828033840491,1,1
2598,NY5110526,0,0.9979828033840491,1,1
2599,NY5110526,0,0.9979828033840491,1,1
2600,NY5110526,0,0.9979828033840491,1,1
2601,NY5110526,0,0.9979828033840491,1,1
2602,NY5110526,0,0.9979828033840491,1,1
2603,NY5110526,0,0.9979828033840491,1,1
2604,NY5110526,1,0.9979828033840491,1,1
2605,NY5110526,0,0.9979828033840491,1,1
2606,NY5110526,0,0.9979828033840491,1,1
2607,NY5110526,0,0.9979828033840491,1,1
2608,NY5110526,0,0.9979828033840491,1,1
2609,NY5110526,0,0.9979828033840491,1,1
2610,NY5110526,0,0.9979828033840491,1,1
2611,NY5110526,1,0.9979828033840491,1,1
2612,NY5110526,1,0.9981049521030139,1,1
2613,NY5110526,0,0.9979828033840491,1,1
2614,NY5110526,1,0.9979828033840491,1,1
2615,NY5110526,1,0.9981049521030139,1,1
2616,NY5110526,0,0.9979828033840491,1,1
2617,NY5110526,0,0.9979828033840491,1,1
2618,NY5111891,0,0.532428352092997,1,3
2619,NY5111891,1,0.532428352092997,1,3
2620,NY5111891,0,0.532428352092997,1,3
2621,NY5111891,0,0.5074680091729863,1,3
2622,NY5203324,0,0.48797862983455303,0,2
2623,NY5203324,1,0.48797862983455303,0,2
2624,NY5203324,0,0.48797862983455303,0,2
2625,NY5203324,0,0.48797862983455303,0,2
2626,NY5203324,0,0.48797862983455303,0,2
2627,NY5203324,0,0.48797862983455303,0,2
2628,NY5203329,0,0.22481105382211028,0,1
2629,NY5203329,1,0.28217985043073257,0,1
2630,NY5203329,0,0.22481105382211028,0,1
2631,NY5203330,0,0.2118571290379708,0,3
2632,NY5203337,1,0.2888797394529837,0,5
2633,NY5203337,0,0.4033136996252658,0,5
2634,NY5203348,0,0.3741390170043496,0,5
2635,NY5203348,0,0.28053464911537174,0,5
2636,NY5203348,0,0.3741390170043496,0,5
2637,NY5203353,0,0.288152640828387,0,2
2638,NY5304409,0,0.14973125839639212,0,5
2639,NY5304409,0,0.14973125839639212,0,5
2640,NY5304410,1,0.08358606138069588,0,5
2641,NY5304410,1,0.08358606138069588,0,5
2642,NY5304410,0,0.08358606138069588,0,5
2643,NY5304410,1,0.08358606138069588,0,5
2644,NY5330037,0,0.06689703589369164,0,5
2645,NY5404416,0,0.06015275448078016,0,4
2646,NY5404419,1,0.20363121304025927,0,1
2647,NY5417686,0,0.07718166921512845,0,2
2648,NY5503367,0,0.1902716684265172,0,2
2649,NY5503368,0,0.26687257710092416,0,3
2650,NY5503374,1,0.14809781062884958,0,5
2651,NY5503379,0,0.25678683820477394,0,3
2652,NY5503382,0,0.12767931358239823,0,1
2653,NY5503386,0,0.10701353761957368,0,2
2654,NY5503390,0,0.20573525890240327,0,4
2655,NY5503392,0,0.06869222429421355,0,3
2656,NY5510590,0,0.3672751282412412,0,3
2657,NY5600104,1,0.32397130791423967,0,3
2658,NY5600114,0,0.405449305056348,0,5
2659,NY5700119,1,0.24540987546746,0,4
2660,NY5700123,0,0.07532824990119377,0,4
2661,NY5704191,0,0.2734138810341073,0,5
2662,NY5722361,0,0.14389859012919218,0,3
2663,NY5801231,0,0.20597426708291974,0,4
2664,NY5801232,0,0.14616041123233003,0,4
2665,NY5801233,0,0.11731970873790805,0,4
2666,NY5801235,0,0.11147577199461481,0,3
2667,NY5801247,1,0.1692787907913306,0,3
2668,NY5801257,0,0.1330511611148478,0,2
2669,NY5801257,0,0.1330511611148478,0,2
2670,NY5801257,0,0.1330511611148478,0,2
2671,NY5801258,0,0.13692405605283,0,3
2672,NY5821130,0,0.08726294399764956,0,3
2673,NY5903150,1,0.18462375374216808,0,2
2674,NY5903419,1,0.2121516332064286,0,4
2675,NY5903420,0,0.3069313586799733,0,2
2676,NY5903423,0,0.47518123554717984,0,5
2677,NY5903425,0,0.29913567402152974,0,1
2678,NY5903427,0,0.5789256362333477,1,3
2679,NY5903429,0,0.42554643534875136,0,4
2680,NY5903432,0,0.4714929447426576,0,2
2681,NY5903433,0,0.38806421020494386,0,3
2682,NY5903435,0,0.336926506238124,0,4
2683,NY5903435,0,0.40685951783488794,0,4
2684,NY5903437,0,0.4245245396227885,0,1
2685,NY5903437,1,0.32457417476551687,0,1
2686,NY5903441,0,0.520670293882337,1,4
2687,NY5903441,0,0.520670293882337,1,4
2688,NY5903442,0,0.5338656432657293,1,1
2689,NY5903444,0,0.6075552830811257,1,3
2690,NY5903450,0,0.5696232910068373,1,5
2691,NY5903451,1,0.6654461690084345,1,1
2692,NY5903452,0,0.5443537040361214,1,3
2693,NY5903455,0,0.532147897216961,1,1
2694,NY5903456,0,0.4121069753702528,0,2
2695,NY5903456,1,0.4121069753702528,0,2
2696,NY5903457,0,0.4644636117759216,0,3
2697,NY5903457,0,0.4644636117759216,0,3
2698,NY5903461,0,0.5201717705247533,1,2
2699,NY5903464,0,0.40066076751324103,0,2
2700,NY5903464,0,0.40066076751324103,0,2
2701,NY5903465,0,0.37406060066751134,0,3
2702,NY5903465,0,0.37406060066751134,0,3
2703,NY5903469,0,0.46110584297553225,0,4
2704,NY5903469,1,0.46110584297553225,0,4
2705,NY5903482,0,0.49201274283227386,0,5
2706,NY5906659,1,0.1725723523830853,0,3
2707,NY5917221,1,0.7113143635107564,1,5
2708,NY5930082,0,0.4572824920525602,0,5
2709,NY6000613,0,0.11544668851429635,0,1
2710,NY6000618,0,0.17469982354254612,0,5
2711,NY6101263,1,0.05992575809668818,0,2
2712,NY7003493,0,0.33551327220604626,0,2
2713,NY7003493,0,0.42284605104968814,0,2
2714,NY7003493,0,0.42284605104968814,0,2
2715,NY7003493,0,0.4989971321048438,0,2
2716,PA1090001,1,0.9031117676665675,1,1
2717,PA1090005,1,0.8347551192985129,1,1
2718,PA1090005,1,0.8089414006961889,1,1
2719,PA1090005,1,0.8259401207646394,1,1
2720,PA1090022,1,0.8014830662664917,1,4
2721,PA1090026,0,0.6029187879046547,1,3
2722,PA1090037,0,0.6263356542124318,1,3
2723,PA1090043,1,0.8206597641023602,1,1
2724,PA1090043,1,0.8206597641023602,1,1
2725,PA1090043,0,0.660397481947925,1,1
2726,PA1090043,1,0.660397481947925,1,1
2727,PA1090046,1,0.851060857939964,1,3
2728,PA1090046,1,0.8755701140483698,1,3
2729,PA1090046,0,0.8755701140483698,1,3
2730,PA1090046,1,0.851060857939964,1,3
2731,PA1090063,1,0.8507017795540146,1,5
2732,PA1090063,1,0.8507017795540146,1,5
2733,PA1090063,1,0.6458139249987686,1,5
2734,PA1090069,1,0.7362861684375077,1,3
2735,PA1090069,1,0.7362861684375077,1,3
2736,PA1090069,0,0.4346988417245629,0,3
2737,PA1090070,0,0.9193776541442767,1,4
2738,PA1090070,0,0.9193776541442767,1,4
2739,PA1090070,0,0.9193776541442767,1,4
2740,PA1090070,0,0.9193776541442767,1,4
2741,PA1090070,0,0.9193776541442767,1,4
2742,PA1090070,0,0.9193776541442767,1,4
2743,PA1090070,0,0.7915295275399202,1,4
2744,PA1090070,0,0.7915295275399202,1,4
2745,PA1090070,0,0.7915295275399202,1,4
2746,PA1090070,1,0.7915295275399202,1,4
2747,PA1090070,0,0.7915295275399202,1,4
2748,PA1090070,0,0.7915295275399202,1,4
2749,PA1090070,0,0.7915295275399202,1,4
2750,PA1090074,0,0.4028936188016735,0,1
2751,PA1090074,1,0.6064337929245829,1,1
2752,PA1090074,1,0.6064337929245829,1,1
2753,PA1090078,1,0.9295423621373992,1,4
2754,PA1090078,1,0.9295423621373992,1,4
2755,PA1090079,1,0.5043029535654773,1,4
2756,PA1090079,0,0.5043029535654773,1,4
2757,PA1090079,1,0.5043029535654773,1,4
2758,PA1090079,1,0.6520988343856674,1,4
2759,PA1090081,1,0.8160045097296228,1,4
2760,PA1090081,1,0.8160045097296228,1,4
2761,PA1090081,1,0.8160045097296228,1,4
2762,PA1090081,1,0.8160045097296228,1,4
2763,PA1090081,1,0.8160045097296228,1,4
2764,PA1090082,1,0.6828429991432876,1,3
2765,PA1090082,0,0.6828429991432876,1,3
2766,PA1090082,1,0.6828429991432876,1,3
2767,PA1090082,1,0.6828429991432876,1,3
2768,PA1090082,1,0.6828429991432876,1,3
2769,PA1090082,1,0.6828429991432876,1,3
2770,PA1090082,1,0.6828429991432876,1,3
2771,PA1090082,0,0.6828429991432876,1,3
2772,PA1090089,1,0.8629325955311198,1,2
2773,PA1090089,1,0.8629325955311198,1,2
2774,PA1090089,1,0.8629325955311198,1,2
2775,PA1090089,1,0.8629325955311198,1,2
2776,PA1090089,1,0.8629325955311198,1,2
2777,PA1090089,1,0.8629325955311198,1,2
2778,PA1090089,1,0.8629325955311198,1,2
2779,PA1090089,1,0.8629325955311198,1,2
2780,PA1090089,0,0.8629325955311198,1,2
2781,PA1090089,1,0.8629325955311198,1,2
2782,PA1090089,0,0.8629325955311198,1,2
2783,PA1090089,1,0.8629325955311198,1,2
2784,PA1090089,1,0.8629325955311198,1,2
2785,PA1090089,1,0.8629325955311198,1,2
2786,PA1090089,1,0.8629325955311198,1,2
2787,PA1090089,0,0.8059627183309703,1,2
2788,PA1090117,1,0.7598923549154842,1,2
2789,PA1090117,0,0.7598923549154842,1,2
2790,PA1090117,0,0.7598923549154842,1,2
2791,PA1090117,0,0.6107654266422573,1,2
2792,PA1090125,0,0.6814166456602131,1,3
2793,PA1090125,0,0.6814166456602131,1,3
2794,PA1090125,1,0.6814166456602131,1,3
2795,PA1090127,1,0.5260547368620453,1,5
2796,PA1090127,0,0.4817665369922717,0,5
2797,PA1090128,1,0.719253499479863,1,4
2798,PA1090128,1,0.719253499479863,1,4
2799,PA1090128,1,0.719253499479863,1,4
2800,PA1090128,1,0.719253499479863,1,4
2801,PA1090128,1,0.719253499479863,1,4
2802,PA1090128,1,0.719253499479863,1,4
2803,PA1090128,1,0.719253499479863,1,4
2804,PA1090128,0,0.5217378076027582,1,4
2805,PA1090131,1,0.7923618674857503,1,3
2806,PA1090131,1,0.7923618674857503,1,3
2807,PA1090131,1,0.7923618674857503,1,3
2808,PA1090137,1,0.47049762072651674,0,2
2809,PA1090137,1,0.4510366223533001,0,2
2810,PA1090144,1,0.5324841367653155,1,1
2811,PA1090144,1,0.5324841367653155,1,1
2812,PA1090144,1,0.5324841367653155,1,1
2813,PA1090144,0,0.5324841367653155,1,1
2814,PA1090329,1,0.5880230449990751,1,5
2815,PA1090962,1,0.6111925461421531,1,5
2816,PA1150026,1,0.5292609520733477,1,2
2817,PA1150035,0,0.9382914483942721,1,5
2818,PA1150035,1,0.9382914483942721,1,5
2819,PA1150035,1,0.9382914483942721,1,5
2820,PA1150035,1,0.9382914483942721,1,5
2821,PA1150035,1,0.9382914483942721,1,5
2822,PA1150035,1,0.9382914483942721,1,5
2823,PA1150035,1,0.931365398674134,1,5
2824,PA1150066,1,0.9056005102707798,1,3
2825,PA1150066,1,0.8167820813125185,1,3
2826,PA1150077,1,0.8625597533723774,1,5
2827,PA1150089,1,0.8589337765884855,1,3
2828,PA1150089,1,0.8589337765884855,1,3
2829,PA1150089,1,0.8589337765884855,1,3
2830,PA1150089,1,0.8872594260046965,1,3
2831,PA1150098,1,0.9009133903367083,1,3
2832,PA1150098,1,0.8114687605521055,1,3
2833,PA1150106,1,0.6567528378246902,1,5
2834,PA1150108,1,0.7936639434998619,1,4
2835,PA1150108,0,0.8093277448190006,1,4
2836,PA1150108,1,0.8093277448190006,1,4
2837,PA1150137,1,0.8926622650663151,1,5
2838,PA1150137,1,0.8926622650663151,1,5
2839,PA1150137,1,0.8926622650663151,1,5
2840,PA1150137,1,0.8926622650663151,1,5
2841,PA1150137,1,0.8926622650663151,1,5
2842,PA1150137,1,0.869552807133689,1,5
2843,PA1150137,0,0.8926622650663151,1,5
2844,PA1150165,1,0.7655519313700064,1,1
2845,PA1150165,0,0.8955752834336825,1,1
2846,PA1150166,1,0.6546811083597157,1,1
2847,PA1150166,1,0.657243804380163,1,1
2848,PA1150166,1,0.657243804380163,1,1
2849,PA1150166,0,0.657243804380163,1,1
2850,PA1150166,0,0.657243804380163,1,1
2851,PA1230004,1,0.8925610432495997,1,4
2852,PA1230012,1,0.33421367266056606,0,5
2853,PA1230012,1,0.34261107840376054,0,5
2854,PA1230012,1,0.34261107840376054,0,5
2855,PA1230012,1,0.34261107840376054,0,5
2856,PA1460020,1,0.7705551280502259,1,3
2857,PA1460020,1,0.7705551280502259,1,3
2858,PA1460020,1,0.7705551280502259,1,3
2859,PA1460020,1,0.7705551280502259,1,3
2860,PA1460020,1,0.7705551280502259,1,3
2861,PA1460020,1,0.7705551280502259,1,3
2862,PA1460020,1,0.7705551280502259,1,3
2863,PA1460020,1,0.72230438965855,1,3
2864,PA1460020,1,0.7705551280502259,1,3
2865,PA1460022,1,0.7745857173054793,1,5
2866,PA1460022,1,0.7745857173054793,1,5
2867,PA1460022,1,0.7745857173054793,1,5
2868,PA1460022,1,0.7745857173054793,1,5
2869,PA1460022,1,0.7745857173054793,1,5
2870,PA1460022,1,0.7745857173054793,1,5
2871,PA1460022,1,0.7745857173054793,1,5
2872,PA1460028,1,0.9529527442332787,1,1
2873,PA1460028,1,0.9602649815651874,1,1
2874,PA1460028,1,0.9705099674418395,1,1
2875,PA1460033,1,0.8709927310245034,1,5
2876,PA1460033,1,0.8709927310245034,1,5
2877,PA1460033,1,0.9452244661421979,1,5
2878,PA1460033,1,0.9452244661421979,1,5
2879,PA1460033,0,0.8709927310245034,1,5
2880,PA1460033,1,0.8709927310245034,1,5
2881,PA1460033,1,0.8709927310245034,1,5
2882,PA1460033,1,0.9452244661421979,1,5
2883,PA1460033,0,0.8709927310245034,1,5
2884,PA1460033,1,0.6975675990413202,1,5
2885,PA1460033,0,0.704150326287084,1,5
2886,PA1460034,1,0.8270256743021457,1,2
2887,PA1460034,1,0.8270256743021457,1,2
2888,PA1460034,1,0.8270256743021457,1,2
2889,PA1460034,0,0.8270256743021457,1,2
2890,PA1460034,0,0.5682181003215951,1,2
2891,PA1460037,1,0.41889415212222597,0,1
2892,PA1460042,1,0.8368842548729131,1,2
2893,PA1460042,1,0.922509269591621,1,2
2894,PA1460042,1,0.922509269591621,1,2
2895,PA1460042,0,0.8368842548729131,1,2
2896,PA1460046,1,0.7958829680857583,1,5
2897,PA1460048,1,0.7998767559316508,1,3
2898,PA1460048,1,0.7998767559316508,1,3
2899,PA1460048,1,0.7998767559316508,1,3
2900,PA1460048,1,0.7998767559316508,1,3
2901,PA1460048,1,0.7998767559316508,1,3
2902,PA1460048,1,0.7998767559316508,1,3
2903,PA1460048,0,0.6765027993682887,1,3
2904,PA1460050,1,0.7864482071420668,1,1
2905,PA1460050,1,0.7864482071420668,1,1
2906,PA1460050,1,0.7864482071420668,1,1
2907,PA1460050,1,0.8771550076406949,1,1
2908,PA1460050,1,0.7864482071420668,1,1
2909,PA1460050,1,0.6368842483302981,1,1
2910,PA1460050,0,0.6368842483302981,1,1
2911,PA1460055,1,0.7817411574288735,1,3
2912,PA1460055,1,0.7868056342692269,1,3
2913,PA1460055,1,0.7817411574288735,1,3
2914,PA1460055,1,0.7817411574288735,1,3
2915,PA1460055,1,0.7868056342692269,1,3
2916,PA1460055,1,0.7868056342692269,1,3
2917,PA1460055,0,0.7868056342692269,1,3
2918,PA1460055,1,0.7817411574288735,1,3
2919,PA1460069,1,0.7571554715016554,1,5
2920,PA1460069,1,0.7571554715016554,1,5
2921,PA1460069,1,0.7571554715016554,1,5
2922,PA1460069,1,0.7571554715016554,1,5
2923,PA1460069,1,0.734310112146813,1,5
2924,PA1460073,1,0.886821115448741,1,4
2925,PA1460073,1,0.8119697103954683,1,4
2926,PA1460073,1,0.82654755346304,1,4
2927,PA1460073,1,0.7792491733857474,1,4
2928,PA1460073,0,0.82654755346304,1,4
2929,PA1460073,1,0.8468086313557652,1,4
2930,PA1460073,1,0.8135933302425981,1,4
2931,PA1460073,1,0.82654755346304,1,4
2932,PA1460073,1,0.9029314754742125,1,4
2933,PA1460073,1,0.9029314754742125,1,4
2934,PA1460073,1,0.9029314754742125,1,4
2935,PA1460073,1,0.82654755346304,1,4
2936,PA1460073,1,0.82654755346304,1,4
2937,PA1460073,1,0.82654755346304,1,4
2938,PA1460073,1,0.82654755346304,1,4
2939,PA1460073,1,0.82654755346304,1,4
2940,PA1460073,1,0.9029314754742125,1,4
2941,PA1460073,0,0.82654755346304,1,4
2942,PA1460073,1,0.9029314754742125,1,4
2943,PA1460085,0,0.947845606010546,1,1
2944,PA1460085,1,0.947845606010546,1,1
2945,PA1460085,1,0.947845606010546,1,1
2946,PA1460085,1,0.947845606010546,1,1
2947,PA1460085,1,0.947845606010546,1,1
2948,PA1460085,0,0.947845606010546,1,1
2949,PA1460085,0,0.947845606010546,1,1
2950,PA1460085,1,0.8964327376372021,1,1
2951,PA1460492,1,0.9585422071653131,1,1
2952,PA1461065,1,0.6938895068949014,1,1
2953,PA1510001,1,0.9362482676965653,1,5
2954,PA1510001,1,0.9362482676965653,1,5
2955,PA1510001,1,0.9362482676965653,1,5
2956,PA2080028,0,0.17720453992109902,0,2
2957,PA2080029,0,0.13385010875958528,0,1
2958,PA2080029,0,0.15638687789889602,0,1
2959,PA2350833,0,0.11456130052617808,0,1
2960,PA2350833,1,0.11456130052617808,0,1
2961,PA2359001,0,0.18164458814792378,0,4
2962,PA2359008,0,0.20530083370046237,0,2
2963,PA2359008,1,0.2744821018899909,0,2
2964,PA2359008,1,0.2744821018899909,0,2
2965,PA2359008,0,0.3056803277138506,0,2
2966,PA2359008,0,0.3056803277138506,0,2
2967,PA2359008,0,0.3056803277138506,0,2
2968,PA2359008,0,0.3056803277138506,0,2
2969,PA2359008,0,0.3056803277138506,0,2
2970,PA2400054,1,0.3673255738770291,0,4
2971,PA2400054,0,0.2926863259027883,0,4
2972,PA2400054,1,0.3673255738770291,0,4
2973,PA2400054,0,0.3673255738770291,0,4
2974,PA2400054,0,0.3673255738770291,0,4
2975,PA2400076,1,0.6034727537345191,1,1
2976,PA2400076,1,0.6034727537345191,1,1
2977,PA2400076,1,0.6034727537345191,1,1
2978,PA2400076,1,0.6034727537345191,1,1
2979,PA2400076,0,0.6034727537345191,1,1
2980,PA2400076,0,0.6034727537345191,1,1
2981,PA2400076,0,0.6034727537345191,1,1
2982,PA2400115,1,0.3345594873760063,0,2
2983,PA2400370,1,0.2733628419289829,0,4
2984,PA2400806,0,0.7862906449935686,1,2
2985,PA2400806,1,0.7862906449935686,1,2
2986,PA2400806,0,0.7862906449935686,1,2
2987,PA2400806,0,0.4027462292430444,0,2
2988,PA2408001,0,0.3285088824911194,0,3
2989,PA2409002,0,0.4159131684878562,0,3
2990,PA2409003,1,0.25639605038773877,0,1
2991,PA2409010,0,0.26195671495877537,0,5
2992,PA2409011,0,0.42850558438278025,0,2
2993,PA2409013,0,0.33440787065589317,0,2
2994,PA2450020,0,0.42254299973684945,0,4
2995,PA2450020,0,0.4459094540266681,0,4
2996,PA2450023,0,0.624058649936747,1,3
2997,PA2450023,0,0.4612716390386345,0,3
2998,PA2450023,0,0.4612716390386345,0,3
2999,PA2450023,0,0.4612716390386345,0,3
3000,PA2450023,0,0.4612716390386345,0,3
3001,PA2450034,0,0.6310986707514467,1,4
3002,PA2450034,0,0.5629859344901306,1,4
3003,PA2450034,0,0.47815810135282677,0,4
3004,PA2450034,0,0.6310986707514467,1,4
3005,PA2450053,0,0.5189087429472983,1,2
3006,PA2450063,0,0.5786966104214295,1,4
3007,PA2450063,0,0.5786966104214295,1,4
3008,PA2450063,0,0.5786966104214295,1,4
3009,PA2450063,1,0.5786966104214295,1,4
3010,PA2450063,0,0.5786966104214295,1,4
3011,PA2450063,0,0.5786966104214295,1,4
3012,PA2450063,0,0.5786966104214295,1,4
3013,PA2450063,1,0.5786966104214295,1,4
3014,PA2450063,0,0.5786966104214295,1,4
3015,PA2450063,1,0.5786966104214295,1,4
3016,PA2450065,0,0.6271590629877616,1,2
3017,PA2450065,0,0.6271590629877616,1,2
3018,PA2450065,0,0.6271590629877616,1,2
3019,PA2450065,0,0.6271590629877616,1,2
3020,PA2450065,0,0.6271590629877616,1,2
3021,PA2450065,0,0.6271590629877616,1,2
3022,PA2450065,0,0.6271590629877616,1,2
3023,PA2450542,1,0.33386070430267056,0,5
3024,PA2450677,0,0.2383635820343462,0,3
3025,PA2520033,0,0.5024453924226323,1,4
3026,PA2520033,0,0.5024453924226323,1,4
3027,PA2520033,0,0.5024453924226323,1,4
3028,PA2520033,0,0.5024453924226323,1,4
3029,PA2520033,0,0.5024453924226323,1,4
3030,PA2520037,1,0.2934259203229707,0,5
3031,PA2520037,0,0.2934259203229707,0,5
3032,PA2520037,0,0.2934259203229707,0,5
3033,PA2520037,0,0.2934259203229707,0,5
3034,PA2520037,0,0.2934259203229707,0,5
3035,PA2520037,0,0.2934259203229707,0,5
3036,PA2520062,0,0.14189004244418604,0,3
3037,PA2520062,0,0.14189004244418604,0,3
3038,PA2520062,0,0.14189004244418604,0,3
3039,PA2520062,0,0.14189004244418604,0,3
3040,PA2520941,0,0.05224177769096613,0,4
3041,PA2520941,0,0.05224177769096613,0,4
3042,PA2520941,0,0.05224177769096613,0,4
3043,PA2520941,0,0.05224177769096613,0,4
3044,PA2580024,0,0.20359983944827997,0,1
3045,PA2580024,0,0.1468007194830509,0,1
3046,PA2590038,0,0.08025694257918321,0,3
3047,PA2590042,0,0.08143593647190005,0,2
3048,PA2640018,0,0.24683775776825997,0,3
3049,PA2640018,0,0.2616676436755061,0,3
3050,PA2640018,0,0.2616676436755061,0,3
3051,PA2640018,0,0.24683775776825997,0,3
3052,PA2640025,0,0.4691843520999862,0,5
3053,PA2640025,0,0.4691843520999862,0,5
3054,PA2640025,0,0.4691843520999862,0,5
3055,PA2640025,0,0.4691843520999862,0,5
3056,PA2640025,0,0.4691843520999862,0,5
3057,PA2660010,0,0.23264122416680355,0,1
3058,PA2660014,1,0.2157995711263181,0,4
3059,PA2660014,0,0.2157995711263181,0,4
3060,PA2660014,0,0.2157995711263181,0,4
3061,PA2660014,0,0.2157995711263181,0,4
3062,PA3060010,0,0.4622993920708762,0,1
3063,PA3060012,0,0.4535748149398954,0,4
3064,PA3060012,0,0.4535748149398954,0,4
3065,PA3060012,1,0.4535748149398954,0,4
3066,PA3060018,1,0.8062671916719208,1,1
3067,PA3060018,0,0.8062671916719208,1,1
3068,PA3060018,0,0.8062671916719208,1,1
3069,PA3060029,0,0.7829195294876744,1,2
3070,PA3060029,0,0.7829195294876744,1,2
3071,PA3060029,0,0.7829195294876744,1,2
3072,PA3060035,0,0.3192976916446098,0,4
3073,PA3060035,0,0.3192976916446098,0,4
3074,PA3060038,0,0.8771616821140917,1,4
3075,PA3060038,0,0.8771616821140917,1,4
3076,PA3060038,1,0.8771616821140917,1,4
3077,PA3060038,1,0.8771616821140917,1,4
3078,PA3060038,0,0.8771616821140917,1,4
3079,PA3060038,1,0.8771616821140917,1,4
3080,PA3060038,0,0.8771616821140917,1,4
3081,PA3060038,1,0.8771616821140917,1,4
3082,PA3060041,0,0.7959086712818385,1,1
3083,PA3060052,1,0.5415189637492865,1,2
3084,PA3060052,0,0.5415189637492865,1,2
3085,PA3060052,1,0.5415189637492865,1,2
3086,PA3060059,1,0.5653651229549855,1,3
3087,PA3060067,1,0.674874284738182,1,5
3088,PA3060067,1,0.674874284738182,1,5
3089,PA3060067,1,0.674874284738182,1,5
3090,PA3060067,1,0.674874284738182,1,5
3091,PA3060069,0,0.6664082760718224,1,5
3092,PA3060069,0,0.6664082760718224,1,5
3093,PA3060069,1,0.6664082760718224,1,5
3094,PA3060069,1,0.6390951776116239,1,5
3095,PA3060069,1,0.6664082760718224,1,5
3096,PA3060069,1,0.6664082760718224,1,5
3097,PA3060069,0,0.6664082760718224,1,5
3098,PA3060076,0,0.6666144437951382,1,5
3099,PA3060076,1,0.6666144437951382,1,5
3100,PA3060076,0,0.6735690347070802,1,5
3101,PA3060076,1,0.7508283470346615,1,5
3102,PA3060076,0,0.6735690347070802,1,5
3103,PA3060076,0,0.6735690347070802,1,5
3104,PA3060076,0,0.6735690347070802,1,5
3105,PA3060078,1,0.5684222687885463,1,2
3106,PA3060080,0,0.4203025798423615,0,2
3107,PA3060080,0,0.4203025798423615,0,2
3108,PA3060080,0,0.4203025798423615,0,2
3109,PA3060081,0,0.3008623524356924,0,3
3110,PA3060082,0,0.7413327008148684,1,3
3111,PA3060082,1,0.7413327008148684,1,3
3112,PA3060083,1,0.6982137945920871,1,4
3113,PA3060088,0,0.4912836978652139,0,4
3114,PA3060088,1,0.4912836978652139,0,4
3115,PA3060088,1,0.4912836978652139,0,4
3116,PA3060088,1,0.4912836978652139,0,4
3117,PA3060088,1,0.5369157755037677,1,4
3118,PA3060088,0,0.4912836978652139,0,4
3119,PA3060088,0,0.4667086422066131,0,4
3120,PA3060088,1,0.4912836978652139,0,4
3121,PA3060088,1,0.4912836978652139,0,4
3122,PA3060088,1,0.4912836978652139,0,4
3123,PA3060088,1,0.4912836978652139,0,4
3124,PA3060088,0,0.4912836978652139,0,4
3125,PA3060094,0,0.4056895887060726,0,4
3126,PA3060681,0,0.3475604595620714,0,5
3127,PA3060681,0,0.352963816888055,0,5
3128,PA3060681,0,0.3475604595620714,0,5
3129,PA3061067,1,0.2688994567940102,0,4
3130,PA3130004,0,0.4084334091702097,0,1
3131,PA3130009,0,0.223005402966864,0,4
3132,PA3130012,1,0.29351441084776675,0,5
3133,PA3130012,0,0.29351441084776675,0,5
3134,PA3130308,0,0.34864760675812695,0,2
3135,PA3390024,1,0.5400637570842095,1,1
3136,PA3390024,1,0.5400637570842095,1,1
3137,PA3390032,1,0.9314421470066595,1,4
3138,PA3390032,1,0.9314421470066595,1,4
3139,PA3390032,1,0.9314421470066595,1,4
3140,PA3390032,1,0.9314421470066595,1,4
3141,PA3390039,0,0.3751803834632108,0,2
3142,PA3390039,0,0.2835558957938715,0,2
3143,PA3390044,1,0.7210737553853496,1,2
3144,PA3390055,1,0.6261252642980283,1,5
3145,PA3390062,1,0.63411729245241,1,1
3146,PA3390065,1,0.6204750438335189,1,1
3147,PA3390065,0,0.6204750438335189,1,1
3148,PA3390065,1,0.6204750438335189,1,1
3149,PA3390065,1,0.6204750438335189,1,1
3150,PA3390065,1,0.6204750438335189,1,1
3151,PA3390065,0,0.6204750438335189,1,1
3152,PA3390065,1,0.6204750438335189,1,1
3153,PA3390065,1,0.6390991337021517,1,1
3154,PA3390065,1,0.6390991337021517,1,1
3155,PA3390073,0,0.6393470858088164,1,1
3156,PA3390073,1,0.6393470858088164,1,1
3157,PA3390073,0,0.6393470858088164,1,1
3158,PA3390073,1,0.6393470858088164,1,1
3159,PA3390073,1,0.6393470858088164,1,1
3160,PA3390073,1,0.6393470858088164,1,1
3161,PA3390073,1,0.6393470858088164,1,1
3162,PA3390073,0,0.6393470858088164,1,1
3163,PA3390073,0,0.6393470858088164,1,1
3164,PA3390073,1,0.6393470858088164,1,1
3165,PA3390073,0,0.6393470858088164,1,1
3166,PA3390073,0,0.6393470858088164,1,1
3167,PA3390073,0,0.6393470858088164,1,1
3168,PA3390073,1,0.631450860074906,1,1
3169,PA3390077,0,0.5877698053300157,1,5
3170,PA3390077,0,0.5877698053300157,1,5
3171,PA3390077,0,0.5877698053300157,1,5
3172,PA3390077,1,0.5675142078221251,1,5
3173,PA3390077,0,0.5877698053300157,1,5
3174,PA3390081,1,0.5161290730760744,1,4
3175,PA3390081,1,0.5161290730760744,1,4
3176,PA3390081,1,0.5161290730760744,1,4
3177,PA3390081,1,0.5161290730760744,1,4
3178,PA3390081,1,0.5161290730760744,1,4
3179,PA3391032,0,0.21195943808986462,0,3
3180,PA3480015,0,0.49118504482996583,0,3
3181,PA3480027,0,0.6230368891339632,1,5
3182,PA3480038,0,0.174480471292799,0,5
3183,PA3480038,0,0.24678309402543747,0,5
3184,PA3480046,0,0.562182924275631,1,5
3185,PA3480050,0,0.661690936031174,1,2
3186,PA3480052,0,0.79037286196885,1,4
3187,PA3480052,0,0.79037286196885,1,4
3188,PA3480052,0,0.79037286196885,1,4
3189,PA3480055,0,0.7045531310842024,1,1
3190,PA3480055,0,0.7476638020090477,1,1
3191,PA3480057,0,0.45135491498180313,0,2
3192,PA3480816,1,0.1227702569163077,0,3
3193,PA3540011,0,0.24450813403868032,0,2
3194,PA3540012,0,0.6749324927061743,1,3
3195,PA3540014,0,0.45038319760547074,0,2
3196,PA3540014,0,0.45038319760547074,0,2
3197,PA3540017,0,0.15634684434236795,0,3
3198,PA3540017,0,0.15634684434236795,0,3
3199,PA3540017,0,0.15634684434236795,0,3
3200,PA3540030,1,0.12030045713505491,0,3
3201,PA3540032,1,0.5899611298838803,1,3
3202,PA3540035,0,0.2961198017880445,0,5
3203,PA3540038,0,0.24673529709839032,0,2
3204,PA3540038,0,0.2065178611147805,0,2
3205,PA3540038,0,0.24673529709839032,0,2
3206,PA3540038,0,0.3811478718241736,0,2
3207,PA3540041,0,0.24836115302482545,0,5
3208,PA3540044,1,0.18937606735542786,0,5
3209,PA3540047,0,0.30540821889137343,0,3
3210,PA3540047,0,0.30540821889137343,0,3
3211,PA3540047,0,0.30540821889137343,0,3
3212,PA4050002,0,0.20872699487793048,0,2
3213,PA4050028,0,0.04113040220690161,0,2
3214,PA4050029,0,0.49085906721891637,0,4
3215,PA4070017,0,0.23197730206001319,0,5
3216,PA4070021,0,0.4171781764125091,0,1
3217,PA4110003,0,0.20941951184237373,0,5
3218,PA4110003,0,0.20941951184237373,0,5
3219,PA4110003,0,0.3895252935651928,0,5
3220,PA4110009,0,0.4031431117130543,0,3
3221,PA4110009,0,0.35561771977453854,0,3
3222,PA4110013,0,0.24183733399456248,0,4
3223,PA4110013,0,0.2632510488486864,0,4
3224,PA4110017,0,0.27773931281837777,0,3
3225,PA4110023,1,0.3415018796605029,0,3
3226,PA4110027,0,0.4716838297170352,0,3
3227,PA4110027,0,0.4716838297170352,0,3
3228,PA4110034,0,0.27208353567267063,0,5
3229,PA4110041,0,0.49921640109955895,0,3
3230,PA4110041,0,0.49921640109955895,0,3
3231,PA4110060,0,0.21954111115352706,0,4
3232,PA4110060,0,0.21954111115352706,0,4
3233,PA4110060,0,0.21954111115352706,0,4
3234,PA4110299,0,0.37362776739310705,0,1
3235,PA4140075,0,0.6075704034132617,1,1
3236,PA4140075,0,0.6075704034132617,1,1
3237,PA4140077,0,0.3712615527503276,0,5
3238,PA4140082,0,0.3894718819464217,0,3
3239,PA4140082,1,0.3894718819464217,0,3
3240,PA4140087,0,0.36245424722463093,0,4
3241,PA4140087,0,0.33096694313324176,0,4
3242,PA4140095,0,0.1992922173003323,0,1
3243,PA4140096,0,0.2694569755472938,0,2
3244,PA4140096,0,0.23716764077459263,0,2
3245,PA4140096,0,0.2694569755472938,0,2
3246,PA4140096,0,0.2694569755472938,0,2
3247,PA4140096,0,0.3526908771908997,0,2
3248,PA4140098,0,0.2755160218354961,0,5
3249,PA4140098,1,0.24616543391814602,0,5
3250,PA4140098,0,0.15274020623751944,0,5
3251,PA4140118,1,0.23762609561063291,0,4
3252,PA4140118,1,0.23762609561063291,0,4
3253,PA4180048,0,0.4732168096751747,0,5
3254,PA4180049,0,0.16124643203571648,0,3
3255,PA4190008,0,0.22258169643229142,0,1
3256,PA4190013,1,0.45308923104351284,0,5
3257,PA4190017,0,0.38439865928539757,0,5
3258,PA4190398,0,0.46727245788649285,0,2
3259,PA4190398,0,0.46727245788649285,0,2
3260,PA4310012,0,0.1695142448197932,0,1
3261,PA4310016,0,0.12497598554264208,0,3
3262,PA4310016,0,0.11666888734680232,0,3
3263,PA4310016,0,0.11666888734680232,0,3
3264,PA4340008,0,0.06736433290716387,0,4
3265,PA4410156,0,0.10439196507356685,0,4
3266,PA4410156,0,0.07670261819360687,0,4
3267,PA4410166,0,0.4797892040776591,0,5
3268,PA4410173,1,0.3930285748193383,0,2
3269,PA4410175,1,0.24764437793472488,0,3
3270,PA4410175,1,0.24764437793472488,0,3
3271,PA4440010,0,0.29790226172823325,0,3
3272,PA4470007,0,0.27284108661341333,0,5
3273,PA4470012,0,0.08900638292740622,0,3
3274,PA4490007,0,0.37104306239815404,0,5
3275,PA4490023,0,0.28422841332510773,0,5
3276,PA4490023,0,0.28422841332510773,0,5
3277,PA4490024,0,0.1934513456934043,0,2
3278,PA4490024,0,0.24583716172633216,0,2
3279,PA4550005,0,0.15649258804269098,0,5
3280,PA4550005,0,0.15649258804269098,0,5
3281,PA4550005,0,0.15649258804269098,0,5
3282,PA4560013,0,0.20363571343723955,0,1
3283,PA4560020,0,0.41896008795605294,0,5
3284,PA4560024,0,0.22828326123872203,0,2
3285,PA4560024,0,0.2560838782631955,0,2
3286,PA4560024,0,0.2560838782631955,0,2
3287,PA4560042,0,0.6309039326933505,1,2
3288,PA4560042,0,0.665455916279249,1,2
3289,PA4560042,0,0.46959830666669394,0,2
3290,PA4560046,0,0.29617072031998104,0,5
3291,PA4560048,0,0.19160217921669828,0,5
3292,PA4560048,1,0.19160217921669828,0,5
3293,PA4560048,0,0.19160217921669828,0,5
3294,PA4560048,1,0.19160217921669828,0,5
3295,PA4600012,0,0.26627700998230797,0,4
3296,PA5020006,0,0.4131147827874451,0,4
3297,PA5020010,1,0.7701376631268927,1,1
3298,PA5020010,1,0.44306181754698687,0,1
3299,PA5020011,1,0.5079739226288683,1,3
3300,PA5020012,0,0.5208753505410136,1,3
3301,PA5020015,0,0.4524647154042732,0,3
3302,PA5020015,0,0.4524647154042732,0,3
3303,PA5020018,0,0.5636353757285701,1,4
3304,PA5020019,0,0.7830966174552201,1,1
3305,PA5020019,0,0.5424760128998253,1,1
3306,PA5020025,0,0.3203038332851981,0,2
3307,PA5020027,0,0.3748316788142473,0,3
3308,PA5020027,1,0.3748316788142473,0,3
3309,PA5020027,0,0.3748316788142473,0,3
3310,PA5020029,0,0.34746798168322485,0,3
3311,PA5020034,0,0.5749849699795403,1,3
3312,PA5020034,1,0.5749849699795403,1,3
3313,PA5020034,0,0.5749849699795403,1,3
3314,PA5020034,0,0.5749849699795403,1,3
3315,PA5020036,0,0.4806500679436885,0,2
3316,PA5020038,0,0.39663710953340603,0,3
3317,PA5020039,0,0.460632330354153,0,2
3318,PA5020039,0,0.460632330354153,0,2
3319,PA5020039,0,0.3858272072180514,0,2
3320,PA5020040,0,0.5521872173770205,1,3
3321,PA5020041,0,0.37378198483004554,0,4
3322,PA5020041,0,0.37378198483004554,0,4
3323,PA5020041,0,0.37378198483004554,0,4
3324,PA5020043,0,0.47648674561008514,0,3
3325,PA5020043,0,0.22005984686452087,0,3
3326,PA5020045,0,0.5621768322141746,1,2
3327,PA5020047,0,0.5216947871835141,1,4
3328,PA5020050,1,0.7578683792998254,1,1
3329,PA5020053,1,0.8124841203772784,1,3
3330,PA5020055,0,0.5757669101655692,1,1
3331,PA5020056,0,0.5220482423850521,1,2
3332,PA5020056,0,0.3992004450082796,0,2
3333,PA5020076,1,0.48739228563078596,0,5
3334,PA5020076,1,0.60890659217808,1,5
3335,PA5020078,0,0.4187202210338855,0,2
3336,PA5020078,0,0.5110540223203549,1,2
3337,PA5020108,0,0.5188249398081287,1,3
3338,PA5020806,0,0.4248716909726819,0,2
3339,PA5020806,0,0.4248716909726819,0,2
3340,PA5020808,0,0.3019410239781376,0,4
3341,PA5020883,1,0.39460264624966224,0,1
3342,PA5020898,0,0.42304632024818456,0,2
3343,PA5020898,0,0.42304632024818456,0,2
3344,PA5020947,1,0.36074616239212853,0,2
3345,PA5020955,0,0.3699692869871563,0,5
3346,PA5030004,0,0.3726202549940305,0,4
3347,PA5030006,0,0.6426016058737146,1,4
3348,PA5030008,0,0.23425394930300056,0,2
3349,PA5030019,0,0.40415760118365723,0,4
3350,PA5030043,0,0.38908531204083635,0,5
3351,PA5040006,0,0.5335771441277531,1,1
3352,PA5040007,0,0.2144507309548155,0,3
3353,PA5040008,0,0.4578289432664207,0,1
3354,PA5040009,1,0.47261456487591097,0,2
3355,PA5040010,1,0.5353459657308617,1,4
3356,PA5040010,1,0.5353459657308617,1,4
3357,PA5040012,1,0.39315433588585463,0,2
3358,PA5040017,1,0.002704225420179237,0,2
3359,PA5040039,1,0.6093634372859091,1,4
3360,PA5040063,0,0.6817070170182574,1,4
3361,PA5040080,0,0.4923732164448961,0,3
3362,PA5040085,1,0.4788414912865847,0,4
3363,PA5040085,1,0.4788414912865847,0,4
3364,PA5040085,1,0.4788414912865847,0,4
3365,PA5100012,0,0.4661915633839553,0,4
3366,PA5100042,0,0.3189416909686917,0,5
3367,PA5100071,0,0.17832610603848698,0,4
3368,PA5100079,0,0.35038246387878,0,1
3369,PA5100079,0,0.35038246387878,0,1
3370,PA5100080,0,0.2852273409317244,0,2
3371,PA5100093,1,0.5418561477067811,1,3
3372,PA5100094,0,0.5752910726065332,1,3
3373,PA5100141,0,0.5450502157489571,1,4
3374,PA5260004,0,0.32695561452489,0,4
3375,PA5260005,0,0.5611906731135217,1,5
3376,PA5260005,0,0.5519338613425795,1,5
3377,PA5260006,0,0.4805857430777968,0,5
3378,PA5260006,0,0.4805857430777968,0,5
3379,PA5260009,0,0.26100578077519787,0,3
3380,PA5260009,0,0.26100578077519787,0,3
3381,PA5260011,0,0.4043853880563125,0,2
3382,PA5260011,0,0.4043853880563125,0,2
3383,PA5260011,0,0.4043853880563125,0,2
3384,PA5260011,0,0.6117057385272803,1,2
3385,PA5260013,0,0.4741202004909302,0,3
3386,PA5260019,0,0.5047641000220678,1,2
3387,PA5260020,0,0.5468655804911765,1,4
3388,PA5260020,0,0.4624082799615404,0,4
3389,PA5260022,0,0.4715510246104012,0,1
3390,PA5260022,0,0.48023981589838804,0,1
3391,PA5260032,0,0.5290201265713325,1,2
3392,PA5260032,0,0.5484840628211213,1,2
3393,PA5260036,0,0.5114749911659453,1,4
3394,PA5300012,0,0.37845083268960145,0,3
3395,PA5300017,0,0.23657861693470217,0,4
3396,PA5320006,0,0.4002229959622345,0,3
3397,PA5320025,0,0.38311724694508065,0,2
3398,PA5320040,0,0.31491028700035756,0,4
3399,PA5320109,0,0.32080699318983,0,3
3400,PA5630039,0,0.1816582905703266,0,4
3401,PA5630044,0,0.3724840462477261,0,4
3402,PA5630045,0,0.12007080561901666,0,5
3403,PA5650032,0,0.26316701256061087,0,1
3404,PA5650049,1,0.28063945311773286,0,3
3405,PA5650060,0,0.45269568262868537,0,1
3406,PA5650069,0,0.28153034463534315,0,3
3407,PA5650069,1,0.28153034463534315,0,3
3408,PA5650070,0,0.36183743072593916,0,2
3409,PA6120002,0,0.09816822149042749,0,4
3410,PA6160001,0,0.4573410143223875,0,4
3411,PA6170008,1,0.1829973267214137,0,4
3412,PA6170008,0,0.18984930253990787,0,4
3413,PA6170013,0,0.12493666954476731,0,4
3414,PA6170016,0,0.2118042034631119,0,2
3415,PA6170023,0,0.11201942372285066,0,1
3416,PA6170041,0,0.13598117639576865,0,4
3417,PA6170048,0,0.5303646773410466,1,2
3418,PA6170048,0,0.47294266694689574,0,2
3419,PA6200015,0,0.38099612403906985,0,1
3420,PA6200036,0,0.47359043933424616,0,1
3421,PA6200051,1,0.4091836171547624,0,4
3422,PA6240012,0,0.14689007228993275,0,3
3423,PA6240016,0,0.1796446446780252,0,5
3424,PA6250007,0,0.45854121274713644,0,1
3425,PA6250007,0,0.45854121274713644,0,1
3426,PA6250012,0,0.3624682479329699,0,5
3427,PA6250022,0,0.5985147095260838,1,3
3428,PA6250028,0,0.43032202755404586,0,5
3429,PA6250028,0,0.4701529193896208,0,5
3430,PA6250040,0,0.5091786626103035,1,4
3431,PA6250049,0,0.47891268134000053,0,4
3432,PA6250049,0,0.47891268134000053,0,4
3433,PA6250049,0,0.47891268134000053,0,4
3434,PA6250061,0,0.45659142634808036,0,4
3435,PA6250064,0,0.3099040712074806,0,1
3436,PA6250065,0,0.32858526211012945,0,1
3437,PA6250087,0,0.39406168611472636,0,5
3438,PA6250090,0,0.3480385301828988,0,5
3439,PA6250090,0,0.47315745724500957,0,5
3440,PA6250092,0,0.506605010079547,1,3
3441,PA6270008,0,0.3855149925676599,0,4
3442,PA6330002,0,0.13732330908461501,0,1
3443,PA6330002,0,0.13732330908461501,0,1
3444,PA6330004,1,0.13359281455082125,0,1
3445,PA6330010,0,0.30849443588783415,0,2
3446,PA6370011,1,0.22531547575377053,0,3
3447,PA6370034,1,0.32790930756575976,0,3
3448,PA6370035,0,0.3351964082554556,0,4
3449,PA6420014,0,0.08381215716071981,0,5
3450,PA6420019,0,0.3199304656961132,0,4
3451,PA6430037,0,0.3333151202778777,0,1
3452,PA6430054,1,0.3854076049777042,0,1
3453,PA6430055,1,0.3514605970199307,0,4
3454,PA6430059,0,0.4268933311349791,0,2
3455,PA6610020,1,0.4006043850015177,0,4
3456,PA6610020,0,0.4006043850015177,0,4
3457,PA6610023,0,0.34234618681606616,0,2
3458,PA6610031,0,0.7319444235875581,1,3
3459,PA6610031,0,0.7319444235875581,1,3
3460,PA6620020,0,0.31760341409151527,0,3
3461,PA7010019,0,0.30348928763542576,0,3
3462,PA7010019,1,0.31718858463905075,0,3
3463,PA7010019,1,0.33436868167812356,0,3
3464,PA7010019,1,0.33436868167812356,0,3
3465,PA7010019,1,0.33436868167812356,0,3
3466,PA7010019,0,0.3107410266285433,0,3
3467,PA7010019,0,0.31718858463905075,0,3
3468,PA7010022,0,0.6964604761929741,1,5
3469,PA7010022,0,0.6964604761929741,1,5
3470,PA7010022,0,0.6964604761929741,1,5
3471,PA7010022,1,0.6964604761929741,1,5
3472,PA7010022,0,0.6964604761929741,1,5
3473,PA7010022,1,0.6964604761929741,1,5
3474,PA7010022,1,0.6964604761929741,1,5
3475,PA7010025,1,0.6398244702750662,1,2
3476,PA7010025,1,0.5808902802207792,1,2
3477,PA7010952,1,0.4390667288429569,0,4
3478,PA7210002,1,0.6240833165943491,1,5
3479,PA7210028,0,0.5194632819855202,1,4
3480,PA7210028,1,0.5856906705272047,1,4
3481,PA7210028,1,0.6129364785461803,1,4
3482,PA7210028,0,0.6129364785461803,1,4
3483,PA7210029,1,0.5782363292569803,1,5
3484,PA7210029,0,0.5782363292569803,1,5
3485,PA7210041,0,0.22967318525170852,0,4
3486,PA7210043,0,0.13475583680837416,0,3
3487,PA7210043,0,0.122948505831814,0,3
3488,PA7210043,0,0.122948505831814,0,3
3489,PA7210043,0,0.122948505831814,0,3
3490,PA7210046,1,0.10702740891005098,0,2
3491,PA7210046,1,0.10702740891005098,0,2
3492,PA7210049,0,0.6471700423754486,1,1
3493,PA7210049,0,0.5518946375185506,1,1
3494,PA7210050,0,0.37892625918243633,0,5
3495,PA7210050,0,0.37892625918243633,0,5
3496,PA7210050,0,0.37892625918243633,0,5
3497,PA7210063,0,0.5333419797202387,1,1
3498,PA7210063,0,0.5333419797202387,1,1
3499,PA7220015,0,0.3781503092392875,0,3
3500,PA7220015,1,0.3319326917133855,0,3
3501,PA7220017,1,0.3596184733061782,0,2
3502,PA7220034,1,0.2269602584616117,0,4
3503,PA7220034,1,0.26259559517605596,0,4
3504,PA7220036,0,0.39845920438685783,0,1
3505,PA7220038,1,0.6554125106578703,1,1
3506,PA7220038,1,0.6554125106578703,1,1
3507,PA7220038,1,0.6554125106578703,1,1
3508,PA7220038,1,0.6554125106578703,1,1
3509,PA7220038,1,0.6554125106578703,1,1
3510,PA7220049,0,0.3091759088422102,0,5
3511,PA7220059,0,0.25414762689382453,0,1
3512,PA7220059,0,0.25414762689382453,0,1
3513,PA7280005,0,0.24524085524943087,0,4
3514,PA7280014,0,0.46975492830560195,0,3
3515,PA7280026,0,0.5724596479309052,1,3
3516,PA7280026,0,0.5724596479309052,1,3
3517,PA7280026,0,0.5724596479309052,1,3
3518,PA7280026,0,0.5724596479309052,1,3
3519,PA7280026,0,0.5724596479309052,1,3
3520,PA7280032,0,0.44875850259374156,0,2
3521,PA7280032,0,0.40096519054011603,0,2
3522,PA7280038,0,0.5050099705588732,1,4
3523,PA7280038,0,0.5050099705588732,1,4
3524,PA7280038,0,0.5050099705588732,1,4
3525,PA7280043,1,0.22410967330683457,0,4
3526,PA7280043,0,0.17625440080889573,0,4
3527,PA7280045,0,0.42564841554698807,0,3
3528,PA7280369,0,0.36717958524951777,0,4
3529,PA7360017,0,0.3341952853055481,0,3
3530,PA7360017,0,0.31701985430096535,0,3
3531,PA7360025,0,0.43089240113557986,0,1
3532,PA7360045,1,0.33791355534660084,0,4
3533,PA7360045,1,0.4232509596158168,0,4
3534,PA7360045,0,0.36896469069485055,0,4
3535,PA7360058,0,0.3115320224504614,0,5
3536,PA7360058,1,0.3115320224504614,0,5
3537,PA7360078,1,0.7411553157617007,1,5
3538,PA7360083,1,0.8933663834896748,1,3
3539,PA7360091,0,0.6589938051055815,1,4
3540,PA7360091,0,0.7660410548376553,1,4
3541,PA7360099,1,0.748984832649613,1,2
3542,PA7360099,1,0.748984832649613,1,2
3543,PA7360099,1,0.748984832649613,1,2
3544,PA7360099,1,0.748984832649613,1,2
3545,PA7360113,0,0.7609324203269442,1,2
3546,PA7360113,1,0.7609324203269442,1,2
3547,PA7360113,1,0.7609324203269442,1,2
3548,PA7360113,0,0.7609324203269442,1,2
3549,PA7360113,1,0.7609324203269442,1,2
3550,PA7360113,0,0.7609324203269442,1,2
3551,PA7360113,0,0.7609324203269442,1,2
3552,PA7360113,1,0.7609324203269442,1,2
3553,PA7360113,0,0.7609324203269442,1,2
3554,PA7360113,0,0.7287119151087511,1,2
3555,PA7360116,0,0.5797916278318218,1,3
3556,PA7360123,0,0.3546589828003583,0,4
3557,PA7360123,0,0.46195763155102276,0,4
3558,PA7360123,0,0.521912768117654,1,4
3559,PA7360124,1,0.6515054230146268,1,3
3560,PA7360124,0,0.6209652694104603,1,3
3561,PA7360124,1,0.6209652694104603,1,3
3562,PA7360124,1,0.6209652694104603,1,3
3563,PA7360124,1,0.7826701434589193,1,3
3564,PA7360124,1,0.6209652694104603,1,3
3565,PA7360126,1,0.799101397942987,1,1
3566,PA7360127,1,0.42602948721147793,0,3
3567,PA7360128,1,0.6994164952132589,1,4
3568,PA7360128,1,0.722313658793464,1,4
3569,PA7360135,1,0.6843651729337596,1,3
3570,PA7360135,1,0.7184399786960751,1,3
3571,PA7360140,1,0.6528662495985338,1,1
3572,PA7360140,1,0.6528662495985338,1,1
3573,PA7360140,1,0.604154277182796,1,1
3574,PA7360143,0,0.79634550254639,1,5
3575,PA7360143,0,0.7539078508041162,1,5
3576,PA7360345,1,0.5657633110285917,1,2
3577,PA7360345,0,0.5657633110285917,1,2
3578,PA7360345,0,0.5657633110285917,1,2
3579,PA7380010,0,0.31562076482064827,0,5
3580,PA7380025,0,0.5648632177226758,1,5
3581,PA7381001,0,0.8346358793769802,1,1
3582,PA7500030,0,0.20667316523877374,0,2
3583,PA7500030,0,0.20667316523877374,0,2
3584,PA7500030,0,0.20667316523877374,0,2
3585,PA7670061,1,0.579984961250994,1,3
3586,PA7670061,1,0.579984961250994,1,3
3587,PA7670061,1,0.5285999162995639,1,3
3588,PA7670061,1,0.5285999162995639,1,3
3589,PA7670061,1,0.5285999162995639,1,3
3590,PA7670061,0,0.5285999162995639,1,3
3591,PA7670062,1,0.9153689361119387,1,4
3592,PA7670062,1,0.9291829159988053,1,4
3593,PA7670062,1,0.9291829159988053,1,4
3594,PA7670062,1,0.9291829159988053,1,4
3595,PA7670062,1,0.9291829159988053,1,4
3596,PA7670071,0,0.571908105872932,1,1
3597,PA7670071,1,0.571908105872932,1,1
3598,PA7670071,0,0.571908105872932,1,1
3599,PA7670071,0,0.571908105872932,1,1
3600,PA7670073,1,0.6676483359759928,1,2
3601,PA7670073,1,0.7488610327475265,1,2
3602,PA7670073,1,0.7488610327475265,1,2
3603,PA7670073,1,0.7488610327475265,1,2
3604,PA7670073,1,0.7488610327475265,1,2
3605,PA7670073,1,0.7488610327475265,1,2
3606,PA7670073,0,0.7488610327475265,1,2
3607,PA7670073,1,0.7488610327475265,1,2
3608,PA7670073,0,0.8737202276665667,1,2
3609,PA7670076,1,0.4051881527405218,0,2
3610,PA7670082,1,0.8684695431354684,1,1
3611,PA7670082,1,0.9392750867690778,1,1
3612,PA7670082,1,0.9392750867690778,1,1
3613,PA7670082,1,0.9392750867690778,1,1
3614,PA7670082,0,0.9392750867690778,1,1
3615,PA7670085,0,0.8352693238474774,1,3
3616,PA7670086,0,0.7690450209777202,1,3
3617,PA7670088,1,0.8790083564512582,1,5
3618,PA7670088,1,0.8790083564512582,1,5
3619,PA7670088,1,0.8790083564512582,1,5
3620,PA7670088,0,0.8790083564512582,1,5
3621,PA7670088,1,0.8790083564512582,1,5
3622,PA7670088,1,0.8790083564512582,1,5
3623,PA7670088,0,0.8790083564512582,1,5
3624,PA7670088,0,0.8790083564512582,1,5
3625,PA7670097,0,0.3900966299505087,0,4
3626,PA7670100,0,0.574693921761238,1,1
3627,PA7670101,1,0.6028504621036629,1,5
3628,PA7670101,1,0.6028504621036629,1,5
3629,PA7670101,1,0.6028504621036629,1,5
3630,RI1000016,1,0.7307735686514057,1,3
3631,RI1000016,1,0.7307735686514057,1,3
3632,RI1559511,1,0.5312812914760008,1,2
3633,RI1559511,0,0.5312812914760008,1,2
3634,RI1559511,1,0.7079288670353017,1,2
3635,RI1559511,1,0.6678451050732975,1,2
3636,RI1559511,1,0.7202271567112433,1,2
3637,RI1559512,1,0.618411820447864,1,1
3638,RI1559512,1,0.618411820447864,1,1
3639,RI1559512,1,0.618411820447864,1,1
3640,RI1559512,1,0.618411820447864,1,1
3641,RI1559512,0,0.618411820447864,1,1
3642,RI1559512,1,0.618411820447864,1,1
3643,RI1559512,0,0.618411820447864,1,1
3644,RI1559517,0,0.4522052332265036,0,2
3645,RI1559517,0,0.4522052332265036,0,2
3646,RI1559517,0,0.4522052332265036,0,2
3647,RI1559517,1,0.38769955447075694,0,2
3648,RI1559517,1,0.4522052332265036,0,2
3649,RI1559517,1,0.38769955447075694,0,2
3650,RI1559518,1,0.6071476214036902,1,2
3651,RI1583829,0,0.22844402805042982,0,5
3652,RI1583829,0,0.22844402805042982,0,5
3653,RI1592010,1,0.6094741234737003,1,2
3654,RI1592010,0,0.6094741234737003,1,2
3655,RI1592018,0,0.5407424578238179,1,1
3656,RI1592018,0,0.5407424578238179,1,1
3657,RI1592021,1,0.8598422812837735,1,5
3658,RI1592022,0,0.6589109923765002,1,1
3659,RI1592024,0,0.8349470307387826,1,4
3660,RI1592025,1,0.7566038082569688,1,3
3661,RI1592025,1,0.7566038082569688,1,3
3662,RI1592025,1,0.7566038082569688,1,3
3663,RI1615610,0,0.6319328287508493,1,4
3664,RI1615616,0,0.6620620152460752,1,5
3665,RI1615623,0,0.8135274799564962,1,5
3666,RI1615623,1,0.8217483306306671,1,5
3667,RI1615624,0,0.8396781048287256,1,3
3668,RI1615624,0,0.8396781048287256,1,3
3669,RI1615627,0,0.5860057498184303,1,4
3670,RI1615627,0,0.5860057498184303,1,4
3671,RI1615627,0,0.5860057498184303,1,4
3672,RI1647515,0,0.5717444990322444,1,2
3673,RI1647530,0,0.5327988277434493,1,5
3674,RI1647530,1,0.8064383589070654,1,5
3675,RI1647530,1,0.8064383589070654,1,5
3676,RI1647530,1,0.8064383589070654,1,5
3677,RI1647530,1,0.8064383589070654,1,5
3678,RI1858410,0,0.5351982267080082,1,2
3679,RI1858419,1,0.39180140293948323,0,4
3680,RI1858421,1,0.8282582136859428,1,5
3681,RI1858421,1,0.8282582136859428,1,5
3682,RI1858421,1,0.8282582136859428,1,5
3683,RI1858422,1,0.6755358743543061,1,4
3684,RI1858423,0,0.6848173770759101,1,5
3685,RI1858428,0,0.47813381521616666,0,5
3686,RI1858429,0,0.003785429881265121,0,2
3687,RI1858429,1,0.003785429881265121,0,2
3688,RI1858430,0,0.7098628169761226,1,3
3689,RI2980469,0,0.34566593062597495,0,4
3690,VT0005001,0,0.2652676822791461,0,3
3691,VT0005004,0,0.09817128346908005,0,4
3692,VT0005004,0,0.09817128346908005,0,4
3693,VT0005004,0,0.09817128346908005,0,4
3694,VT0005010,0,0.30775173572004383,0,5
3695,VT0005016,0,0.0849526566135673,0,1
3696,VT0005016,0,0.1116550236540349,0,1
3697,VT0005017,0,0.22626727149654446,0,5
3698,VT0005022,0,0.1678395087910525,0,1
3699,VT0005022,0,0.1678395087910525,0,1
3700,VT0005024,0,0.30475403392672107,0,2
3701,VT0005024,0,0.30475403392672107,0,2
3702,VT0005040,0,0.1521952466132587,0,2
3703,VT0005045,0,0.22934148243701272,0,5
3704,VT0005053,0,0.048337916124537,0,2
3705,VT0005059,1,0.49456233664481525,0,1
3706,VT0005060,0,0.41865902989940346,0,1
3707,VT0005065,0,0.35677874179268637,0,4
3708,VT0005066,0,0.5077070214940373,1,4
3709,VT0005079,0,0.28204095932999906,0,4
3710,VT0005084,0,0.25419917681217213,0,4
3711,VT0005087,0,0.37662797256386327,0,2
3712,VT0005091,0,0.23543010295622105,0,5
3713,VT0005098,0,0.6304346931984132,1,4
3714,VT0005102,0,0.43896496012179637,0,5
3715,VT0005130,0,0.32165664413599604,0,4
3716,VT0005130,0,0.32165664413599604,0,4
3717,VT0005160,0,0.1348349875586244,0,2
3718,VT0005202,0,0.06598276804853703,0,4
3719,VT0005211,0,0.1506620179745767,0,5
3720,VT0005211,0,0.1506620179745767,0,5
3721,VT0005229,0,0.09337368132234276,0,4
3722,VT0005254,0,0.09801064002581147,0,5
3723,VT0005272,0,0.08382737218341363,0,1
3724,VT0005275,0,0.07282579458778415,0,2
3725,VT0005284,0,0.10931576966839475,0,4
3726,VT0005284,0,0.28641211625963114,0,4
3727,VT0005290,0,0.317709724205093,0,4
3728,VT0005290,0,0.2193956647098619,0,4
3729,VT0005298,0,0.16314856705044162,0,5
3730,VT0005305,0,0.6534696274066725,1,2
3731,VT0005305,0,0.6534696274066725,1,2
3732,VT0005305,0,0.6534696274066725,1,2
3733,VT0005319,0,0.22270826578762992,0,2
3734,VT0005319,0,0.22270826578762992,0,2
3735,VT0005529,1,0.4719519162662479,0,2
3736,VT0005565,0,0.58083510719672,1,4
3737,VT0005565,0,0.58083510719672,1,4
3738,VT0021079,0,0.08783717826780349,0,5
