source_row_index,PWSID,y_true,y_probability,y_predicted,fold
0,CT0040011,0,0.8337585858626675,1,2
1,CT0040011,1,0.8673924647310174,1,2
2,CT0040011,1,0.8673924647310174,1,2
3,CT0040011,0,0.8337585858626675,1,2
4,CT0040011,1,0.8673924647310174,1,2
5,CT0040011,0,0.8673924647310174,1,2
6,CT0050062,0,0.26590930819643066,0,1
7,CT0070011,0,0.8000470551025782,1,5
8,CT0070011,0,0.7187135266447645,1,5
9,CT0070021,0,0.7316969547902429,1,4
10,CT0070021,0,0.5468473304362415,1,4
11,CT0070021,1,0.7316969547902429,1,4
12,CT0090011,1,0.6232650582119055,1,4
13,CT0150011,1,0.805258787840773,1,1
14,CT0150011,1,0.805258787840773,1,1
15,CT0150011,1,0.7289203540598768,1,1
16,CT0150011,0,0.7289203540598768,1,1
17,CT0150011,0,0.7289203540598768,1,1
18,CT0170011,0,0.8022157517038208,1,2
19,CT0170011,0,0.7235819813522621,1,2
20,CT0170011,1,0.7235819813522621,1,2
21,CT0170011,1,0.7235819813522621,1,2
22,CT0230011,0,0.44279911640755787,0,3
23,CT0230011,1,0.4384471150305968,0,3
24,CT0261031,0,0.3343588522503183,0,5
25,CT0261031,0,0.3260306292316604,0,5
26,CT0280011,1,0.5751774519713572,1,1
27,CT0280011,1,0.53640734131639,1,1
28,CT0280011,1,0.5751774519713572,1,1
29,CT0280011,1,0.53640734131639,1,1
30,CT0320091,0,0.3931722500534011,0,2
31,CT0330011,1,0.7797274688457438,1,4
32,CT0340011,1,0.5965942047935091,1,5
33,CT0340011,1,0.5899995245719293,1,5
34,CT0350011,1,0.577314444716928,1,2
35,CT0350011,1,0.577314444716928,1,2
36,CT0450011,1,0.6885379692086029,1,2
37,CT0450011,0,0.6885379692086029,1,2
38,CT0450011,1,0.6885379692086029,1,2
39,CT0450011,0,0.6885379692086029,1,2
40,CT0450011,1,0.6885379692086029,1,2
41,CT0450011,0,0.6109232097001239,1,2
42,CT0473011,0,0.7225333686151442,1,1
43,CT0473011,1,0.7067395923996427,1,1
44,CT0473011,0,0.6731532914171429,1,1
45,CT0473011,0,0.6731532914171429,1,1
46,CT0473011,1,0.6731532914171429,1,1
47,CT0473011,1,0.6731532914171429,1,1
48,CT0473011,1,0.6254331505738804,1,1
49,CT0490021,1,0.7036544384239539,1,2
50,CT0490021,0,0.74999427686702,1,2
51,CT0490021,1,0.7188425547511423,1,2
52,CT0490021,0,0.6622042812762466,1,2
53,CT0490021,0,0.7036544384239539,1,2
54,CT0490021,0,0.6622042812762466,1,2
55,CT0520011,1,0.8024040034264339,1,1
56,CT0520011,0,0.7763060832356898,1,1
57,CT0520011,0,0.7870599068616476,1,1
58,CT0520011,0,0.7299952070716107,1,1
59,CT0570011,1,0.6806457589244047,1,1
60,CT0570011,1,0.6806457589244047,1,1
61,CT0570011,1,0.6806457589244047,1,1
62,CT0570062,0,0.7160125912067702,1,2
63,CT0580011,1,0.4317762579827889,0,1
64,CT0580011,0,0.45267343620343625,0,1
65,CT0590011,0,0.46409156744493263,0,3
66,CT0608011,1,0.596757275710459,1,4
67,CT0608011,1,0.48814382244914156,0,4
68,CT0608011,1,0.596757275710459,1,4
69,CT0608011,1,0.5589908078576414,1,4
70,CT0608011,1,0.5123390173962451,1,4
71,CT0608011,0,0.5123390173962451,1,4
72,CT0608011,1,0.5123390173962451,1,4
73,CT0608011,0,0.47363986768306526,0,4
74,CT0608011,0,0.702588467925268,1,4
75,CT0640011,0,0.5223307268293025,1,5
76,CT0640011,0,0.5223307268293025,1,5
77,CT0640011,0,0.6432191617593603,1,5
78,CT0690011,1,0.8147052316809804,1,1
79,CT0690011,1,0.8087414899645164,1,1
80,CT0740011,0,0.6650991144372883,1,5
81,CT0740011,0,0.6650991144372883,1,5
82,CT0740011,0,0.5715976793013523,1,5
83,CT0770021,0,0.3900418324228504,0,3
84,CT0770021,1,0.4265200353228088,0,3
85,CT0770021,0,0.4265200353228088,0,3
86,CT0770021,1,0.5067905165008229,1,3
87,CT0770021,1,0.5000677909835924,1,3
88,CT0770021,1,0.41995546112693116,0,3
89,CT0770021,1,0.4265200353228088,0,3
90,CT0780021,1,0.12444934885163926,0,2
91,CT0780021,1,0.17454489926816763,0,2
92,CT0800011,0,0.7863354804804654,1,2
93,CT0800011,1,0.8633980626462687,1,2
94,CT0800011,0,0.6898264672982553,1,2
95,CT0800011,0,0.6898264672982553,1,2
96,CT0800011,1,0.8633980626462687,1,2
97,CT0800011,0,0.843426931948329,1,2
98,CT0800011,0,0.8334091808502984,1,2
99,CT0810054,0,0.5205142070824393,1,2
100,CT0830011,0,0.5670802894777126,1,5
101,CT0830011,0,0.5994858318815374,1,5
102,CT0880011,0,0.45974899350519943,0,2
103,CT0890011,0,0.6864106655726827,1,3
104,CT0900011,1,0.542579734160357,1,1
105,CT0920011,0,0.5855918088655683,1,4
106,CT0920011,0,0.5385080159979826,1,4
107,CT0930011,0,0.7620925100296099,1,3
108,CT0930011,0,0.7620925100296099,1,3
109,CT0930011,0,0.7620925100296099,1,3
110,CT0930011,1,0.7222519736629067,1,3
111,CT0930011,1,0.7222519736629067,1,3
112,CT0930011,1,0.7222519736629067,1,3
113,CT0930011,0,0.7222519736629067,1,3
114,CT0930011,0,0.7222519736629067,1,3
115,CT0930011,0,0.7222519736629067,1,3
116,CT0930011,1,0.7222519736629067,1,3
117,CT0930011,1,0.7184519044927525,1,3
118,CT0950011,0,0.4524915955684835,0,1
119,CT0960011,0,0.7479489496926474,1,4
120,CT0960011,0,0.7479489496926474,1,4
121,CT0960011,1,0.7479489496926474,1,4
122,CT0960011,1,0.7479489496926474,1,4
123,CT0960011,1,0.7479489496926474,1,4
124,CT0970011,1,0.7096692303578673,1,2
125,CT0970011,1,0.7096692303578673,1,2
126,CT1030011,1,0.739618269888365,1,3
127,CT1030011,1,0.667678381708247,1,3
128,CT1030021,0,0.5687172279043579,1,3
129,CT1040011,1,0.49385720523284926,0,2
130,CT1040011,1,0.49385720523284926,0,2
131,CT1040011,1,0.5984036536048492,1,2
132,CT1100011,1,0.9096887281035021,1,4
133,CT1100011,0,0.9096887281035021,1,4
134,CT1110011,0,0.5752028781446695,1,3
135,CT1110011,0,0.6253067634842444,1,3
136,CT1130011,1,0.58766376345556,1,3
137,CT1160011,1,0.6485417759328947,1,4
138,CT1160011,1,0.8439595288353011,1,4
139,CT1160011,0,0.6485417759328947,1,4
140,CT1180011,1,0.6245517653384121,1,1
141,CT1180011,1,0.6245517653384121,1,1
142,CT1180011,1,0.6245517653384121,1,1
143,CT1180011,1,0.5584122328794254,1,1
144,CT1240011,0,0.85926393760612,1,3
145,CT1240011,1,0.85926393760612,1,3
146,CT1240011,1,0.85926393760612,1,3
147,CT1240011,1,0.8065298993888524,1,3
148,CT1280021,1,0.8349576693657135,1,1
149,CT1280021,1,0.8349576693657135,1,1
150,CT1280021,1,0.8349576693657135,1,1
151,CT1300021,0,0.8261714779928077,1,1
152,CT1310011,1,0.5509257393096391,1,3
153,CT1310011,1,0.5717859615008174,1,3
154,CT1310011,1,0.5509257393096391,1,3
155,CT1310011,0,0.5509257393096391,1,3
156,CT1310011,0,0.5509257393096391,1,3
157,CT1310011,1,0.5509257393096391,1,3
158,CT1310011,1,0.5232397212451121,1,3
159,CT1350011,1,0.505887376755366,1,4
160,CT1350011,0,0.505887376755366,1,4
161,CT1370011,0,0.7652258135766927,1,4
162,CT1370011,0,0.4979208860108379,0,4
163,CT1400011,0,0.5218763915886023,1,2
164,CT1430011,0,0.43053939459274243,0,3
165,CT1510011,0,0.7822836964219516,1,1
166,CT1520071,0,0.6465286479072132,1,2
167,CT1530011,0,0.8089357461944818,1,3
168,CT1530021,0,0.8327228259748544,1,3
169,CT1620011,0,0.3352266271911601,0,1
170,CT1630011,1,0.2735321404159635,0,1
171,CT1666011,1,0.5756454648001489,1,1
172,MA1004000,0,0.3786435226436855,0,1
173,MA1005000,0,0.7358490722694324,1,3
174,MA1008000,0,0.16768357252505647,0,3
175,MA1008000,0,0.13025783129398597,0,3
176,MA1008000,0,0.13025783129398597,0,3
177,MA1008000,0,0.16631043774911336,0,3
178,MA1008000,0,0.13025783129398597,0,3
179,MA1015000,0,0.5250776153504879,1,5
180,MA1015000,0,0.51825786482427,1,5
181,MA1024000,0,0.5211994497481044,1,3
182,MA1024000,0,0.5211994497481044,1,3
183,MA1061000,0,0.4009588839822344,0,2
184,MA1070000,0,0.4324333615124539,0,3
185,MA1070000,0,0.4324333615124539,0,3
186,MA1074001,0,0.36547317584631045,0,1
187,MA1085000,0,0.6471678906994592,1,2
188,MA1087000,0,0.4748873640733921,0,4
189,MA1087000,0,0.4748873640733921,0,4
190,MA1087000,0,0.49906614055017123,0,4
191,MA1087000,0,0.4748873640733921,0,4
192,MA1113000,0,0.3465057721927451,0,2
193,MA1114000,0,0.3136548753362576,0,1
194,MA1114000,0,0.38348635699252703,0,1
195,MA1117002,0,0.4349953707439569,0,2
196,MA1117002,0,0.4799263300573819,0,2
197,MA1127000,0,0.3212148112827264,0,3
198,MA1127000,1,0.43870870220334096,0,3
199,MA1127000,0,0.3212148112827264,0,3
200,MA1137000,0,0.4445685636505641,0,3
201,MA1137000,0,0.4445685636505641,0,3
202,MA1150000,0,0.2672531141730172,0,1
203,MA1152000,0,0.4342696795919175,0,3
204,MA1159000,0,0.6066077204997565,1,2
205,MA1191000,0,0.44803005562280945,0,2
206,MA1191000,0,0.44803005562280945,0,2
207,MA1191000,0,0.44803005562280945,0,2
208,MA1192000,0,0.37770020800439946,0,5
209,MA1192000,0,0.3684388943943367,0,5
210,MA1209000,1,0.23891144362419225,0,4
211,MA1214000,0,0.2733710271194413,0,4
212,MA1214000,0,0.3259201884939869,0,4
213,MA1214000,0,0.2733710271194413,0,4
214,MA1223000,0,0.6878763667704356,1,5
215,MA1223000,0,0.6878763667704356,1,5
216,MA1223000,0,0.6878763667704356,1,5
217,MA1223000,0,0.42056670124155116,0,5
218,MA1227000,0,0.40075673924163485,0,3
219,MA1227000,0,0.3806462111122048,0,3
220,MA1227000,0,0.40075673924163485,0,3
221,MA1236000,0,0.24169855013305858,0,2
222,MA1236000,0,0.24169855013305858,0,2
223,MA1275000,0,0.2832991302150577,0,3
224,MA1275001,0,0.34799770217524295,0,4
225,MA1275001,0,0.34799770217524295,0,4
226,MA1276000,0,0.35272695725014835,0,2
227,MA1276000,0,0.39002200362856937,0,2
228,MA1279000,0,0.7511878778965304,1,3
229,MA1279000,0,0.7511878778965304,1,3
230,MA1281000,0,0.22414306558201083,0,1
231,MA1309000,0,0.48195533417290704,0,3
232,MA1309000,1,0.4047339175693985,0,3
233,MA1325000,0,0.6110025282265351,1,1
234,MA1329000,0,0.7254280750950716,1,3
235,MA1329000,0,0.7415320846285082,1,3
236,MA1329000,0,0.6360468869907092,1,3
237,MA1329000,0,0.6360468869907092,1,3
238,MA1329000,1,0.7415320846285082,1,3
239,MA1329000,0,0.7415320846285082,1,3
240,MA1337010,0,0.4247748005619094,0,2
241,MA1339000,0,0.4554330654599238,0,1
242,MA1341000,0,0.12744483535365825,0,4
243,MA1341000,0,0.12744483535365825,0,4
244,MA1341000,0,0.12744483535365825,0,4
245,MA1341010,0,0.25899374051070745,0,2
246,MA2002000,1,0.331450319444215,0,2
247,MA2002000,1,0.331450319444215,0,2
248,MA2002000,1,0.5943255963257863,1,2
249,MA2011000,0,0.507741278642141,1,4
250,MA2011004,0,0.22789690372023289,0,1
251,MA2017000,1,0.5116069932088808,1,5
252,MA2017000,0,0.4962368905396769,0,5
253,MA2017000,0,0.49060406609048013,0,5
254,MA2017000,0,0.49060406609048013,0,5
255,MA2017000,1,0.49060406609048013,0,5
256,MA2019000,1,0.7984818434653282,1,1
257,MA2019000,1,0.878589745821583,1,1
258,MA2019001,1,0.3550891285071765,0,4
259,MA2019001,1,0.3550891285071765,0,4
260,MA2019001,0,0.3550891285071765,0,4
261,MA2021000,0,0.37968001907454124,0,5
262,MA2025000,1,0.6010565678898084,1,2
263,MA2025000,1,0.6010565678898084,1,2
264,MA2032000,0,0.4354551457506611,0,5
265,MA2064000,0,0.38311234559879886,0,1
266,MA2080000,0,0.6365111150566458,1,1
267,MA2080006,0,0.4287890543451846,0,5
268,MA2097000,1,0.1964466116359743,0,1
269,MA2097000,1,0.1964466116359743,0,1
270,MA2101000,1,0.5942022590706646,1,2
271,MA2101000,1,0.5942022590706646,1,2
272,MA2101000,1,0.5942022590706646,1,2
273,MA2101000,0,0.5942022590706646,1,2
274,MA2101000,1,0.5942022590706646,1,2
275,MA2101000,0,0.4742807603248008,0,2
276,MA2101000,0,0.5762501462641466,1,2
277,MA2103000,0,0.22853189451025926,0,4
278,MA2103000,0,0.5185278611434878,1,4
279,MA2110000,1,0.48739486783375935,0,3
280,MA2110000,1,0.48739486783375935,0,3
281,MA2110000,0,0.48739486783375935,0,3
282,MA2110000,0,0.48739486783375935,0,3
283,MA2115000,0,0.23490529839937443,0,2
284,MA2115000,1,0.23490529839937443,0,2
285,MA2134000,1,0.5823261131160576,1,4
286,MA2134000,1,0.6056657494223112,1,4
287,MA2134000,0,0.6056657494223112,1,4
288,MA2134000,1,0.3196011844481307,0,4
289,MA2136000,0,0.402747421110168,0,5
290,MA2136000,1,0.402747421110168,0,5
291,MA2136000,1,0.402747421110168,0,5
292,MA2136000,1,0.402747421110168,0,5
293,MA2138000,1,0.31954690983323214,0,1
294,MA2139000,0,0.6561635530676355,1,2
295,MA2139000,1,0.6209942039459202,1,2
296,MA2139000,1,0.6209942039459202,1,2
297,MA2139000,1,0.6382407482496815,1,2
298,MA2141000,0,0.4403949897168457,0,5
299,MA2141000,1,0.5465506709760102,1,5
300,MA2147000,0,0.5606169688915581,1,5
301,MA2147000,0,0.5606169688915581,1,5
302,MA2151001,0,0.7094010809398517,1,3
303,MA2151001,1,0.5256677483693669,1,3
304,MA2153000,0,0.5167463282015898,1,2
305,MA2153000,0,0.5167463282015898,1,2
306,MA2153000,0,0.5167463282015898,1,2
307,MA2153000,1,0.5733678932427423,1,2
308,MA2158000,0,0.40786964306683887,0,3
309,MA2162000,1,0.4597075762531522,0,4
310,MA2162000,1,0.386876585240009,0,4
311,MA2170000,0,0.2967831530162252,0,2
312,MA2174000,1,0.5517171946973256,1,4
313,MA2174000,0,0.5517171946973256,1,4
314,MA2174000,0,0.5517171946973256,1,4
315,MA2175000,0,0.5765836685951743,1,2
316,MA2175000,0,0.5945315938391112,1,2
317,MA2175000,1,0.6324135789136448,1,2
318,MA2177000,1,0.606142989371653,1,1
319,MA2177000,1,0.6429629361898512,1,1
320,MA2185000,1,0.6267171311658055,1,2
321,MA2185000,1,0.6646393415934202,1,2
322,MA2186000,1,0.528360886807134,1,4
323,MA2186000,1,0.40923695797790094,0,4
324,MA2186000,0,0.745281435634378,1,4
325,MA2187000,0,0.5560036977783741,1,3
326,MA2187000,1,0.4828081106563715,0,3
327,MA2187000,0,0.4828081106563715,0,3
328,MA2187000,0,0.4828081106563715,0,3
329,MA2208000,0,0.6846238578374277,1,2
330,MA2208000,1,0.6846238578374277,1,2
331,MA2208000,0,0.6846238578374277,1,2
332,MA2208001,0,0.21500381240154445,0,2
333,MA2212000,0,0.1641688977687986,0,1
334,MA2215000,0,0.34002765342190755,0,5
335,MA2216000,0,0.6877662299079415,1,3
336,MA2216000,0,0.6633087987792268,1,3
337,MA2216006,0,0.26219146005056043,0,4
338,MA2226000,0,0.47022247668308553,0,2
339,MA2226000,0,0.47022247668308553,0,2
340,MA2226000,1,0.47022247668308553,0,2
341,MA2228000,1,0.3558460228451487,0,2
342,MA2232000,1,0.6496529716002135,1,5
343,MA2232000,0,0.6302966563468455,1,5
344,MA2232000,1,0.6210226311860774,1,5
345,MA2257000,0,0.2165701104891155,0,2
346,MA2270000,1,0.5937048445414093,1,4
347,MA2270000,0,0.5937048445414093,1,4
348,MA2270001,1,0.43326272449888237,0,1
349,MA2271000,1,0.545549597059588,1,5
350,MA2277000,0,0.3233842339739898,0,3
351,MA2278000,1,0.3240784112204227,0,4
352,MA2280000,0,0.4208023417798662,0,4
353,MA2280000,0,0.4208023417798662,0,4
354,MA2282000,0,0.3763848710012562,0,3
355,MA2282000,1,0.3763848710012562,0,3
356,MA2287000,0,0.30830798469301146,0,2
357,MA2287000,0,0.39332758972200355,0,2
358,MA2294000,1,0.41224777610860425,0,4
359,MA2294000,0,0.3890087981750527,0,4
360,MA2294000,0,0.3890087981750527,0,4
361,MA2294000,0,0.41224777610860425,0,4
362,MA2299000,0,0.4720442612571267,0,3
363,MA2299000,0,0.3525978873602033,0,3
364,MA2299000,0,0.3525978873602033,0,3
365,MA2299000,1,0.3525978873602033,0,3
366,MA2299000,1,0.3525978873602033,0,3
367,MA2303000,0,0.49257582031925995,0,3
368,MA2303000,0,0.49257582031925995,0,3
369,MA2303000,0,0.49257582031925995,0,3
370,MA2304000,0,0.3898731443758204,0,1
371,MA2304000,0,0.3898731443758204,0,1
372,MA2304000,1,0.3898731443758204,0,1
373,MA2316000,1,0.6378305524716222,1,3
374,MA2316000,0,0.6378305524716222,1,3
375,MA2321000,1,0.6580858053200259,1,5
376,MA2321000,1,0.6580858053200259,1,5
377,MA2321000,0,0.6580858053200259,1,5
378,MA2321000,1,0.34546467655523266,0,5
379,MA2328000,1,0.6437217871457227,1,2
380,MA2328000,0,0.6437217871457227,1,2
381,MA2328000,0,0.6473685066193893,1,2
382,MA2328000,0,0.6063208627731635,1,2
383,MA2328000,1,0.6569393160620086,1,2
384,MA2332000,0,0.3664803154812429,0,1
385,MA2343000,0,0.3253414060934589,0,2
386,MA2348000,1,0.36344469308819904,0,1
387,MA3007000,0,0.45824084925761943,0,1
388,MA3009000,0,0.5405904272049132,1,2
389,MA3010000,0,0.3017718096056574,0,3
390,MA3014000,1,0.6665374498524024,1,2
391,MA3023000,0,0.280312355021244,0,1
392,MA3023002,0,0.1376298274886481,0,1
393,MA3023002,0,0.1376298274886481,0,1
394,MA3026000,0,0.31958791203924836,0,4
395,MA3030000,1,0.6901234362721567,1,3
396,MA3031000,1,0.3551240142963297,0,1
397,MA3035000,0,0.2801533339987479,0,3
398,MA3046000,0,0.3192696468372388,0,4
399,MA3048000,0,0.48542232013578956,0,1
400,MA3048000,1,0.7737671165839642,1,1
401,MA3049000,1,0.45901439196668536,0,3
402,MA3056000,1,0.5251447042206806,1,1
403,MA3056000,1,0.4770431140416498,0,1
404,MA3056000,1,0.5251447042206806,1,1
405,MA3056000,1,0.43382465433318523,0,1
406,MA3056002,0,0.7481791577713275,1,5
407,MA3057000,0,0.2959832185713232,0,1
408,MA3067000,1,0.3245391922001364,0,1
409,MA3067000,1,0.4934541125965574,0,1
410,MA3067000,1,0.4934541125965574,0,1
411,MA3067000,0,0.4934541125965574,0,1
412,MA3067000,1,0.4934541125965574,0,1
413,MA3067000,0,0.5386563586798511,1,1
414,MA3071000,0,0.45940758446901375,0,2
415,MA3071000,1,0.6140676576409341,1,2
416,MA3073000,0,0.33782314871146024,0,5
417,MA3073000,1,0.5720253228512547,1,5
418,MA3073000,1,0.5816907312002465,1,5
419,MA3079000,1,0.5603948702896848,1,2
420,MA3079000,1,0.5305397226053831,1,2
421,MA3079000,1,0.5305397226053831,1,2
422,MA3079001,0,0.6428441811627759,1,2
423,MA3079001,0,0.6428441811627759,1,2
424,MA3093000,0,0.32444145691691717,0,4
425,MA3100000,0,0.38239836264678356,0,1
426,MA3105000,0,0.4643203727200643,0,1
427,MA3107000,0,0.4027280702318858,0,2
428,MA3107000,0,0.4027280702318858,0,2
429,MA3116000,1,0.5500004964093642,1,3
430,MA3116000,1,0.5500004964093642,1,3
431,MA3119000,1,0.47283094989826013,0,3
432,MA3119000,1,0.5007097567913615,1,3
433,MA3128000,0,0.24764610630295983,0,2
434,MA3144000,1,0.49210353902496656,0,1
435,MA3144000,0,0.49210353902496656,0,1
436,MA3144000,0,0.49210353902496656,0,1
437,MA3144000,0,0.39648132484312315,0,1
438,MA3144000,1,0.49210353902496656,0,1
439,MA3149000,1,0.2957014860448153,0,2
440,MA3155000,0,0.40023217137117617,0,1
441,MA3157000,1,0.3627037757400556,0,3
442,MA3157000,0,0.4071283381655486,0,3
443,MA3160000,1,0.6079064791242653,1,3
444,MA3163000,1,0.4713550701299998,0,5
445,MA3164000,1,0.6616571988082803,1,1
446,MA3164000,0,0.49533827865168983,0,1
447,MA3164000,1,0.45617104920237195,0,1
448,MA3164001,0,0.3145880870154078,0,4
449,MA3165000,0,0.32080789117758035,0,3
450,MA3166000,1,0.482732833838904,0,5
451,MA3166000,1,0.4384086618366494,0,5
452,MA3168000,0,0.25610456314357316,0,2
453,MA3176000,0,0.38968648308030285,0,5
454,MA3178000,0,0.2683631152765943,0,5
455,MA3180000,1,0.42704285244405915,0,1
456,MA3180000,0,0.45615485963004226,0,1
457,MA3181000,1,0.3919697529151067,0,2
458,MA3184000,1,0.6897250429145321,1,3
459,MA3189000,0,0.37390555991056734,0,2
460,MA3196000,0,0.25965575121170176,0,1
461,MA3198000,1,0.6906107659115192,1,3
462,MA3198000,1,0.75334726007441,1,3
463,MA3198000,1,0.75334726007441,1,3
464,MA3198000,1,0.8038129798940009,1,3
465,MA3199000,0,0.33409886456728877,0,5
466,MA3199000,1,0.5979782595909573,1,5
467,MA3206000,1,0.2782785455076008,0,1
468,MA3206000,1,0.4689788582567596,0,1
469,MA3207000,0,0.24423715944540514,0,5
470,MA3210000,0,0.3611260894556736,0,1
471,MA3213000,1,0.6935318526920516,1,1
472,MA3229000,0,0.33063104694098233,0,3
473,MA3229000,1,0.5450826078374168,1,3
474,MA3229000,1,0.5962454074459846,1,3
475,MA3243000,0,0.25878826268279065,0,1
476,MA3246000,0,0.26698703440394966,0,3
477,MA3248000,1,0.2693882583341736,0,4
478,MA3252000,0,0.46567849440682324,0,1
479,MA3254000,1,0.6140213500113388,1,5
480,MA3254000,0,0.5535652275058837,1,5
481,MA3258000,1,0.6560479199955633,1,5
482,MA3259000,0,0.7678746997600767,1,3
483,MA3259000,1,0.7473874580126302,1,3
484,MA3262000,0,0.2972498174665806,0,4
485,MA3274000,0,0.3275633317048085,0,4
486,MA3284000,0,0.38388656809821525,0,4
487,MA3288000,1,0.4175979419093098,0,5
488,MA3288000,1,0.4175979419093098,0,5
489,MA3288000,1,0.4175979419093098,0,5
490,MA3288000,0,0.4175979419093098,0,5
491,MA3288000,1,0.4175979419093098,0,5
492,MA3291000,0,0.2669839424642788,0,1
493,MA3295000,1,0.7440364050792546,1,4
494,MA3298000,1,0.5618227835737125,1,3
495,MA3301000,1,0.6895538634541781,1,4
496,MA3301000,0,0.65677545020952,1,4
497,MA3305000,0,0.3629931918614033,0,1
498,MA3305000,1,0.5150708690511963,1,1
499,MA3308000,0,0.34402191622950173,0,2
500,MA3314000,0,0.2870254575120825,0,1
501,MA3315000,0,0.5645674268987713,1,4
502,MA3315000,0,0.575235014724263,1,4
503,MA3315000,1,0.7113268720572573,1,4
504,MA3315000,1,0.575235014724263,1,4
505,MA3317000,1,0.6085030368646335,1,3
506,MA3317000,1,0.6085030368646335,1,3
507,MA3317000,1,0.7739480394861246,1,3
508,MA3317000,0,0.3073200341787424,0,3
509,MA3320000,1,0.49843380701368506,0,4
510,MA3324000,0,0.750861925554195,1,1
511,MA3330000,1,0.3475845549234486,0,2
512,MA3330000,1,0.3475845549234486,0,2
513,MA3330019,1,0.44498904424341656,0,4
514,MA3333000,0,0.37992394965544773,0,2
515,MA3342000,0,0.29433755679635143,0,3
516,MA3342000,0,0.5591613743555227,1,3
517,MA3342000,0,0.5937025308081494,1,3
518,MA3344000,0,0.6561990503362047,1,5
519,MA3344000,0,0.49677415654063894,0,5
520,MA3346000,0,0.3224474080502322,0,2
521,MA3347000,0,0.28296017418809055,0,5
522,MA3347000,1,0.5182176306105066,1,5
523,MA4001000,0,0.6535553838291694,1,2
524,MA4001000,1,0.7035713216585674,1,2
525,MA4001000,1,0.5892085066206051,1,2
526,MA4003000,0,0.464653440705878,0,5
527,MA4016000,1,0.6874375377835256,1,3
528,MA4016000,1,0.6874375377835256,1,3
529,MA4018000,1,0.48518764364638706,0,4
530,MA4018000,0,0.49879405863322857,0,4
531,MA4020000,0,0.47672428599425826,0,4
532,MA4020000,1,0.47672428599425826,0,4
533,MA4020000,1,0.47672428599425826,0,4
534,MA4020002,1,0.5791733628518503,1,4
535,MA4020002,0,0.5791733628518503,1,4
536,MA4020002,0,0.5791733628518503,1,4
537,MA4020002,0,0.5791733628518503,1,4
538,MA4020002,0,0.5791733628518503,1,4
539,MA4020002,0,0.5791733628518503,1,4
540,MA4020002,0,0.5791733628518503,1,4
541,MA4020002,0,0.5791733628518503,1,4
542,MA4020002,0,0.5791733628518503,1,4
543,MA4020002,0,0.5791733628518503,1,4
544,MA4020002,0,0.5791733628518503,1,4
545,MA4020002,1,0.5791733628518503,1,4
546,MA4020002,1,0.5791733628518503,1,4
547,MA4020002,0,0.5791733628518503,1,4
548,MA4020003,0,0.4781111356953503,0,4
549,MA4020003,0,0.4781111356953503,0,4
550,MA4020003,0,0.4781111356953503,0,4
551,MA4020003,0,0.4781111356953503,0,4
552,MA4020003,0,0.4781111356953503,0,4
553,MA4020004,1,0.4107048926429,0,2
554,MA4020004,1,0.4298299955025383,0,2
555,MA4020004,1,0.34135982906477663,0,2
556,MA4036000,0,0.25679630008730486,0,4
557,MA4036000,0,0.25679630008730486,0,4
558,MA4036000,0,0.25679630008730486,0,4
559,MA4036000,0,0.25679630008730486,0,4
560,MA4036000,1,0.25679630008730486,0,4
561,MA4036000,0,0.25679630008730486,0,4
562,MA4036000,0,0.25679630008730486,0,4
563,MA4036001,0,0.2573884312224329,0,4
564,MA4036001,0,0.2573884312224329,0,4
565,MA4036001,0,0.2573884312224329,0,4
566,MA4036001,0,0.2573884312224329,0,4
567,MA4036001,0,0.2573884312224329,0,4
568,MA4036002,1,0.47357237073098757,0,3
569,MA4036002,0,0.4947303662523907,0,3
570,MA4040000,1,0.54139915439596,1,4
571,MA4041000,0,0.09639579798833,0,4
572,MA4041000,0,0.09639579798833,0,4
573,MA4041000,0,0.09639579798833,0,4
574,MA4041000,0,0.09639579798833,0,4
575,MA4041000,0,0.09639579798833,0,4
576,MA4042000,1,0.7438437406105671,1,2
577,MA4042000,1,0.6662667099270162,1,2
578,MA4042000,1,0.7122197051439103,1,2
579,MA4044000,0,0.5622191971707599,1,5
580,MA4050000,0,0.2672526742841746,0,1
581,MA4050000,1,0.6274468965157203,1,1
582,MA4050000,1,0.43202684985779743,0,1
583,MA4055000,0,0.1923502915159935,0,3
584,MA4055000,0,0.22691970056979122,0,3
585,MA4055000,0,0.1923502915159935,0,3
586,MA4055000,0,0.19656269458226372,0,3
587,MA4055000,0,0.21028839709342637,0,3
588,MA4065000,0,0.4819130778398432,0,1
589,MA4072000,0,0.532514756591373,1,4
590,MA4072000,1,0.6278148417456137,1,4
591,MA4072000,1,0.6278148417456137,1,4
592,MA4072000,0,0.6278148417456137,1,4
593,MA4075000,0,0.3528513901485463,0,3
594,MA4075000,0,0.3528513901485463,0,3
595,MA4075000,0,0.3528513901485463,0,3
596,MA4075000,0,0.3528513901485463,0,3
597,MA4075000,0,0.3528513901485463,0,3
598,MA4075000,0,0.3528513901485463,0,3
599,MA4075000,0,0.3528513901485463,0,3
600,MA4075000,1,0.3528513901485463,0,3
601,MA4075000,0,0.3528513901485463,0,3
602,MA4076000,1,0.41824082358152964,0,2
603,MA4076004,0,0.2580436333414884,0,4
604,MA4082000,1,0.6684531450611428,1,5
605,MA4082000,0,0.6684531450611428,1,5
606,MA4082000,0,0.6684531450611428,1,5
607,MA4082000,1,0.6684531450611428,1,5
608,MA4082000,0,0.6684531450611428,1,5
609,MA4082000,0,0.6684531450611428,1,5
610,MA4082000,0,0.6405090019345987,1,5
611,MA4082000,0,0.6684531450611428,1,5
612,MA4083000,0,0.6117662055444919,1,5
613,MA4083000,1,0.6117662055444919,1,5
614,MA4086095,0,0.501393437925291,1,3
615,MA4086095,0,0.501393437925291,1,3
616,MA4088000,0,0.31480581045617884,0,1
617,MA4088000,1,0.31480581045617884,0,1
618,MA4088000,1,0.31480581045617884,0,1
619,MA4088000,1,0.31480581045617884,0,1
620,MA4089000,0,0.10101774718227419,0,2
621,MA4089000,0,0.10101774718227419,0,2
622,MA4089000,0,0.10101774718227419,0,2
623,MA4089000,0,0.10101774718227419,0,2
624,MA4089000,0,0.10101774718227419,0,2
625,MA4094000,0,0.35788974900366216,0,1
626,MA4095000,0,0.4464484570680614,0,3
627,MA4096000,0,0.307170437063941,0,2
628,MA4096000,0,0.5648390341872991,1,2
629,MA4096000,0,0.3582344012762314,0,2
630,MA4096000,0,0.4932449257986585,0,2
631,MA4096001,0,0.3053030794754804,0,1
632,MA4099000,1,0.8204673120691273,1,1
633,MA4099000,1,0.8204673120691273,1,1
634,MA4099000,1,0.8204673120691273,1,1
635,MA4118000,1,0.46666765708693314,0,5
636,MA4118000,1,0.46666765708693314,0,5
637,MA4118000,0,0.4876267923335091,0,5
638,MA4118000,0,0.4876267923335091,0,5
639,MA4122000,1,0.6908352678192933,1,4
640,MA4122000,1,0.6908352678192933,1,4
641,MA4122000,1,0.6133513315708297,1,4
642,MA4123000,1,0.5541194978892126,1,5
643,MA4126000,0,0.30861301170843536,0,3
644,MA4126000,0,0.30861301170843536,0,3
645,MA4126000,0,0.30861301170843536,0,3
646,MA4126000,0,0.30861301170843536,0,3
647,MA4126000,0,0.30861301170843536,0,3
648,MA4131000,1,0.4184931760621284,0,2
649,MA4131000,1,0.4184931760621284,0,2
650,MA4133000,1,0.6375139520337794,1,2
651,MA4145000,0,0.4333809193898005,0,3
652,MA4145000,0,0.4333809193898005,0,3
653,MA4145000,0,0.4333809193898005,0,3
654,MA4145000,0,0.5325111228425443,1,3
655,MA4145000,0,0.5325111228425443,1,3
656,MA4167000,0,0.8951674871070349,1,5
657,MA4167000,0,0.8951674871070349,1,5
658,MA4167000,1,0.8951674871070349,1,5
659,MA4169000,0,0.7114192226335633,1,4
660,MA4171000,0,0.7913012252900096,1,5
661,MA4171000,1,0.702959474492386,1,5
662,MA4171000,1,0.7854954032006913,1,5
663,MA4171000,1,0.7913012252900096,1,5
664,MA4171000,0,0.7913012252900096,1,5
665,MA4171000,0,0.7913012252900096,1,5
666,MA4171000,1,0.7808544558337044,1,5
667,MA4171000,0,0.7913012252900096,1,5
668,MA4171000,1,0.7913012252900096,1,5
669,MA4171000,0,0.7913012252900096,1,5
670,MA4171000,0,0.7913012252900096,1,5
671,MA4171000,0,0.7913012252900096,1,5
672,MA4171000,0,0.7913012252900096,1,5
673,MA4171000,1,0.7003914853652021,1,5
674,MA4171000,1,0.6946250880455287,1,5
675,MA4171000,0,0.6946250880455287,1,5
676,MA4172039,0,0.27149067755172235,0,5
677,MA4172039,0,0.3767305721397508,0,5
678,MA4172039,0,0.3767305721397508,0,5
679,MA4172039,0,0.2864536523170952,0,5
680,MA4172039,0,0.3767305721397508,0,5
681,MA4172039,1,0.29207244653252235,0,5
682,MA4173000,0,0.521232534967325,1,4
683,MA4173001,0,0.00018783616831329904,0,2
684,MA4173001,0,0.000357661580630179,0,2
685,MA4182000,1,0.71167188365353,1,5
686,MA4182000,0,0.71167188365353,1,5
687,MA4182000,1,0.72860221113372,1,5
688,MA4182000,0,0.72860221113372,1,5
689,MA4182000,0,0.72860221113372,1,5
690,MA4182000,0,0.72860221113372,1,5
691,MA4182000,0,0.72860221113372,1,5
692,MA4182000,1,0.72860221113372,1,5
693,MA4182000,1,0.72860221113372,1,5
694,MA4182000,0,0.72860221113372,1,5
695,MA4197000,0,0.17500164634378565,0,4
696,MA4197000,0,0.17500164634378565,0,4
697,MA4197000,0,0.17500164634378565,0,4
698,MA4201000,1,0.314515239117552,0,1
699,MA4211000,0,0.7996413820556969,1,3
700,MA4211000,1,0.768866786027436,1,3
701,MA4211000,1,0.8169288132987762,1,3
702,MA4211000,1,0.783580187413463,1,3
703,MA4218000,1,0.5017348516611876,1,4
704,MA4218000,1,0.5017348516611876,1,4
705,MA4218000,0,0.5633848938239234,1,4
706,MA4219000,1,0.6307139563487852,1,4
707,MA4219000,1,0.6524701969779263,1,4
708,MA4219000,1,0.6524701969779263,1,4
709,MA4220000,0,0.4193147898609422,0,1
710,MA4221000,0,0.3829594424597108,0,5
711,MA4221000,1,0.36853782203976765,0,5
712,MA4221000,0,0.36853782203976765,0,5
713,MA4221000,0,0.36853782203976765,0,5
714,MA4221000,0,0.36853782203976765,0,5
715,MA4224000,0,0.3231585129440143,0,3
716,MA4224000,0,0.2962823884560154,0,3
717,MA4231000,1,0.5906695276584515,1,5
718,MA4231000,1,0.5906695276584515,1,5
719,MA4231000,0,0.5604800972867813,1,5
720,MA4238000,1,0.4669955738575603,0,4
721,MA4238000,1,0.45614421994354654,0,4
722,MA4239000,0,0.3750385926138847,0,4
723,MA4239000,0,0.3750385926138847,0,4
724,MA4239000,0,0.3750385926138847,0,4
725,MA4239000,1,0.3750385926138847,0,4
726,MA4239000,0,0.3750385926138847,0,4
727,MA4239000,0,0.3750385926138847,0,4
728,MA4239000,0,0.3750385926138847,0,4
729,MA4239000,0,0.3750385926138847,0,4
730,MA4239000,0,0.3750385926138847,0,4
731,MA4239000,0,0.3750385926138847,0,4
732,MA4239000,0,0.3750385926138847,0,4
733,MA4239055,1,0.4031565291211302,0,2
734,MA4242000,0,0.043685970942066284,0,4
735,MA4242000,0,0.05469940882516477,0,4
736,MA4244000,1,0.6949459285110369,1,3
737,MA4244001,1,0.6152767866487614,1,3
738,MA4245000,0,0.4759982823321097,0,4
739,MA4245000,1,0.4759982823321097,0,4
740,MA4245000,1,0.4759982823321097,0,4
741,MA4245002,1,0.4513923129603059,0,2
742,MA4245002,0,0.490067927424425,0,2
743,MA4261000,0,0.683542972965051,1,3
744,MA4261000,0,0.6428994776684751,1,3
745,MA4261000,0,0.6428994776684751,1,3
746,MA4261000,0,0.6428994776684751,1,3
747,MA4261000,0,0.6428994776684751,1,3
748,MA4261000,0,0.6428994776684751,1,3
749,MA4261000,0,0.6428994776684751,1,3
750,MA4261000,0,0.6428994776684751,1,3
751,MA4261000,0,0.6428994776684751,1,3
752,MA4261000,0,0.6428994776684751,1,3
753,MA4261024,0,0.5604721893520593,1,3
754,MA4261024,0,0.5604721893520593,1,3
755,MA4261024,0,0.5604721893520593,1,3
756,MA4264000,0,0.48024493781254546,0,3
757,MA4264000,1,0.4394031670893053,0,3
758,MA4264000,1,0.5014170966640747,1,3
759,MA4264000,1,0.48024493781254546,0,3
760,MA4265000,1,0.4071626953978792,0,2
761,MA4266000,1,0.551290238896514,1,2
762,MA4266000,1,0.551290238896514,1,2
763,MA4266000,1,0.551290238896514,1,2
764,MA4266000,1,0.551290238896514,1,2
765,MA4266000,1,0.551290238896514,1,2
766,MA4266000,0,0.551290238896514,1,2
767,MA4273000,0,0.45592454395793125,0,5
768,MA4292000,1,0.34758902558465726,0,2
769,MA4292000,1,0.33101006306269387,0,2
770,MA4292000,1,0.20227299668528403,0,2
771,MA4292000,0,0.2841362316040443,0,2
772,MA4293000,0,0.15510869770060542,0,1
773,MA4296000,0,0.5351040938857944,1,5
774,MA4296000,0,0.5351040938857944,1,5
775,MA4296000,0,0.5351040938857944,1,5
776,MA4307000,1,0.6446741113118738,1,4
777,MA4307000,1,0.7103232538066785,1,4
778,MA4310000,0,0.5028704385546664,1,4
779,MA4310000,0,0.5265041351070374,1,4
780,MA4322000,1,0.4591908753883327,0,5
781,MA4322000,0,0.4591908753883327,0,5
782,MA4322000,1,0.4286837243457174,0,5
783,MA4322000,1,0.4591908753883327,0,5
784,MA4336000,0,0.3792254037546046,0,5
785,MA4336000,1,0.5788207526811843,1,5
786,MA4338000,1,0.36102669634724066,0,4
787,MA4350000,1,0.4338348080888177,0,1
788,MA4350000,1,0.4338348080888177,0,1
789,MA4350000,1,0.4338348080888177,0,1
790,MA4351000,0,0.1649867959659834,0,5
791,MA4351000,0,0.1649867959659834,0,5
792,MA4351000,0,0.1649867959659834,0,5
793,MA4351000,0,0.1649867959659834,0,5
794,MA4351000,0,0.1649867959659834,0,5
795,MA4351000,1,0.1649867959659834,0,5
796,MA4351000,0,0.1649867959659834,0,5
797,MA4351000,0,0.1649867959659834,0,5
798,MA4351000,1,0.1649867959659834,0,5
799,MA4351000,0,0.16564849003061197,0,5
800,MA4351000,0,0.1649867959659834,0,5
801,MA4351000,0,0.1649867959659834,0,5
802,MA4351000,1,0.1649867959659834,0,5
803,MA4351000,0,0.1649867959659834,0,5
804,MA4351000,0,0.1649867959659834,0,5
805,ME0000147,1,0.3793001880959404,0,1
806,ME0090070,0,0.25463405336170425,0,4
807,ME0090110,0,0.13383967374222988,0,3
808,ME0090120,1,0.09141816170071912,0,3
809,ME0090130,0,0.13056826847684375,0,5
810,ME0090140,0,0.3013642650834429,0,2
811,ME0090140,1,0.3013642650834429,0,2
812,ME0090170,0,0.49877756295196535,0,1
813,ME0090200,0,0.1544822054747071,0,1
814,ME0090220,0,0.22113815411322696,0,4
815,ME0090260,0,0.5307161883486613,1,3
816,ME0090260,0,0.5307161883486613,1,3
817,ME0090260,0,0.3392370465863761,0,3
818,ME0090300,0,0.3345256381995858,0,2
819,ME0090320,0,0.23171183644441132,0,3
820,ME0090520,0,0.0324609231484407,0,3
821,ME0090540,0,0.18534791688248398,0,3
822,ME0090540,0,0.18534791688248398,0,3
823,ME0090570,1,0.48595668691712846,0,2
824,ME0090610,1,0.41150091613993,0,3
825,ME0090660,0,0.15909202439874223,0,2
826,ME0090660,0,0.10020632461212135,0,2
827,ME0090660,0,0.10020632461212135,0,2
828,ME0090700,1,0.2776180252689572,0,1
829,ME0090700,0,0.2776180252689572,0,1
830,ME0090750,1,0.1824073740015086,0,2
831,ME0090760,0,0.545633234203206,1,5
832,ME0090760,0,0.6975140539666256,1,5
833,ME0090760,0,0.700096145468747,1,5
834,ME0090760,0,0.545633234203206,1,5
835,ME0090760,0,0.545633234203206,1,5
836,ME0090790,0,0.4635313823290744,0,3
837,ME0090830,0,0.24112245540265137,0,2
838,ME0090870,1,0.5492650183848246,1,3
839,ME0090870,1,0.5492650183848246,1,3
840,ME0090870,1,0.5701421930655978,1,3
841,ME0090870,1,0.5701421930655978,1,3
842,ME0090930,0,0.35516901502101605,0,5
843,ME0090930,0,0.3461528616962931,0,5
844,ME0090990,0,0.3723720668613686,0,2
845,ME0091200,0,0.2312292393202836,0,3
846,ME0091210,0,0.30927248487557796,0,5
847,ME0091300,0,0.2055705751349826,0,4
848,ME0091310,0,0.14437528012403505,0,4
849,ME0091380,0,0.25747269831811337,0,4
850,ME0091380,0,0.25747269831811337,0,4
851,ME0091410,1,0.6069659617035748,1,3
852,ME0091410,1,0.6069659617035748,1,3
853,ME0091410,1,0.6069659617035748,1,3
854,ME0091410,0,0.6069659617035748,1,3
855,ME0091410,0,0.6069659617035748,1,3
856,ME0091410,0,0.6069659617035748,1,3
857,ME0091450,0,0.39303936488888436,0,4
858,ME0091540,0,0.0887193668671535,0,1
859,ME0091550,0,0.28521970951339004,0,2
860,ME0091670,0,0.4735713359539626,0,4
861,ME0091670,0,0.4735713359539626,0,4
862,ME0091670,1,0.4735713359539626,0,4
863,ME0091670,0,0.4735713359539626,0,4
864,ME0091680,0,0.45667006528467297,0,5
865,ME0092559,0,0.5416600290424837,1,2
866,ME0092710,0,0.7322511154151722,1,4
867,NH0161020,0,0.3384625914843058,0,3
868,NH0161020,0,0.3384625914843058,0,3
869,NH0162170,0,0.08684446640203357,0,4
870,NH0192080,1,0.3584029132175409,0,5
871,NH0231010,0,0.08118302559389184,0,4
872,NH0231010,0,0.07312384676923916,0,4
873,NH0251010,0,0.2255155114803511,0,4
874,NH0251010,0,0.2255155114803511,0,4
875,NH0251010,0,0.2255155114803511,0,4
876,NH0301010,0,0.14981449456278298,0,3
877,NH0301010,0,0.14981449456278298,0,3
878,NH0301010,0,0.14981449456278298,0,3
879,NH0446020,0,0.2739187989322196,0,3
880,NH0461010,0,0.10650282113781208,0,3
881,NH0501010,0,0.2683361425591784,0,3
882,NH0511030,0,0.5621660118719486,1,5
883,NH0511030,0,0.5621660118719486,1,5
884,NH0511030,0,0.5621660118719486,1,5
885,NH0511030,0,0.5621660118719486,1,5
886,NH0511030,0,0.5621660118719486,1,5
887,NH0512120,0,0.24000602695471931,0,1
888,NH0611010,1,0.2894738888547957,0,4
889,NH0651010,0,0.45686501203851737,0,2
890,NH0651010,0,0.41755362485919945,0,2
891,NH0651010,0,0.41755362485919945,0,2
892,NH0651010,0,0.45686501203851737,0,2
893,NH0651010,0,0.38481555644583887,0,2
894,NH0691010,0,0.21158039912335994,0,1
895,NH0691010,0,0.2724447686741281,0,1
896,NH0801010,1,0.6220814788216145,1,3
897,NH0801010,0,0.5304010589526165,1,3
898,NH0851010,0,0.1959186940567871,0,3
899,NH0851010,0,0.21410136256221382,0,3
900,NH0851010,0,0.21410136256221382,0,3
901,NH0851010,0,0.21410136256221382,0,3
902,NH0951010,0,0.13344002201295152,0,2
903,NH1031010,1,0.6133777469234817,1,2
904,NH1031010,1,0.5956967411255966,1,2
905,NH1031010,0,0.5956967411255966,1,2
906,NH1031010,1,0.5956967411255966,1,2
907,NH1031010,1,0.5956967411255966,1,2
908,NH1031010,1,0.5956967411255966,1,2
909,NH1031010,1,0.5956967411255966,1,2
910,NH1031010,0,0.5956967411255966,1,2
911,NH1031010,1,0.5956967411255966,1,2
912,NH1031010,0,0.5956967411255966,1,2
913,NH1031010,1,0.5956967411255966,1,2
914,NH1031010,0,0.5956967411255966,1,2
915,NH1051010,0,0.5336105045565358,1,3
916,NH1051010,1,0.5336105045565358,1,3
917,NH1051010,1,0.5850814053818902,1,3
918,NH1051010,0,0.5336105045565358,1,3
919,NH1071010,0,0.04241778327000656,0,1
920,NH1181010,1,0.24741556628807113,0,2
921,NH1196050,0,0.45202743261983447,0,4
922,NH1201010,1,0.4501394285320776,0,1
923,NH1221010,0,0.2674377162447503,0,1
924,NH1221010,1,0.2674377162447503,0,1
925,NH1221010,0,0.2674377162447503,0,1
926,NH1221010,1,0.2674377162447503,0,1
927,NH1241010,0,0.3032377185303703,0,3
928,NH1241010,0,0.2657987950896191,0,3
929,NH1241010,0,0.2657987950896191,0,3
930,NH1281010,0,0.12037931814390007,0,5
931,NH1321010,0,0.1331925692617896,0,4
932,NH1371010,0,0.4843749736180538,0,3
933,NH1371010,1,0.6103251498211215,1,3
934,NH1381010,0,0.05821540591478844,0,4
935,NH1391010,1,0.28293401274051266,0,4
936,NH1461010,0,0.08623708168019018,0,4
937,NH1461010,0,0.08623708168019018,0,4
938,NH1471010,1,0.17849161636409608,0,3
939,NH1531010,0,0.5368227917105433,1,4
940,NH1531010,0,0.4513921614308184,0,4
941,NH1531010,0,0.4513921614308184,0,4
942,NH1561010,0,0.28589496873604253,0,5
943,NH1561010,0,0.5634909040940075,1,5
944,NH1621010,0,0.3046747944760515,0,5
945,NH1622010,0,0.8376170687885048,1,2
946,NH1721010,0,0.11903955565510128,0,2
947,NH1731010,0,0.42512465337380484,0,5
948,NH1731010,0,0.42512465337380484,0,5
949,NH1741010,0,0.1863649629563974,0,1
950,NH1741010,0,0.089676369102529,0,1
951,NH1861010,0,0.3294960266473462,0,4
952,NH1861010,0,0.3294960266473462,0,4
953,NH1861010,0,0.3294960266473462,0,4
954,NH1861010,1,0.3294960266473462,0,4
955,NH1871010,0,0.18718270215732005,0,2
956,NH1871010,0,0.18718270215732005,0,2
957,NH1871010,0,0.18718270215732005,0,2
958,NH1941010,0,0.3758350495896708,0,2
959,NH1941010,0,0.3758350495896708,0,2
960,NH1951010,1,0.2452332489888534,0,1
961,NH1951010,1,0.2452332489888534,0,1
962,NH1951010,1,0.26774288098133453,0,1
963,NH1951010,0,0.20849739807006012,0,1
964,NH1951010,1,0.20849739807006012,0,1
965,NH1951010,1,0.17143244309383618,0,1
966,NH1951010,0,0.20849739807006012,0,1
967,NH1951010,0,0.20849739807006012,0,1
968,NH1951020,1,0.8394564589687609,1,4
969,NH1971010,0,0.23134076710383852,0,1
970,NH1971010,0,0.23134076710383852,0,1
971,NH1971010,1,0.26044895015111,0,1
972,NH2001010,0,0.37090320109809555,0,2
973,NH2001010,0,0.4580453503151679,0,2
974,NH2051010,1,0.2949709207180584,0,4
975,NH2051010,1,0.2580546651302532,0,4
976,NH2111010,1,0.34600356922500863,0,4
977,NH2111010,1,0.34600356922500863,0,4
978,NH2111010,0,0.34600356922500863,0,4
979,NH2111010,0,0.4270133568501633,0,4
980,NH2151010,0,0.3434429263107255,0,3
981,NH2561010,0,0.07263537349564334,0,4
982,NJ0102001,1,0.19392665148969873,0,5
983,NJ0102301,0,0.09708920767245666,0,3
984,NJ0103001,1,0.09076968190590538,0,4
985,NJ0103001,1,0.09076968190590538,0,4
986,NJ0103001,1,0.09076968190590538,0,4
987,NJ0104003,0,0.20441102153067955,0,5
988,NJ0104003,0,0.20441102153067955,0,5
989,NJ0107001,0,0.28626394919074133,0,4
990,NJ0108352,0,0.0867588246342102,0,5
991,NJ0111304,0,0.3263250336797343,0,1
992,NJ0112001,0,0.3858682787877201,0,2
993,NJ0112001,0,0.3858682787877201,0,2
994,NJ0112001,0,0.3321373465970644,0,2
995,NJ0112001,1,0.3321373465970644,0,2
996,NJ0112001,0,0.3321373465970644,0,2
997,NJ0112325,0,0.17831597136335145,0,4
998,NJ0113001,0,0.2744926424554775,0,4
999,NJ0113001,0,0.3146609036895939,0,4
1000,NJ0113001,0,0.3146609036895939,0,4
1001,NJ0115001,0,0.1695898552069119,0,3
1002,NJ0116001,0,0.5839217378043929,1,2
1003,NJ0116001,0,0.5839217378043929,1,2
1004,NJ0119002,0,0.35695495427781065,0,5
1005,NJ0119002,0,0.35695495427781065,0,5
1006,NJ0119002,1,0.35695495427781065,0,5
1007,NJ0119002,0,0.3632526332493297,0,5
1008,NJ0119002,0,0.35695495427781065,0,5
1009,NJ0119002,0,0.35695495427781065,0,5
1010,NJ0119002,0,0.3632526332493297,0,5
1011,NJ0119002,0,0.35695495427781065,0,5
1012,NJ0119002,1,0.35695495427781065,0,5
1013,NJ0119002,1,0.3632526332493297,0,5
1014,NJ0119002,1,0.3632526332493297,0,5
1015,NJ0119002,0,0.3632526332493297,0,5
1016,NJ0119002,0,0.35695495427781065,0,5
1017,NJ0119002,1,0.3632526332493297,0,5
1018,NJ0122001,0,0.6518164994155279,1,4
1019,NJ0122001,0,0.6518164994155279,1,4
1020,NJ0122001,0,0.6518164994155279,1,4
1021,NJ0201001,1,0.8705698013681061,1,2
1022,NJ0201001,1,0.9622932874501526,1,2
1023,NJ0201001,1,0.9223080840629434,1,2
1024,NJ0201001,1,0.916492753535573,1,2
1025,NJ0211001,1,0.6780403303996233,1,4
1026,NJ0217001,1,0.910365328424181,1,5
1027,NJ0217001,1,0.894254043893639,1,5
1028,NJ0217001,1,0.9603785724251448,1,5
1029,NJ0220001,1,0.868740136154501,1,5
1030,NJ0220001,1,0.9636642808862361,1,5
1031,NJ0221001,1,0.7612055739538578,1,4
1032,NJ0221001,1,0.7612055739538578,1,4
1033,NJ0221001,1,0.7612055739538578,1,4
1034,NJ0221001,1,0.7053936716424252,1,4
1035,NJ0228001,1,0.5259092054861229,1,1
1036,NJ0228001,1,0.5259092054861229,1,1
1037,NJ0228001,1,0.5259092054861229,1,1
1038,NJ0228001,1,0.5259092054861229,1,1
1039,NJ0231001,1,0.7567533817726769,1,3
1040,NJ0232001,1,0.7804645458285684,1,4
1041,NJ0233001,0,0.8078024271637879,1,3
1042,NJ0233001,1,0.8078024271637879,1,3
1043,NJ0233001,1,0.8078024271637879,1,3
1044,NJ0233001,1,0.6955676642469822,1,3
1045,NJ0238001,1,0.7779193350842083,1,4
1046,NJ0238001,1,0.7779193350842083,1,4
1047,NJ0238001,1,0.7779193350842083,1,4
1048,NJ0239001,1,0.7269511817221913,1,1
1049,NJ0242001,1,0.6256932740292771,1,3
1050,NJ0242001,1,0.6193740217288382,1,3
1051,NJ0242001,1,0.6256932740292771,1,3
1052,NJ0242001,1,0.6256932740292771,1,3
1053,NJ0247001,1,0.9171197724658745,1,2
1054,NJ0247001,1,0.8263506488649077,1,2
1055,NJ0247001,1,0.9171197724658745,1,2
1056,NJ0247001,0,0.8373291640695046,1,2
1057,NJ0247001,1,0.9228951117832985,1,2
1058,NJ0247001,1,0.8263506488649077,1,2
1059,NJ0247001,0,0.8373291640695046,1,2
1060,NJ0247001,1,0.8263506488649077,1,2
1061,NJ0247001,1,0.8263506488649077,1,2
1062,NJ0247001,0,0.8373291640695046,1,2
1063,NJ0247001,1,0.8373291640695046,1,2
1064,NJ0247001,0,0.8373291640695046,1,2
1065,NJ0247001,1,0.8263506488649077,1,2
1066,NJ0248001,1,0.767676915220828,1,2
1067,NJ0248001,1,0.8953938506312462,1,2
1068,NJ0248001,1,0.8953938506312462,1,2
1069,NJ0248001,1,0.8953938506312462,1,2
1070,NJ0248001,1,0.8953938506312462,1,2
1071,NJ0248001,0,0.9403131450206045,1,2
1072,NJ0251001,1,0.9150815745463124,1,2
1073,NJ0251001,1,0.9150815745463124,1,2
1074,NJ0251001,1,0.9150815745463124,1,2
1075,NJ0251001,1,0.9150815745463124,1,2
1076,NJ0251001,1,0.9150815745463124,1,2
1077,NJ0251001,1,0.9150815745463124,1,2
1078,NJ0251001,1,0.9150815745463124,1,2
1079,NJ0251001,1,0.9150815745463124,1,2
1080,NJ0251001,1,0.9150815745463124,1,2
1081,NJ0251001,1,0.9150815745463124,1,2
1082,NJ0251001,1,0.9150815745463124,1,2
1083,NJ0251001,1,0.9150815745463124,1,2
1084,NJ0251001,1,0.9150815745463124,1,2
1085,NJ0251001,1,0.8284104121618738,1,2
1086,NJ0251001,1,0.9150815745463124,1,2
1087,NJ0251001,1,0.9150815745463124,1,2
1088,NJ0251001,1,0.859147065649221,1,2
1089,NJ0257001,1,0.5827742959280862,1,1
1090,NJ0264001,1,0.718942752018261,1,3
1091,NJ0264001,1,0.718942752018261,1,3
1092,NJ0264001,1,0.718942752018261,1,3
1093,NJ0264001,1,0.718942752018261,1,3
1094,NJ0264001,1,0.718942752018261,1,3
1095,NJ0265001,1,0.7576240482945936,1,4
1096,NJ0303001,0,0.4586290432101426,0,3
1097,NJ0305001,1,0.7954436159470458,1,2
1098,NJ0306001,0,0.4443550981620051,0,4
1099,NJ0306001,1,0.3053181062300218,0,4
1100,NJ0306001,1,0.3053181062300218,0,4
1101,NJ0313001,0,0.2582579775607161,0,2
1102,NJ0313001,0,0.2582579775607161,0,2
1103,NJ0313001,0,0.2582579775607161,0,2
1104,NJ0313001,0,0.45494962912095,0,2
1105,NJ0313001,1,0.45494962912095,0,2
1106,NJ0313001,0,0.2582579775607161,0,2
1107,NJ0313001,0,0.2582579775607161,0,2
1108,NJ0313001,0,0.2582579775607161,0,2
1109,NJ0313001,0,0.2582579775607161,0,2
1110,NJ0313001,0,0.2582579775607161,0,2
1111,NJ0313001,0,0.2582579775607161,0,2
1112,NJ0315001,1,0.5955198729119393,1,3
1113,NJ0319001,1,0.6962574704257115,1,4
1114,NJ0319001,0,0.5574586921834671,1,4
1115,NJ0320001,0,0.34537690615433675,0,5
1116,NJ0320001,0,0.34537690615433675,0,5
1117,NJ0320001,0,0.34537690615433675,0,5
1118,NJ0320001,0,0.34537690615433675,0,5
1119,NJ0320001,0,0.34537690615433675,0,5
1120,NJ0320001,0,0.34537690615433675,0,5
1121,NJ0320001,1,0.34537690615433675,0,5
1122,NJ0320001,0,0.5370320732351344,1,5
1123,NJ0322001,0,0.39552617045763067,0,2
1124,NJ0322001,0,0.39552617045763067,0,2
1125,NJ0322001,1,0.3590580861634261,0,2
1126,NJ0322001,1,0.5320936103968522,1,2
1127,NJ0322001,1,0.5320936103968522,1,2
1128,NJ0323001,0,0.5872149054704777,1,5
1129,NJ0323001,0,0.5872149054704777,1,5
1130,NJ0323001,0,0.5872149054704777,1,5
1131,NJ0323001,1,0.6480244748183793,1,5
1132,NJ0324001,0,0.4712940560772878,0,1
1133,NJ0324001,1,0.4615820477187443,0,1
1134,NJ0324001,0,0.7460456068815485,1,1
1135,NJ0325001,0,0.6487615283610421,1,3
1136,NJ0325001,0,0.2990336058534529,0,3
1137,NJ0325001,0,0.2990336058534529,0,3
1138,NJ0325001,0,0.2990336058534529,0,3
1139,NJ0326006,0,0.21240355339494366,0,5
1140,NJ0326006,0,0.21240355339494366,0,5
1141,NJ0327001,0,0.5956846020265832,1,4
1142,NJ0327001,0,0.5956846020265832,1,4
1143,NJ0327001,0,0.5956846020265832,1,4
1144,NJ0327001,0,0.5956846020265832,1,4
1145,NJ0327001,0,0.5956846020265832,1,4
1146,NJ0327001,0,0.5956846020265832,1,4
1147,NJ0327001,0,0.5956846020265832,1,4
1148,NJ0327001,0,0.5956846020265832,1,4
1149,NJ0327001,0,0.5956846020265832,1,4
1150,NJ0327001,1,0.6508129974709325,1,4
1151,NJ0327001,0,0.5956846020265832,1,4
1152,NJ0329003,0,0.17185844122387006,0,3
1153,NJ0329003,0,0.17185844122387006,0,3
1154,NJ0333001,0,0.38031304331286653,0,5
1155,NJ0333001,0,0.38031304331286653,0,5
1156,NJ0333001,0,0.38031304331286653,0,5
1157,NJ0333001,0,0.38031304331286653,0,5
1158,NJ0338001,1,0.44774463529221376,0,1
1159,NJ0338001,1,0.4092886119719294,0,1
1160,NJ0338001,0,0.44774463529221376,0,1
1161,NJ0338001,0,0.42460884333944326,0,1
1162,NJ0404001,0,0.5644331449684251,1,4
1163,NJ0404001,0,0.5644331449684251,1,4
1164,NJ0405001,0,0.2601044281025784,0,1
1165,NJ0405001,0,0.291459457992814,0,1
1166,NJ0405001,0,0.291459457992814,0,1
1167,NJ0405001,1,0.5015760096355365,1,1
1168,NJ0407001,1,0.5499029025844658,1,3
1169,NJ0408001,1,0.7455098614606731,1,5
1170,NJ0408001,1,0.7009978753264882,1,5
1171,NJ0408001,1,0.7506603065403566,1,5
1172,NJ0411001,0,0.14734015450902327,0,3
1173,NJ0411001,0,0.14734015450902327,0,3
1174,NJ0411001,0,0.14734015450902327,0,3
1175,NJ0412001,0,0.4716097721033561,0,2
1176,NJ0414001,0,0.5715222570365879,1,5
1177,NJ0415002,0,0.747762889389061,1,4
1178,NJ0415002,0,0.747762889389061,1,4
1179,NJ0415002,0,0.6778584582773388,1,4
1180,NJ0415002,0,0.747762889389061,1,4
1181,NJ0415002,0,0.747762889389061,1,4
1182,NJ0415002,0,0.747762889389061,1,4
1183,NJ0415002,0,0.747762889389061,1,4
1184,NJ0415002,0,0.747762889389061,1,4
1185,NJ0415002,1,0.747762889389061,1,4
1186,NJ0416001,0,0.47692594337417127,0,4
1187,NJ0416001,0,0.726122822081055,1,4
1188,NJ0424001,1,0.4504896893096465,0,1
1189,NJ0424001,0,0.45643768379541066,0,1
1190,NJ0424001,1,0.45643768379541066,0,1
1191,NJ0424001,0,0.4504896893096465,0,1
1192,NJ0424001,0,0.4504896893096465,0,1
1193,NJ0424001,0,0.566886361656235,1,1
1194,NJ0428002,0,0.5347015555743049,1,3
1195,NJ0428002,0,0.4238778022751714,0,3
1196,NJ0428002,0,0.4238778022751714,0,3
1197,NJ0428002,0,0.4238778022751714,0,3
1198,NJ0436007,1,0.6415935298143712,1,5
1199,NJ0436007,1,0.7158637142380977,1,5
1200,NJ0436007,0,0.8691208900395502,1,5
1201,NJ0436007,0,0.7158637142380977,1,5
1202,NJ0436007,1,0.8691208900395502,1,5
1203,NJ0436007,1,0.8691208900395502,1,5
1204,NJ0436007,0,0.7158637142380977,1,5
1205,NJ0501001,0,0.32086336501351204,0,2
1206,NJ0501001,0,0.32086336501351204,0,2
1207,NJ0501001,0,0.32086336501351204,0,2
1208,NJ0501001,0,0.32086336501351204,0,2
1209,NJ0501001,0,0.32086336501351204,0,2
1210,NJ0502001,0,0.07207247088428975,0,4
1211,NJ0502001,0,0.0895719857360493,0,4
1212,NJ0503001,0,0.08851816534815918,0,5
1213,NJ0505002,0,0.1421135925715558,0,5
1214,NJ0505002,0,0.1421135925715558,0,5
1215,NJ0505002,0,0.1421135925715558,0,5
1216,NJ0505002,0,0.1421135925715558,0,5
1217,NJ0505002,0,0.1421135925715558,0,5
1218,NJ0505002,0,0.1421135925715558,0,5
1219,NJ0506010,0,0.3677766802984882,0,4
1220,NJ0506010,0,0.3677766802984882,0,4
1221,NJ0506010,0,0.3677766802984882,0,4
1222,NJ0508001,0,0.3995774904210829,0,3
1223,NJ0508001,0,0.3995774904210829,0,3
1224,NJ0508001,0,0.3995774904210829,0,3
1225,NJ0508001,0,0.3995774904210829,0,3
1226,NJ0508001,0,0.3995774904210829,0,3
1227,NJ0508001,0,0.3995774904210829,0,3
1228,NJ0508001,0,0.3995774904210829,0,3
1229,NJ0508001,0,0.3995774904210829,0,3
1230,NJ0509001,0,0.0828226110735472,0,3
1231,NJ0509001,0,0.0828226110735472,0,3
1232,NJ0509001,0,0.0828226110735472,0,3
1233,NJ0509001,0,0.0828226110735472,0,3
1234,NJ0514001,0,0.16983287162306182,0,3
1235,NJ0514001,0,0.16983287162306182,0,3
1236,NJ0514001,0,0.16983287162306182,0,3
1237,NJ0514001,0,0.16983287162306182,0,3
1238,NJ0514001,0,0.16983287162306182,0,3
1239,NJ0514001,0,0.16983287162306182,0,3
1240,NJ0514001,0,0.16983287162306182,0,3
1241,NJ0601001,0,0.37030649541133676,0,3
1242,NJ0601001,0,0.37030649541133676,0,3
1243,NJ0601001,0,0.37030649541133676,0,3
1244,NJ0601001,0,0.37030649541133676,0,3
1245,NJ0609001,0,0.08205058526971928,0,4
1246,NJ0609001,0,0.08205058526971928,0,4
1247,NJ0609001,0,0.08205058526971928,0,4
1248,NJ0609001,0,0.08205058526971928,0,4
1249,NJ0609001,0,0.08205058526971928,0,4
1250,NJ0610001,0,0.39441082498049157,0,4
1251,NJ0610001,0,0.39441082498049157,0,4
1252,NJ0610001,1,0.39441082498049157,0,4
1253,NJ0610001,0,0.39441082498049157,0,4
1254,NJ0614003,1,0.33017845337034746,0,4
1255,NJ0614003,1,0.4728308792491812,0,4
1256,NJ0614003,1,0.33017845337034746,0,4
1257,NJ0614003,1,0.4728308792491812,0,4
1258,NJ0614003,0,0.33017845337034746,0,4
1259,NJ0614003,0,0.33017845337034746,0,4
1260,NJ0614003,1,0.4728308792491812,0,4
1261,NJ0701001,0,0.7203425442896421,1,5
1262,NJ0702001,0,0.8198846822855298,1,2
1263,NJ0703001,1,0.5767447875874044,1,1
1264,NJ0704001,1,0.7473296690758375,1,4
1265,NJ0704001,1,0.7473296690758375,1,4
1266,NJ0705001,1,0.9288728460760616,1,5
1267,NJ0707001,1,0.782723378352453,1,1
1268,NJ0708001,1,0.7336649269113037,1,4
1269,NJ0710001,1,0.8718987339763471,1,4
1270,NJ0710001,1,0.8415599053186552,1,4
1271,NJ0710001,1,0.7208005652671012,1,4
1272,NJ0710001,1,0.8415599053186552,1,4
1273,NJ0710001,1,0.8718987339763471,1,4
1274,NJ0710001,1,0.8718987339763471,1,4
1275,NJ0710001,1,0.8718987339763471,1,4
1276,NJ0710001,1,0.8415599053186552,1,4
1277,NJ0710001,1,0.8718987339763471,1,4
1278,NJ0710001,1,0.8718987339763471,1,4
1279,NJ0712001,0,0.6955415205575085,1,2
1280,NJ0712001,1,0.6955415205575085,1,2
1281,NJ0712001,1,0.6955415205575085,1,2
1282,NJ0712001,1,0.6955415205575085,1,2
1283,NJ0712001,1,0.6955415205575085,1,2
1284,NJ0712001,1,0.6955415205575085,1,2
1285,NJ0712001,1,0.6555213950803273,1,2
1286,NJ0712001,1,0.6555213950803273,1,2
1287,NJ0712001,0,0.841578005702747,1,2
1288,NJ0712001,0,0.8314655960393796,1,2
1289,NJ0712001,1,0.6955415205575085,1,2
1290,NJ0712001,1,0.6555213950803273,1,2
1291,NJ0713001,1,0.9211669074690525,1,3
1292,NJ0713001,1,0.9211669074690525,1,3
1293,NJ0713001,1,0.8770026800699862,1,3
1294,NJ0714001,1,0.7488042888000779,1,4
1295,NJ0714001,0,0.7757941149431953,1,4
1296,NJ0715001,1,0.8134434257316936,1,5
1297,NJ0717001,1,0.9012664797232652,1,3
1298,NJ0718001,1,0.8613626196843385,1,5
1299,NJ0719001,1,0.828618466269696,1,1
1300,NJ0721001,1,0.7664956585885198,1,2
1301,NJ0801001,1,0.205964475698093,0,2
1302,NJ0801001,0,0.17033638887368824,0,2
1303,NJ0802001,1,0.6994606155599886,1,5
1304,NJ0802001,1,0.6231598830477121,1,5
1305,NJ0802001,0,0.6994606155599886,1,5
1306,NJ0802001,0,0.6994606155599886,1,5
1307,NJ0802001,1,0.6994606155599886,1,5
1308,NJ0802001,0,0.6994606155599886,1,5
1309,NJ0802001,0,0.6994606155599886,1,5
1310,NJ0802001,0,0.6994606155599886,1,5
1311,NJ0803001,1,0.653655524848646,1,5
1312,NJ0803001,0,0.5049252146329525,1,5
1313,NJ0803001,1,0.7288654292256562,1,5
1314,NJ0803001,0,0.5049252146329525,1,5
1315,NJ0806001,1,0.34166893320674663,0,4
1316,NJ0806001,1,0.43128347267959494,0,4
1317,NJ0806001,0,0.28826257512952147,0,4
1318,NJ0806001,0,0.2906405766791469,0,4
1319,NJ0806001,1,0.28826257512952147,0,4
1320,NJ0807001,0,0.6735794118565137,1,5
1321,NJ0807001,0,0.6735794118565137,1,5
1322,NJ0808001,0,0.7274792971876449,1,3
1323,NJ0808001,0,0.7439048785570654,1,3
1324,NJ0809002,1,0.6925900468539111,1,1
1325,NJ0809002,0,0.6401954408164364,1,1
1326,NJ0809002,0,0.6545811441064447,1,1
1327,NJ0810004,1,0.5266597667148223,1,4
1328,NJ0810004,0,0.42068847910631973,0,4
1329,NJ0810004,0,0.34016624769222026,0,4
1330,NJ0810004,0,0.34016624769222026,0,4
1331,NJ0810004,0,0.34016624769222026,0,4
1332,NJ0810004,0,0.34016624769222026,0,4
1333,NJ0811002,0,0.5779451288555161,1,3
1334,NJ0811002,1,0.5321032311733789,1,3
1335,NJ0811002,0,0.6475065769407701,1,3
1336,NJ0811002,0,0.6475065769407701,1,3
1337,NJ0811002,0,0.6475065769407701,1,3
1338,NJ0811002,0,0.6475065769407701,1,3
1339,NJ0811002,0,0.6475065769407701,1,3
1340,NJ0811002,0,0.5779451288555161,1,3
1341,NJ0814001,0,0.7186946606723146,1,5
1342,NJ0814001,1,0.5021055356902603,1,5
1343,NJ0815001,1,0.6204640239962612,1,5
1344,NJ0815001,0,0.38996936038716445,0,5
1345,NJ0815001,0,0.38996936038716445,0,5
1346,NJ0817305,0,0.19098185574737567,0,1
1347,NJ0818004,0,0.4546746174555323,0,2
1348,NJ0818004,0,0.4546746174555323,0,2
1349,NJ0818004,1,0.47306753246170635,0,2
1350,NJ0818004,1,0.2785441438836194,0,2
1351,NJ0818004,0,0.2785441438836194,0,2
1352,NJ0818004,0,0.2785441438836194,0,2
1353,NJ0818004,0,0.2785441438836194,0,2
1354,NJ0818004,0,0.2785441438836194,0,2
1355,NJ0818004,0,0.2785441438836194,0,2
1356,NJ0818004,0,0.2785441438836194,0,2
1357,NJ0818004,0,0.2785441438836194,0,2
1358,NJ0820001,1,0.7220050534795115,1,5
1359,NJ0820001,1,0.7220050534795115,1,5
1360,NJ0820001,1,0.7220050534795115,1,5
1361,NJ0820001,1,0.7220050534795115,1,5
1362,NJ0820001,0,0.8581463097614622,1,5
1363,NJ0820001,1,0.6485520489947006,1,5
1364,NJ0820301,1,0.24310723876005746,0,3
1365,NJ0821001,1,0.5256028668570045,1,1
1366,NJ0822001,0,0.6189752687949867,1,5
1367,NJ0822001,0,0.6189752687949867,1,5
1368,NJ0822001,1,0.6318327173221602,1,5
1369,NJ0824001,0,0.5766196216847488,1,4
1370,NJ0824001,0,0.6573891027167894,1,4
1371,NJ0901001,1,0.5896678702152346,1,1
1372,NJ0904001,1,0.6746263982295448,1,1
1373,NJ0905001,1,0.6724201831872533,1,5
1374,NJ0906001,1,0.7014793308018651,1,1
1375,NJ0907001,1,0.7636196136024658,1,2
1376,NJ1005001,1,0.5054227706959507,1,3
1377,NJ1005001,0,0.5054227706959507,1,3
1378,NJ1005001,0,0.5054227706959507,1,3
1379,NJ1005001,0,0.5054227706959507,1,3
1380,NJ1005001,1,0.5054227706959507,1,3
1381,NJ1005001,1,0.5054227706959507,1,3
1382,NJ1005001,0,0.5054227706959507,1,3
1383,NJ1005001,1,0.5054227706959507,1,3
1384,NJ1005001,1,0.5054227706959507,1,3
1385,NJ1005001,1,0.5054227706959507,1,3
1386,NJ1009001,1,0.932761679748374,1,1
1387,NJ1009001,1,0.932761679748374,1,1
1388,NJ1009001,1,0.932761679748374,1,1
1389,NJ1009001,1,0.932761679748374,1,1
1390,NJ1014001,1,0.47414196203978254,0,3
1391,NJ1014001,0,0.5523188163082339,1,3
1392,NJ1017001,0,0.6428241077889847,1,1
1393,NJ1101002,0,0.47123247256036394,0,2
1394,NJ1101002,0,0.5111623679285734,1,2
1395,NJ1101002,0,0.5111623679285734,1,2
1396,NJ1101002,0,0.5111623679285734,1,2
1397,NJ1103001,1,0.9046990548042756,1,3
1398,NJ1103001,1,0.9046990548042756,1,3
1399,NJ1103001,1,0.9046990548042756,1,3
1400,NJ1103001,0,0.9046990548042756,1,3
1401,NJ1103001,1,0.9046990548042756,1,3
1402,NJ1104001,0,0.5526241318048232,1,1
1403,NJ1106316,1,0.3306974920096515,0,3
1404,NJ1106319,1,0.13581130074932857,0,3
1405,NJ1107002,1,0.5035740609132061,1,1
1406,NJ1107002,1,0.5035740609132061,1,1
1407,NJ1111001,0,0.921174190564052,1,4
1408,NJ1204001,1,0.6810620568328003,1,4
1409,NJ1205001,0,0.8548779732110017,1,1
1410,NJ1205001,1,0.8548779732110017,1,1
1411,NJ1207001,1,0.8008181558781209,1,2
1412,NJ1209002,0,0.8412553042520546,1,4
1413,NJ1209002,1,0.8412553042520546,1,4
1414,NJ1209002,1,0.7754568339585222,1,4
1415,NJ1209002,1,0.8004490927308158,1,4
1416,NJ1212001,1,0.7526153314840224,1,5
1417,NJ1213002,0,0.4770999963362464,0,5
1418,NJ1213002,1,0.4770999963362464,0,5
1419,NJ1213002,0,0.4770999963362464,0,5
1420,NJ1213002,1,0.4770999963362464,0,5
1421,NJ1213002,1,0.4770999963362464,0,5
1422,NJ1213002,0,0.4770999963362464,0,5
1423,NJ1214001,1,0.6456482612524462,1,3
1424,NJ1215001,0,0.6946670872072986,1,1
1425,NJ1216001,1,0.7420228536121578,1,5
1426,NJ1219001,1,0.7259578039962644,1,5
1427,NJ1221004,1,0.8652937326582619,1,5
1428,NJ1221004,1,0.9277459697513857,1,5
1429,NJ1221004,1,0.9277459697513857,1,5
1430,NJ1221004,0,0.9277459697513857,1,5
1431,NJ1223001,0,0.6682449030757668,1,2
1432,NJ1223001,1,0.5924873528202778,1,2
1433,NJ1224001,1,0.5740856815610252,1,2
1434,NJ1225001,1,0.7386714769055152,1,1
1435,NJ1225001,1,0.8756519799327023,1,1
1436,NJ1225001,1,0.7789533670898537,1,1
1437,NJ1302001,0,0.6465605425281536,1,4
1438,NJ1304001,0,0.13324736126725303,0,4
1439,NJ1305001,1,0.6214491849366676,1,4
1440,NJ1305001,0,0.3854052415804705,0,4
1441,NJ1306001,1,0.6937183172238632,1,5
1442,NJ1306001,1,0.645527111030488,1,5
1443,NJ1308001,1,0.7112842709753474,1,4
1444,NJ1308001,1,0.6578343186316251,1,4
1445,NJ1312001,1,0.7466621675215311,1,4
1446,NJ1312001,0,0.30050954696240817,0,4
1447,NJ1315001,0,0.33579819976797204,0,4
1448,NJ1316001,0,0.47478236497214527,0,4
1449,NJ1316001,0,0.4116993134770332,0,4
1450,NJ1316001,0,0.4116993134770332,0,4
1451,NJ1316001,1,0.5012573235651823,1,4
1452,NJ1321001,1,0.6417390288220691,1,3
1453,NJ1321001,0,0.6384252708095438,1,3
1454,NJ1322001,1,0.5800281361529825,1,1
1455,NJ1322001,0,0.37928117367966196,0,1
1456,NJ1326001,0,0.4329508235384739,0,1
1457,NJ1326001,0,0.4329508235384739,0,1
1458,NJ1326001,1,0.3793027781816856,0,1
1459,NJ1326001,1,0.3793027781816856,0,1
1460,NJ1326002,1,0.47743985492549085,0,2
1461,NJ1326002,0,0.3528966199572874,0,2
1462,NJ1327001,0,0.21275864815073303,0,2
1463,NJ1328002,0,0.6728176159717135,1,2
1464,NJ1328002,0,0.6728176159717135,1,2
1465,NJ1328002,1,0.5974752789045389,1,2
1466,NJ1329001,1,0.7473403049991235,1,5
1467,NJ1329001,1,0.5350015177474516,1,5
1468,NJ1330002,0,0.6556889384735312,1,4
1469,NJ1332313,0,0.21216811895525772,0,2
1470,NJ1339001,1,0.4980718184353998,0,3
1471,NJ1339001,0,0.3993276870530605,0,3
1472,NJ1339001,0,0.3993276870530605,0,3
1473,NJ1340001,1,0.43982110415624986,0,2
1474,NJ1345001,0,0.17412154001761562,0,1
1475,NJ1345001,1,0.17412154001761562,0,1
1476,NJ1345001,0,0.17412154001761562,0,1
1477,NJ1345001,0,0.17412154001761562,0,1
1478,NJ1345001,0,0.17412154001761562,0,1
1479,NJ1345001,1,0.4565478000444626,0,1
1480,NJ1345001,1,0.4178208151120963,0,1
1481,NJ1345001,0,0.17412154001761562,0,1
1482,NJ1345001,1,0.594514521377959,1,1
1483,NJ1345001,0,0.17412154001761562,0,1
1484,NJ1345001,1,0.40257414400185704,0,1
1485,NJ1345001,0,0.17412154001761562,0,1
1486,NJ1345001,0,0.17412154001761562,0,1
1487,NJ1345001,0,0.17412154001761562,0,1
1488,NJ1345001,1,0.17412154001761562,0,1
1489,NJ1348001,0,0.3185984724850829,0,5
1490,NJ1348001,0,0.3185984724850829,0,5
1491,NJ1348001,0,0.3629374805697208,0,5
1492,NJ1349001,1,0.5632416853048176,1,3
1493,NJ1349001,0,0.3955197110627827,0,3
1494,NJ1350001,1,0.584979684881929,1,2
1495,NJ1352003,0,0.640569486096733,1,2
1496,NJ1352003,0,0.640569486096733,1,2
1497,NJ1352003,1,0.640569486096733,1,2
1498,NJ1352003,0,0.640569486096733,1,2
1499,NJ1352003,1,0.640569486096733,1,2
1500,NJ1352003,1,0.5958796464427446,1,2
1501,NJ1401001,1,0.9161495921895931,1,4
1502,NJ1401001,1,0.9025523964182591,1,4
1503,NJ1403001,1,0.8264191493133994,1,2
1504,NJ1404001,0,0.8072481031385816,1,3
1505,NJ1406325,1,0.7489046839787622,1,3
1506,NJ1408001,1,0.9366485776579639,1,2
1507,NJ1408001,1,0.9366485776579639,1,2
1508,NJ1408001,1,0.9366485776579639,1,2
1509,NJ1408001,1,0.9366485776579639,1,2
1510,NJ1408001,0,0.9321152108550792,1,2
1511,NJ1409001,1,0.640531943012245,1,2
1512,NJ1409001,1,0.640531943012245,1,2
1513,NJ1410001,1,0.8930540053104767,1,4
1514,NJ1410001,1,0.8556619645834308,1,4
1515,NJ1410001,1,0.811036466748847,1,4
1516,NJ1411001,1,0.9048800255567185,1,5
1517,NJ1411001,1,0.9048800255567185,1,5
1518,NJ1411001,1,0.9048800255567185,1,5
1519,NJ1411001,1,0.9048800255567185,1,5
1520,NJ1414003,1,0.8001377523096246,1,3
1521,NJ1414003,1,0.8001377523096246,1,3
1522,NJ1414003,1,0.8001377523096246,1,3
1523,NJ1414011,1,0.8521739728334881,1,1
1524,NJ1414011,1,0.8521739728334881,1,1
1525,NJ1416001,1,0.7833281927886072,1,4
1526,NJ1417001,1,0.6919727333069632,1,4
1527,NJ1417001,1,0.7117692445122616,1,4
1528,NJ1417001,1,0.6919727333069632,1,4
1529,NJ1417001,1,0.7117692445122616,1,4
1530,NJ1420001,0,0.4216271155150656,0,5
1531,NJ1421003,1,0.9261131156876736,1,2
1532,NJ1421003,1,0.9261131156876736,1,2
1533,NJ1421003,1,0.908323247671445,1,2
1534,NJ1421003,1,0.908323247671445,1,2
1535,NJ1424001,1,0.8766010166286179,1,2
1536,NJ1424001,0,0.8683745458108822,1,2
1537,NJ1424001,1,0.8766010166286179,1,2
1538,NJ1424001,1,0.8928781644073328,1,2
1539,NJ1424001,0,0.867380491873933,1,2
1540,NJ1424001,1,0.852134483769234,1,2
1541,NJ1424001,1,0.8683745458108822,1,2
1542,NJ1424001,1,0.8928781644073328,1,2
1543,NJ1424001,0,0.8766010166286179,1,2
1544,NJ1425001,1,0.5468963675542577,1,3
1545,NJ1425001,1,0.5468963675542577,1,3
1546,NJ1425001,1,0.5468963675542577,1,3
1547,NJ1425001,1,0.5468963675542577,1,3
1548,NJ1426005,0,0.8573281457424831,1,4
1549,NJ1427001,1,0.8424404099209043,1,4
1550,NJ1427001,1,0.8424404099209043,1,4
1551,NJ1427001,1,0.8424404099209043,1,4
1552,NJ1427005,1,0.8626450488123527,1,3
1553,NJ1427005,1,0.8626450488123527,1,3
1554,NJ1427005,1,0.8626450488123527,1,3
1555,NJ1427007,0,0.8951630374396093,1,2
1556,NJ1427017,0,0.5747401523031809,1,4
1557,NJ1427017,0,0.5747401523031809,1,4
1558,NJ1427017,1,0.5747401523031809,1,4
1559,NJ1428001,1,0.8613638161949274,1,4
1560,NJ1428001,1,0.8613638161949274,1,4
1561,NJ1428001,1,0.8613638161949274,1,4
1562,NJ1429001,1,0.7487455447056304,1,5
1563,NJ1429001,1,0.7487455447056304,1,5
1564,NJ1429001,1,0.7487455447056304,1,5
1565,NJ1429001,1,0.7487455447056304,1,5
1566,NJ1429001,1,0.7487455447056304,1,5
1567,NJ1429001,0,0.7602530039126466,1,5
1568,NJ1429001,1,0.7487455447056304,1,5
1569,NJ1429001,1,0.7487455447056304,1,5
1570,NJ1429001,1,0.7487455447056304,1,5
1571,NJ1429001,1,0.7487455447056304,1,5
1572,NJ1429001,1,0.7448397863976114,1,5
1573,NJ1429001,1,0.7487455447056304,1,5
1574,NJ1429001,1,0.7487455447056304,1,5
1575,NJ1429001,1,0.7487455447056304,1,5
1576,NJ1431001,0,0.8947172750190715,1,4
1577,NJ1432003,0,0.5991357162881041,1,1
1578,NJ1432003,0,0.5991357162881041,1,1
1579,NJ1434001,1,0.7247295146904554,1,2
1580,NJ1435002,1,0.8518946796010345,1,2
1581,NJ1435002,1,0.8199071665739782,1,2
1582,NJ1435002,1,0.8518946796010345,1,2
1583,NJ1435003,1,0.8429760778168298,1,5
1584,NJ1436002,0,0.8074397782917023,1,4
1585,NJ1436002,0,0.8074397782917023,1,4
1586,NJ1436002,0,0.8074397782917023,1,4
1587,NJ1436002,0,0.8074397782917023,1,4
1588,NJ1436003,0,0.9025754322547037,1,1
1589,NJ1436003,1,0.9025754322547037,1,1
1590,NJ1436004,1,0.8791778965175557,1,5
1591,NJ1436004,0,0.8791778965175557,1,5
1592,NJ1438003,1,0.5255694440667061,1,5
1593,NJ1438003,0,0.5255694440667061,1,5
1594,NJ1438003,0,0.5255694440667061,1,5
1595,NJ1438004,1,0.5134135267273422,1,4
1596,NJ1438004,0,0.5134135267273422,1,4
1597,NJ1438004,0,0.5134135267273422,1,4
1598,NJ1438004,1,0.5134135267273422,1,4
1599,NJ1438004,1,0.5134135267273422,1,4
1600,NJ1438004,1,0.5134135267273422,1,4
1601,NJ1438004,1,0.5134135267273422,1,4
1602,NJ1438004,1,0.5134135267273422,1,4
1603,NJ1439001,1,0.9122778620638987,1,4
1604,NJ1439001,1,0.9044032228143963,1,4
1605,NJ1439001,1,0.9044032228143963,1,4
1606,NJ1501001,0,0.18501517388493235,0,5
1607,NJ1501001,0,0.18501517388493235,0,5
1608,NJ1503001,0,0.1623834073878268,0,3
1609,NJ1504001,0,0.18855026442602182,0,4
1610,NJ1505002,0,0.3838286469910432,0,3
1611,NJ1505002,0,0.3838286469910432,0,3
1612,NJ1505002,0,0.3838286469910432,0,3
1613,NJ1505003,0,0.41854683432761164,0,5
1614,NJ1505003,0,0.41854683432761164,0,5
1615,NJ1505004,0,0.4137301937421353,0,5
1616,NJ1506001,1,0.4011971966065268,0,2
1617,NJ1507005,0,0.10907798762528487,0,5
1618,NJ1507005,0,0.10907798762528487,0,5
1619,NJ1507005,1,0.11751567369425749,0,5
1620,NJ1507005,1,0.09071553942638107,0,5
1621,NJ1507005,1,0.2367429202400349,0,5
1622,NJ1507005,0,0.09638960625374116,0,5
1623,NJ1507005,0,0.10907798762528487,0,5
1624,NJ1509001,0,0.18926874562458923,0,3
1625,NJ1509001,0,0.18926874562458923,0,3
1626,NJ1511001,0,0.09420358958156985,0,2
1627,NJ1511001,0,0.09420358958156985,0,2
1628,NJ1511001,0,0.10070733299020354,0,2
1629,NJ1511001,0,0.10070733299020354,0,2
1630,NJ1511001,0,0.10070733299020354,0,2
1631,NJ1511001,0,0.10070733299020354,0,2
1632,NJ1511001,0,0.09420358958156985,0,2
1633,NJ1511415,0,0.40523628640551546,0,1
1634,NJ1512001,0,0.15045027231521307,0,5
1635,NJ1512001,0,0.15045027231521307,0,5
1636,NJ1514002,1,0.33913059280576535,0,3
1637,NJ1514002,1,0.33913059280576535,0,3
1638,NJ1514002,1,0.35655151477848285,0,3
1639,NJ1514002,0,0.33735736227893104,0,3
1640,NJ1514002,1,0.33735736227893104,0,3
1641,NJ1514002,0,0.33735736227893104,0,3
1642,NJ1514002,1,0.35655151477848285,0,3
1643,NJ1515001,0,0.19284231104882413,0,1
1644,NJ1515001,0,0.19284231104882413,0,1
1645,NJ1516001,0,0.12802648319528565,0,2
1646,NJ1516001,0,0.12802648319528565,0,2
1647,NJ1516001,0,0.12802648319528565,0,2
1648,NJ1516001,0,0.05939114132158565,0,2
1649,NJ1516001,0,0.05939114132158565,0,2
1650,NJ1517001,0,0.1522219963507753,0,3
1651,NJ1517001,0,0.1522219963507753,0,3
1652,NJ1517001,0,0.1522219963507753,0,3
1653,NJ1518004,1,0.10029346984075302,0,1
1654,NJ1518004,1,0.10029346984075302,0,1
1655,NJ1518004,0,0.10029346984075302,0,1
1656,NJ1518004,0,0.11538802227431096,0,1
1657,NJ1518005,1,0.2272276210906397,0,2
1658,NJ1518005,0,0.13775388538777567,0,2
1659,NJ1518005,1,0.2272276210906397,0,2
1660,NJ1520001,0,0.23946580760014474,0,4
1661,NJ1520001,0,0.23946580760014474,0,4
1662,NJ1524001,0,0.34805684078683347,0,1
1663,NJ1524001,0,0.34805684078683347,0,1
1664,NJ1524001,0,0.34805684078683347,0,1
1665,NJ1524001,1,0.3635623097976397,0,1
1666,NJ1524001,1,0.3635623097976397,0,1
1667,NJ1525001,1,0.28979129307986357,0,2
1668,NJ1526001,0,0.382883748155081,0,4
1669,NJ1527001,0,0.4222652839999367,0,5
1670,NJ1527001,0,0.4222652839999367,0,5
1671,NJ1527001,0,0.4222652839999367,0,5
1672,NJ1528001,0,0.05636648411548413,0,1
1673,NJ1530004,0,0.1267945774465106,0,5
1674,NJ1530004,0,0.1267945774465106,0,5
1675,NJ1530004,0,0.1267945774465106,0,5
1676,NJ1531001,0,0.030119235208040326,0,4
1677,NJ1531001,0,0.030119235208040326,0,4
1678,NJ1531001,0,0.030119235208040326,0,4
1679,NJ1532002,0,0.08827854905683005,0,4
1680,NJ1533001,0,0.131809681718375,0,2
1681,NJ1533001,0,0.131809681718375,0,2
1682,NJ1533001,0,0.131809681718375,0,2
1683,NJ1533001,0,0.131809681718375,0,2
1684,NJ1601001,1,0.6700274136312561,1,5
1685,NJ1603001,1,0.7763229814604355,1,1
1686,NJ1604001,1,0.9469796936069016,1,4
1687,NJ1604001,1,0.9469796936069016,1,4
1688,NJ1604001,1,0.9539849679944506,1,4
1689,NJ1604001,1,0.9469796936069016,1,4
1690,NJ1605001,1,0.7053779193975637,1,1
1691,NJ1605001,1,0.7490482686152464,1,1
1692,NJ1605002,1,0.800950402901556,1,2
1693,NJ1609001,0,0.6575222976374475,1,2
1694,NJ1609001,0,0.6575222976374475,1,2
1695,NJ1611002,1,0.9076677743161614,1,1
1696,NJ1611002,1,0.9192173452950568,1,1
1697,NJ1611002,1,0.9192173452950568,1,1
1698,NJ1611002,1,0.9192173452950568,1,1
1699,NJ1612001,1,0.7765160550990622,1,3
1700,NJ1613002,1,0.8919907522430224,1,1
1701,NJ1613002,1,0.8919907522430224,1,1
1702,NJ1613002,1,0.8919907522430224,1,1
1703,NJ1613002,1,0.8770691455284284,1,1
1704,NJ1614001,1,0.6612823365187758,1,4
1705,NJ1616001,1,0.7533447226132304,1,2
1706,NJ1616001,1,0.7533447226132304,1,2
1707,NJ1707001,0,0.579935729540653,1,5
1708,NJ1707001,1,0.6788524702597207,1,5
1709,NJ1708001,1,0.46059125503781106,0,5
1710,NJ1708001,1,0.46059125503781106,0,5
1711,NJ1708001,1,0.46059125503781106,0,5
1712,NJ1712001,1,0.5941148102977741,1,1
1713,NJ1715001,0,0.5035328631688334,1,3
1714,NJ1715001,0,0.5035328631688334,1,3
1715,NJ1808001,1,0.7984395512692934,1,2
1716,NJ1808001,1,0.7984395512692934,1,2
1717,NJ1808001,1,0.7984395512692934,1,2
1718,NJ1904357,0,0.7552030582356632,1,5
1719,NJ1906002,0,0.84658018094592,1,1
1720,NJ1908322,0,0.11137558559687939,0,3
1721,NJ1909001,1,0.7675960820684831,1,2
1722,NJ1909001,1,0.7675960820684831,1,2
1723,NJ1910337,0,0.47899233354726434,0,2
1724,NJ1912001,0,0.7654423586236294,1,5
1725,NJ1912001,1,0.7654423586236294,1,5
1726,NJ1912001,0,0.7654423586236294,1,5
1727,NJ1912001,0,0.7654423586236294,1,5
1728,NJ1912001,0,0.7654423586236294,1,5
1729,NJ1912001,1,0.7654423586236294,1,5
1730,NJ1912001,0,0.7654423586236294,1,5
1731,NJ1915001,0,0.25061745499836685,0,4
1732,NJ1918004,1,0.6751632425908253,1,5
1733,NJ1918004,1,0.6751632425908253,1,5
1734,NJ1918004,1,0.6751632425908253,1,5
1735,NJ1918004,0,0.6751632425908253,1,5
1736,NJ1918004,1,0.6751632425908253,1,5
1737,NJ1918004,1,0.6751632425908253,1,5
1738,NJ1918004,1,0.6751632425908253,1,5
1739,NJ1918004,1,0.6751632425908253,1,5
1740,NJ1918004,1,0.6751632425908253,1,5
1741,NJ1918004,1,0.6751632425908253,1,5
1742,NJ1918004,1,0.6751632425908253,1,5
1743,NJ1918004,1,0.6751632425908253,1,5
1744,NJ1918004,1,0.6751632425908253,1,5
1745,NJ1919001,1,0.8035778229693956,1,3
1746,NJ1919001,1,0.8035778229693956,1,3
1747,NJ1919001,0,0.8035778229693956,1,3
1748,NJ1922026,1,0.7599529555752537,1,2
1749,NJ1922350,0,0.4125678046493474,0,1
1750,NJ1924316,0,0.1491159224649811,0,5
1751,NJ2004001,1,0.890981172819732,1,3
1752,NJ2004002,1,0.8310964148401574,1,3
1753,NJ2004002,1,0.8310964148401574,1,3
1754,NJ2004002,1,0.9218579827998171,1,3
1755,NJ2004002,1,0.8422816936476197,1,3
1756,NJ2004002,1,0.6932143467391801,1,3
1757,NJ2004002,1,0.8310964148401574,1,3
1758,NJ2004002,0,0.8310964148401574,1,3
1759,NJ2013001,1,0.8083723342949101,1,3
1760,NJ2101001,1,0.5497754297412917,1,1
1761,NJ2108001,0,0.7405545986282133,1,3
1762,NJ2108001,0,0.7405545986282133,1,3
1763,NJ2108001,0,0.7405545986282133,1,3
1764,NJ2108001,0,0.7405545986282133,1,3
1765,NJ2113002,0,0.4936016978620355,0,4
1766,NJ2119001,0,0.3193000841485594,0,5
1767,NJ2121001,0,0.5853641319719085,1,2
1768,NJ2121001,1,0.5661907307693101,1,2
1769,NJ2121001,1,0.5661907307693101,1,2
1770,NJ2121001,0,0.5853641319719085,1,2
1771,NJ2121001,1,0.5661907307693101,1,2
1772,NJ2121001,1,0.5661907307693101,1,2
1773,NY0100189,0,0.42729543705250783,0,4
1774,NY0100191,0,0.25436567416012323,0,2
1775,NY0100191,0,0.25436567416012323,0,2
1776,NY0100191,0,0.25239198345336705,0,2
1777,NY0100192,0,0.36858415334676514,0,5
1778,NY0100194,1,0.1923198264504715,0,4
1779,NY0100198,0,0.4471040033011114,0,2
1780,NY0100200,0,0.2236791303492748,0,4
1781,NY0100201,1,0.1704282054889165,0,4
1782,NY0100203,1,0.2601958969380796,0,3
1783,NY0100203,1,0.2601958969380796,0,3
1784,NY0100205,0,0.46417342403828504,0,5
1785,NY0110127,0,0.33369635542493503,0,3
1786,NY0200319,0,0.07061079547640997,0,2
1787,NY0200319,0,0.07061079547640997,0,2
1788,NY0200327,1,0.03214983981125362,0,3
1789,NY0220581,0,0.06177332108230213,0,4
1790,NY0301651,0,0.34167828089555446,0,4
1791,NY0301651,1,0.22516065996062384,0,4
1792,NY0301653,0,0.21323299587968023,0,1
1793,NY0301653,1,0.21323299587968023,0,1
1794,NY0301653,1,0.21323299587968023,0,1
1795,NY0301653,0,0.21323299587968023,0,1
1796,NY0301653,0,0.21323299587968023,0,1
1797,NY0301653,0,0.21323299587968023,0,1
1798,NY0301665,0,0.22979772777145727,0,5
1799,NY0301668,1,0.15071243726115152,0,5
1800,NY0301668,1,0.15071243726115152,0,5
1801,NY0301668,1,0.15071243726115152,0,5
1802,NY0301674,0,0.25989013611109263,0,2
1803,NY0301674,0,0.25989013611109263,0,2
1804,NY0301674,1,0.25989013611109263,0,2
1805,NY0400345,0,0.0729803180220301,0,3
1806,NY0400345,0,0.0729803180220301,0,3
1807,NY0400345,0,0.08069258591793717,0,3
1808,NY0400349,1,0.14873942227574785,0,4
1809,NY0400349,1,0.14873942227574785,0,4
1810,NY0420357,0,0.14211519448818122,0,1
1811,NY0420357,0,0.14211519448818122,0,1
1812,NY0420358,0,0.1448091486077553,0,1
1813,NY0501710,0,0.2540758674084102,0,2
1814,NY0501717,0,0.08508332209024137,0,4
1815,NY0501717,0,0.08508332209024137,0,4
1816,NY0501720,0,0.13040406096258822,0,1
1817,NY0501720,0,0.13040406096258822,0,1
1818,NY0600360,0,0.22618114541310433,0,2
1819,NY0600364,0,0.21270338802981809,0,2
1820,NY0600366,0,0.3300975634962284,0,3
1821,NY0600366,0,0.3300975634962284,0,3
1822,NY0600381,0,0.10468695836994463,0,2
1823,NY0615782,0,0.11678320999446848,0,2
1824,NY0701008,0,0.08795551165919555,0,3
1825,NY0701009,0,0.48211722926390366,0,2
1826,NY0701009,0,0.30702687795648204,0,2
1827,NY0701011,1,0.1253601563017211,0,3
1828,NY0701011,0,0.1253601563017211,0,3
1829,NY0701011,0,0.1253601563017211,0,3
1830,NY0801745,0,0.09763813014329042,0,5
1831,NY0801745,0,0.1400685350191092,0,5
1832,NY0900217,1,0.13626665793288975,0,5
1833,NY0900220,0,0.29162208772808657,0,4
1834,NY0904192,0,0.18280176661511868,0,3
1835,NY1000238,0,0.3587783442670516,0,5
1836,NY1000239,0,0.24203906947376064,0,2
1837,NY1100634,0,0.20812737913018117,0,3
1838,NY1101754,0,0.17370628966223162,0,2
1839,NY1101754,0,0.1845803468691176,0,2
1840,NY1101755,1,0.06038893889451579,0,2
1841,NY1101755,0,0.06038893889451579,0,2
1842,NY1101757,0,0.12937836627560373,0,3
1843,NY1101757,0,0.12937836627560373,0,3
1844,NY1200257,0,0.07048656782235757,0,4
1845,NY1200257,0,0.07048656782235757,0,4
1846,NY1200270,1,0.08565584509849347,0,4
1847,NY1200270,1,0.08565584509849347,0,4
1848,NY1302760,0,0.5011311250214738,1,5
1849,NY1302765,0,0.46181703274271646,0,2
1850,NY1302766,1,0.49104359339771886,0,1
1851,NY1302776,0,0.154360791993924,0,4
1852,NY1302783,0,0.39244863900102606,0,5
1853,NY1302794,1,0.641396042459282,1,3
1854,NY1302796,0,0.2699944510530111,0,4
1855,NY1302812,0,0.3696242955338588,0,3
1856,NY1319317,0,0.3877601266858274,0,4
1857,NY1330291,0,0.39660952942382616,0,2
1858,NY1330550,1,0.4795418347044342,0,5
1859,NY1330660,0,0.6203230263912599,1,1
1860,NY1330660,1,0.6203230263912599,1,1
1861,NY1330660,0,0.6203230263912599,1,1
1862,NY1400411,0,0.39779798951420475,0,4
1863,NY1400422,0,0.7519665410451845,1,2
1864,NY1400433,1,0.32101751555828245,0,2
1865,NY1400443,0,0.7995907499573375,1,4
1866,NY1400443,0,0.7995907499573375,1,4
1867,NY1400451,0,0.252570229598264,0,2
1868,NY1400539,0,0.11110775883060912,0,5
1869,NY1404556,0,0.9255199911804473,1,3
1870,NY1410142,0,0.35453924786070296,0,5
1871,NY1415379,0,0.35807209405451235,0,3
1872,NY1420549,0,0.5501994784290227,1,2
1873,NY1500284,0,0.08240676566569616,0,3
1874,NY1500286,0,0.3969547877689983,0,3
1875,NY1500293,0,0.03934127807551881,0,3
1876,NY1500293,0,0.05678716362071584,0,3
1877,NY1500293,1,0.043783700116158536,0,3
1878,NY1500299,0,0.24713708120940242,0,5
1879,NY1600008,0,0.17342871042017222,0,1
1880,NY1600011,0,0.07721367568245005,0,3
1881,NY1600012,0,0.017108921132502744,0,3
1882,NY1600012,0,0.01756707421385,0,3
1883,NY1700018,0,0.2326792726184886,0,1
1884,NY1700019,0,0.22040028841020898,0,4
1885,NY1700019,0,0.22040028841020898,0,4
1886,NY1800544,1,0.45397453621752654,0,4
1887,NY1800554,0,0.29931875709428346,0,5
1888,NY1800554,0,0.19626416719199077,0,5
1889,NY1900026,1,0.11945202483106084,0,4
1890,NY1900027,0,0.08503416358273001,0,2
1891,NY1920318,0,0.2768794771123209,0,2
1892,NY1920318,0,0.3168328554569678,0,2
1893,NY1920318,0,0.3168328554569678,0,2
1894,NY1930059,1,0.16782873227352016,0,3
1895,NY1930059,0,0.16782873227352016,0,3
1896,NY2102300,0,0.18685981183364037,0,5
1897,NY2102306,0,0.2965948276288161,0,5
1898,NY2102307,0,0.09153266900271007,0,2
1899,NY2102308,0,0.14605808146559307,0,4
1900,NY2102313,0,0.08460933383163824,0,3
1901,NY2202334,0,0.2265304808047666,0,4
1902,NY2202346,0,0.25107682269956305,0,2
1903,NY2212214,1,0.184528583431176,0,5
1904,NY2212214,0,0.26177256434997626,0,5
1905,NY2221206,1,0.5530312909384809,1,2
1906,NY2221206,0,0.5530312909384809,1,2
1907,NY2221206,0,0.5530312909384809,1,2
1908,NY2221206,0,0.5530312909384809,1,2
1909,NY2402365,0,0.17000691710834417,0,1
1910,NY2501015,0,0.046929494260812096,0,3
1911,NY2501017,0,0.3248686028240063,0,4
1912,NY2501019,0,0.24618794367584995,0,2
1913,NY2501023,0,0.029003690114863246,0,3
1914,NY2602371,0,0.3369471039794705,0,5
1915,NY2602377,0,0.22690123262602555,0,3
1916,NY2602377,0,0.22690123262602555,0,3
1917,NY2602379,0,0.2044797832129187,0,5
1918,NY2602381,0,0.28824748686448326,0,1
1919,NY2613319,0,0.11593558231097645,0,2
1920,NY2701039,0,0.16552996403627854,0,3
1921,NY2701045,1,0.1851195512476902,0,5
1922,NY2701047,0,0.6697535079035519,1,5
1923,NY2701047,0,0.6697535079035519,1,5
1924,NY2701047,0,0.6636805918536004,1,5
1925,NY2701047,0,0.6636805918536004,1,5
1926,NY2701047,0,0.7181405270278637,1,5
1927,NY2701118,0,0.48638102600559036,0,5
1928,NY2704518,0,0.3061063866721261,0,2
1929,NY2704518,0,0.35788278509534915,0,2
1930,NY2800136,0,0.2306296222890189,0,3
1931,NY2800139,0,0.0922699668517208,0,3
1932,NY2900000,0,0.10578861385950382,0,2
1933,NY2900000,0,0.10578861385950382,0,2
1934,NY2900000,1,0.1462470109321087,0,2
1935,NY2900000,0,0.1462470109321087,0,2
1936,NY2900000,0,0.13725114239630168,0,2
1937,NY2900000,0,0.1462470109321087,0,2
1938,NY2900000,0,0.1462470109321087,0,2
1939,NY2900000,0,0.1462470109321087,0,2
1940,NY2900000,0,0.13725114239630168,0,2
1941,NY2900000,0,0.13725114239630168,0,2
1942,NY2900000,1,0.1468149045044782,0,2
1943,NY2900000,0,0.2857851588913092,0,2
1944,NY2900000,0,0.13725114239630168,0,2
1945,NY2902815,0,0.4097113597764363,0,4
1946,NY2902815,1,0.44618881114210557,0,4
1947,NY2902815,1,0.4097113597764363,0,4
1948,NY2902815,1,0.4097113597764363,0,4
1949,NY2902816,0,0.3530714248401121,0,2
1950,NY2902816,0,0.3530714248401121,0,2
1951,NY2902816,0,0.3530714248401121,0,2
1952,NY2902817,0,0.24361526781306128,0,1
1953,NY2902817,0,0.24361526781306128,0,1
1954,NY2902817,0,0.30814313079906547,0,1
1955,NY2902817,0,0.37597921957803615,0,1
1956,NY2902817,1,0.37597921957803615,0,1
1957,NY2902818,0,0.5402287370844486,1,3
1958,NY2902818,0,0.5402287370844486,1,3
1959,NY2902818,0,0.7213120671026209,1,3
1960,NY2902822,0,0.3213372092990169,0,4
1961,NY2902822,0,0.3213372092990169,0,4
1962,NY2902822,0,0.3546740838077293,0,4
1963,NY2902823,0,0.3049179498606248,0,2
1964,NY2902823,0,0.3049179498606248,0,2
1965,NY2902823,0,0.3049179498606248,0,2
1966,NY2902824,0,0.4323116733563527,0,4
1967,NY2902824,1,0.46939772250331907,0,4
1968,NY2902824,0,0.4323116733563527,0,4
1969,NY2902824,0,0.46939772250331907,0,4
1970,NY2902824,0,0.4323116733563527,0,4
1971,NY2902824,0,0.4323116733563527,0,4
1972,NY2902825,1,0.4876723460292263,0,1
1973,NY2902825,0,0.4876723460292263,0,1
1974,NY2902825,1,0.4876723460292263,0,1
1975,NY2902825,1,0.6493116013524796,1,1
1976,NY2902825,1,0.4876723460292263,0,1
1977,NY2902826,0,0.39523414643673,0,2
1978,NY2902826,1,0.39523414643673,0,2
1979,NY2902826,1,0.39523414643673,0,2
1980,NY2902826,0,0.4141451267383968,0,2
1981,NY2902827,1,0.41463385762737187,0,4
1982,NY2902827,0,0.41463385762737187,0,4
1983,NY2902829,0,0.31025259148048434,0,4
1984,NY2902829,0,0.1982078634258739,0,4
1985,NY2902829,0,0.31025259148048434,0,4
1986,NY2902829,0,0.1982078634258739,0,4
1987,NY2902829,0,0.1982078634258739,0,4
1988,NY2902829,0,0.19135986601482108,0,4
1989,NY2902829,0,0.16934516239709563,0,4
1990,NY2902829,1,0.27928403619290804,0,4
1991,NY2902830,0,0.5148858913356498,1,2
1992,NY2902830,0,0.5137515760948983,1,2
1993,NY2902830,1,0.5148858913356498,1,2
1994,NY2902830,0,0.5137515760948983,1,2
1995,NY2902830,1,0.4218620218177713,0,2
1996,NY2902830,1,0.49526359422063665,0,2
1997,NY2902830,1,0.5148858913356498,1,2
1998,NY2902830,1,0.5148858913356498,1,2
1999,NY2902830,0,0.5137515760948983,1,2
2000,NY2902830,0,0.4218620218177713,0,2
2001,NY2902830,1,0.49526359422063665,0,2
2002,NY2902830,0,0.49526359422063665,0,2
2003,NY2902830,0,0.5137515760948983,1,2
2004,NY2902831,1,0.08842088388405207,0,5
2005,NY2902831,0,0.08528071738093704,0,5
2006,NY2902831,1,0.08842088388405207,0,5
2007,NY2902831,0,0.08842088388405207,0,5
2008,NY2902831,0,0.08842088388405207,0,5
2009,NY2902831,0,0.08842088388405207,0,5
2010,NY2902831,1,0.08842088388405207,0,5
2011,NY2902831,0,0.08842088388405207,0,5
2012,NY2902831,1,0.08842088388405207,0,5
2013,NY2902831,1,0.08842088388405207,0,5
2014,NY2902831,1,0.08842088388405207,0,5
2015,NY2902831,1,0.08842088388405207,0,5
2016,NY2902831,0,0.08842088388405207,0,5
2017,NY2902831,1,0.08842088388405207,0,5
2018,NY2902831,1,0.08842088388405207,0,5
2019,NY2902831,0,0.08842088388405207,0,5
2020,NY2902831,0,0.08842088388405207,0,5
2021,NY2902833,0,0.24882484314497402,0,5
2022,NY2902833,1,0.253968251378064,0,5
2023,NY2902833,0,0.253968251378064,0,5
2024,NY2902833,0,0.27264054974949103,0,5
2025,NY2902833,0,0.27264054974949103,0,5
2026,NY2902834,0,0.3372096380320212,0,5
2027,NY2902835,0,0.4747886734754003,0,5
2028,NY2902835,0,0.4747886734754003,0,5
2029,NY2902835,0,0.4747886734754003,0,5
2030,NY2902835,0,0.4747886734754003,0,5
2031,NY2902835,0,0.4747886734754003,0,5
2032,NY2902835,0,0.4747886734754003,0,5
2033,NY2902835,0,0.4747886734754003,0,5
2034,NY2902835,0,0.4747886734754003,0,5
2035,NY2902835,0,0.4747886734754003,0,5
2036,NY2902835,0,0.4747886734754003,0,5
2037,NY2902835,0,0.4747886734754003,0,5
2038,NY2902835,0,0.4747886734754003,0,5
2039,NY2902835,1,0.4747886734754003,0,5
2040,NY2902835,0,0.4747886734754003,0,5
2041,NY2902835,0,0.4747886734754003,0,5
2042,NY2902835,0,0.4747886734754003,0,5
2043,NY2902835,1,0.4747886734754003,0,5
2044,NY2902835,0,0.4747886734754003,0,5
2045,NY2902836,0,0.25205463722180793,0,5
2046,NY2902836,0,0.22946984294446768,0,5
2047,NY2902836,1,0.22946984294446768,0,5
2048,NY2902836,1,0.2343379785887085,0,5
2049,NY2902836,0,0.25205463722180793,0,5
2050,NY2902836,0,0.22946984294446768,0,5
2051,NY2902836,0,0.22946984294446768,0,5
2052,NY2902836,0,0.22946984294446768,0,5
2053,NY2902836,1,0.2343379785887085,0,5
2054,NY2902836,0,0.25205463722180793,0,5
2055,NY2902837,0,0.16918440626475809,0,3
2056,NY2902837,0,0.16918440626475809,0,3
2057,NY2902837,0,0.16918440626475809,0,3
2058,NY2902837,0,0.16918440626475809,0,3
2059,NY2902837,0,0.16918440626475809,0,3
2060,NY2902837,0,0.16918440626475809,0,3
2061,NY2902837,0,0.16918440626475809,0,3
2062,NY2902837,0,0.16918440626475809,0,3
2063,NY2902837,0,0.16918440626475809,0,3
2064,NY2902839,0,0.4468707915815638,0,4
2065,NY2902839,1,0.4468707915815638,0,4
2066,NY2902839,1,0.4839442695254423,0,4
2067,NY2902840,0,0.05731647355164644,0,5
2068,NY2902840,0,0.05881118089524677,0,5
2069,NY2902840,0,0.05731647355164644,0,5
2070,NY2902840,0,0.05731647355164644,0,5
2071,NY2902840,0,0.05731647355164644,0,5
2072,NY2902840,0,0.05731647355164644,0,5
2073,NY2902840,0,0.05731647355164644,0,5
2074,NY2902841,0,0.46978385635493974,0,2
2075,NY2902841,0,0.43601626223559553,0,2
2076,NY2902841,0,0.4709151103911294,0,2
2077,NY2902841,0,0.46978385635493974,0,2
2078,NY2902841,0,0.509709327536886,1,2
2079,NY2902841,0,0.46978385635493974,0,2
2080,NY2902841,0,0.43601626223559553,0,2
2081,NY2902841,0,0.5293037668456677,1,2
2082,NY2902843,0,0.4776767970773672,0,5
2083,NY2902845,0,0.2511735513872769,0,5
2084,NY2902845,0,0.2511735513872769,0,5
2085,NY2902845,0,0.3472215939681566,0,5
2086,NY2902845,1,0.25869460237640507,0,5
2087,NY2902845,1,0.25869460237640507,0,5
2088,NY2902848,0,0.3799029956989061,0,4
2089,NY2902848,0,0.3799029956989061,0,4
2090,NY2902848,0,0.323456623706077,0,4
2091,NY2902848,0,0.323456623706077,0,4
2092,NY2902851,0,0.26329833086137666,0,5
2093,NY2902851,0,0.2823969361909067,0,5
2094,NY2902851,0,0.2823969361909067,0,5
2095,NY2902851,1,0.2656848625497346,0,5
2096,NY2902851,0,0.26329833086137666,0,5
2097,NY2902851,0,0.2823969361909067,0,5
2098,NY2902851,0,0.2823969361909067,0,5
2099,NY2902851,1,0.2710510258769725,0,5
2100,NY2902853,0,0.4340031037803792,0,3
2101,NY2902853,0,0.38353740658919605,0,3
2102,NY2902854,0,0.3263322879648049,0,3
2103,NY2902854,0,0.3263322879648049,0,3
2104,NY2902854,0,0.3263322879648049,0,3
2105,NY2902854,0,0.3738355012131553,0,3
2106,NY2902854,0,0.3263322879648049,0,3
2107,NY2902854,0,0.3738355012131553,0,3
2108,NY2902854,0,0.3263322879648049,0,3
2109,NY2902856,0,0.25658934669954025,0,3
2110,NY2902856,0,0.25658934669954025,0,3
2111,NY2902856,0,0.25658934669954025,0,3
2112,NY2902856,0,0.25658934669954025,0,3
2113,NY2902856,1,0.25658934669954025,0,3
2114,NY2902856,0,0.25658934669954025,0,3
2115,NY2902856,1,0.25658934669954025,0,3
2116,NY2902857,0,0.4480036162268327,0,3
2117,NY2902857,0,0.34108117214824996,0,3
2118,NY2902858,0,0.45157316823965327,0,2
2119,NY2902858,1,0.43332870670724705,0,2
2120,NY2912267,0,0.6505625262643688,1,3
2121,NY2912267,0,0.6505625262643688,1,3
2122,NY2912267,0,0.6964683263018606,1,3
2123,NY2912267,0,0.6964683263018606,1,3
2124,NY2912267,1,0.6964683263018606,1,3
2125,NY2912267,1,0.6505625262643688,1,3
2126,NY2912267,1,0.6505625262643688,1,3
2127,NY2912267,1,0.6964683263018606,1,3
2128,NY2912267,1,0.6505625262643688,1,3
2129,NY3100557,0,0.21397703736746448,0,4
2130,NY3100561,1,0.21349016992816217,0,5
2131,NY3100563,0,0.21606535393336915,0,2
2132,NY3100564,0,0.25874376198481863,0,4
2133,NY3100568,0,0.3317868098470204,0,5
2134,NY3100571,0,0.21014629951213692,0,4
2135,NY3100572,0,0.29252906936766404,0,1
2136,NY3100573,1,0.2194762391838312,0,3
2137,NY3100574,0,0.30289683183680133,0,3
2138,NY3100574,0,0.30289683183680133,0,3
2139,NY3100577,0,0.1890872534345356,0,1
2140,NY3100580,0,0.17499282409320777,0,3
2141,NY3100585,0,0.2958752277888174,0,1
2142,NY3100587,0,0.21265040955837491,0,5
2143,NY3100588,0,0.23297744109823013,0,2
2144,NY3100595,0,0.28267604732176593,0,1
2145,NY3202405,0,0.22835258150901147,0,5
2146,NY3202411,0,0.2525792010168168,0,4
2147,NY3304307,0,0.48677942244836725,0,3
2148,NY3304307,0,0.48677942244836725,0,3
2149,NY3304334,0,0.29827262588053854,0,3
2150,NY3304336,0,0.6428775438175187,1,4
2151,NY3304336,0,0.6428775438175187,1,4
2152,NY3304336,1,0.5610119052175583,1,4
2153,NY3304343,0,0.43767055999304993,0,1
2154,NY3304343,0,0.43767055999304993,0,1
2155,NY3304344,0,0.4477145986026768,0,4
2156,NY3304347,0,0.336230152768885,0,1
2157,NY3316112,0,0.42204879795093964,0,3
2158,NY3400784,1,0.06437528365928624,0,3
2159,NY3401150,0,0.17133882063961292,0,1
2160,NY3401151,0,0.12317757951585805,0,5
2161,NY3401156,0,0.17590270146232498,0,5
2162,NY3401170,0,0.04549976599423523,0,2
2163,NY3404514,0,0.2938889661861713,0,2
2164,NY3411948,0,0.14947944485858883,0,1
2165,NY3411948,0,0.10891616717488865,0,1
2166,NY3430008,0,0.1413554094299382,0,5
2167,NY3430034,0,0.05586811729566367,0,4
2168,NY3430041,0,0.07999082322475203,0,3
2169,NY3503524,1,0.39414709843891343,0,5
2170,NY3503524,0,0.5232853005102187,1,5
2171,NY3503526,1,0.5640752812437332,1,3
2172,NY3503526,0,0.8370381193645319,1,3
2173,NY3503528,0,0.47612847421006815,0,1
2174,NY3503528,0,0.5873350779177966,1,1
2175,NY3503531,1,0.6728020698038162,1,4
2176,NY3503531,0,0.6728020698038162,1,4
2177,NY3503532,0,0.2641042156024405,0,5
2178,NY3503534,0,0.5064581044585246,1,4
2179,NY3503535,1,0.3938357602675616,0,4
2180,NY3503535,1,0.3156527618723816,0,4
2181,NY3503536,1,0.4956560970065909,0,4
2182,NY3503542,0,0.6175689168148669,1,1
2183,NY3503542,1,0.5798414855964293,1,1
2184,NY3503542,0,0.5798414855964293,1,1
2185,NY3503549,0,0.6549317469530943,1,1
2186,NY3503553,0,0.3943121381999031,0,4
2187,NY3503553,0,0.3943121381999031,0,4
2188,NY3503553,0,0.3943121381999031,0,4
2189,NY3503554,0,0.18152281048497979,0,2
2190,NY3503559,0,0.687764945499322,1,5
2191,NY3503559,0,0.7008145914916359,1,5
2192,NY3503559,0,0.7008145914916359,1,5
2193,NY3503561,0,0.38394659840413775,0,1
2194,NY3503561,0,0.43851921868573235,0,1
2195,NY3503567,0,0.7393058000049968,1,3
2196,NY3503567,0,0.7393058000049968,1,3
2197,NY3503573,0,0.597596496671666,1,3
2198,NY3503573,0,0.597596496671666,1,3
2199,NY3503573,1,0.597596496671666,1,3
2200,NY3503578,1,0.5476231723149831,1,2
2201,NY3503578,1,0.5024777828637963,1,2
2202,NY3503580,0,0.7556126235442604,1,3
2203,NY3503580,1,0.7692521563922725,1,3
2204,NY3503580,0,0.7538706297941143,1,3
2205,NY3503627,1,0.7744565011731966,1,3
2206,NY3503627,0,0.7744565011731966,1,3
2207,NY3503627,1,0.7933553919689172,1,3
2208,NY3503627,0,0.7933553919689172,1,3
2209,NY3503627,0,0.7933553919689172,1,3
2210,NY3504069,0,0.23220580089990875,0,4
2211,NY3504069,0,0.23220580089990875,0,4
2212,NY3504069,0,0.23220580089990875,0,4
2213,NY3511338,0,0.3732546953926498,0,2
2214,NY3511887,0,0.2250400328892399,0,4
2215,NY3522798,0,0.3504853089162954,0,1
2216,NY3600596,0,0.14395157013427343,0,1
2217,NY3600600,0,0.19914543235326354,0,2
2218,NY3630023,1,0.5404131575990171,1,4
2219,NY3704355,0,0.6265311152057389,1,2
2220,NY3704361,0,0.37274525999988245,0,5
2221,NY3730037,0,0.2474381878089555,0,4
2222,NY3800154,0,0.09538267019346491,0,5
2223,NY3802590,0,0.03938153630528502,0,2
2224,NY3830002,0,0.08982041272982057,0,5
2225,NY3903641,0,0.3929105399412376,0,2
2226,NY3922421,0,0.36215023998425283,0,3
2227,NY4100041,0,0.43508430867480924,0,1
2228,NY4100044,0,0.21629656866500882,0,1
2229,NY4100050,0,0.34799177646024765,0,2
2230,NY4100051,0,0.20118663788167204,0,1
2231,NY4110144,0,0.24222815046205473,0,1
2232,NY4130243,0,0.37696831481680787,0,2
2233,NY4130338,0,0.13154659843936306,0,1
2234,NY4303666,1,0.6526004454798793,1,2
2235,NY4303673,1,0.696647871100487,1,3
2236,NY4303673,1,0.6968017518008368,1,3
2237,NY4303673,1,0.6758386246936987,1,3
2238,NY4303673,1,0.6968017518008368,1,3
2239,NY4303673,1,0.7024530703157422,1,3
2240,NY4303673,0,0.6968017518008368,1,3
2241,NY4303673,1,0.6758386246936987,1,3
2242,NY4303673,1,0.657006644287146,1,3
2243,NY4303673,1,0.7198537832653974,1,3
2244,NY4303673,1,0.466413108868159,0,3
2245,NY4303673,1,0.7024530703157422,1,3
2246,NY4303673,0,0.6968017518008368,1,3
2247,NY4303673,1,0.657006644287146,1,3
2248,NY4303673,0,0.5186097480022248,1,3
2249,NY4303673,0,0.657006644287146,1,3
2250,NY4303673,1,0.49426829939120603,0,3
2251,NY4303673,0,0.657006644287146,1,3
2252,NY4303673,1,0.657006644287146,1,3
2253,NY4303673,1,0.657006644287146,1,3
2254,NY4303673,1,0.7024530703157422,1,3
2255,NY4303673,1,0.657006644287146,1,3
2256,NY4303673,1,0.657006644287146,1,3
2257,NY4303673,1,0.6509211040563554,1,3
2258,NY4303673,1,0.804208176348875,1,3
2259,NY4303673,1,0.657006644287146,1,3
2260,NY4303673,1,0.657006644287146,1,3
2261,NY4303673,0,0.7024530703157422,1,3
2262,NY4303673,0,0.7024530703157422,1,3
2263,NY4303673,1,0.657006644287146,1,3
2264,NY4303673,1,0.657006644287146,1,3
2265,NY4303673,0,0.657006644287146,1,3
2266,NY4303673,1,0.7198537832653974,1,3
2267,NY4303673,1,0.466413108868159,0,3
2268,NY4303673,0,0.696647871100487,1,3
2269,NY4303675,1,0.7842111907670889,1,5
2270,NY4404381,0,0.099890815481955,0,5
2271,NY4404381,0,0.099890815481955,0,5
2272,NY4404381,0,0.099890815481955,0,5
2273,NY4404381,0,0.099890815481955,0,5
2274,NY4404381,0,0.099890815481955,0,5
2275,NY4404385,0,0.09877680885896169,0,2
2276,NY4404390,0,0.15318900305433547,0,5
2277,NY4404394,0,0.14775050175997315,0,2
2278,NY4404397,0,0.3123387056429545,0,5
2279,NY4500162,0,0.5657942603697572,1,2
2280,NY4500164,0,0.11688980861771953,0,4
2281,NY4500166,0,0.37000225743656084,0,2
2282,NY4500168,0,0.5457136723496495,1,5
2283,NY4500168,1,0.27644689062401706,0,5
2284,NY4500170,0,0.5590619290840626,1,3
2285,NY4500173,0,0.19184353911980664,0,1
2286,NY4500173,0,0.1979668378649021,0,1
2287,NY4500175,1,0.3940244912109245,0,2
2288,NY4500175,0,0.32993330319304237,0,2
2289,NY4500175,0,0.18985062812146372,0,2
2290,NY4500175,0,0.32993330319304237,0,2
2291,NY4500175,0,0.32993330319304237,0,2
2292,NY4500175,0,0.32993330319304237,0,2
2293,NY4500177,0,0.2307102877039914,0,2
2294,NY4500177,0,0.2307102877039914,0,2
2295,NY4500178,0,0.5584929548043123,1,2
2296,NY4500186,0,0.5268770469691239,1,3
2297,NY4500186,0,0.5268770469691239,1,3
2298,NY4500186,0,0.4986874656599964,0,3
2299,NY4500186,0,0.5268770469691239,1,3
2300,NY4505658,0,0.5820975860970755,1,2
2301,NY4505658,0,0.5496063492028201,1,2
2302,NY4511620,0,0.25552534856956866,0,3
2303,NY4511620,0,0.25552534856956866,0,3
2304,NY4519111,0,0.3068773659363487,0,5
2305,NY4519111,0,0.3068773659363487,0,5
2306,NY4530240,0,0.17869911950652856,0,4
2307,NY4600069,0,0.46394344242059976,0,1
2308,NY4600071,1,0.590391571747991,1,5
2309,NY4600073,0,0.5718872223810761,1,3
2310,NY4600091,1,0.5708460560013365,1,4
2311,NY4700094,0,0.1684749897975726,0,3
2312,NY4901198,0,0.1515026126290624,0,4
2313,NY4901199,0,0.11040162999067048,0,3
2314,NY5001206,0,0.09513245876967256,0,2
2315,NY5001206,0,0.09513245876967256,0,2
2316,NY5001206,0,0.09513245876967256,0,2
2317,NY5001206,0,0.09513245876967256,0,2
2318,NY5001209,1,0.16477686060375862,0,1
2319,NY5001209,0,0.15947603055903986,0,1
2320,NY5001212,0,0.09085968761135098,0,3
2321,NY5001212,0,0.09085968761135098,0,3
2322,NY5001212,1,0.09085968761135098,0,3
2323,NY5001212,0,0.09085968761135098,0,3
2324,NY5001212,0,0.09085968761135098,0,3
2325,NY5001215,0,0.10777272839770834,0,4
2326,NY5001215,0,0.1283685788696955,0,4
2327,NY5103263,0,0.3415553857071061,0,2
2328,NY5103263,0,0.30753180467503094,0,2
2329,NY5103263,0,0.30753180467503094,0,2
2330,NY5103263,0,0.30753180467503094,0,2
2331,NY5103263,0,0.23390713406452524,0,2
2332,NY5103263,0,0.3415553857071061,0,2
2333,NY5103263,0,0.30753180467503094,0,2
2334,NY5103263,0,0.30753180467503094,0,2
2335,NY5103263,0,0.2910703813664929,0,2
2336,NY5103263,0,0.2910703813664929,0,2
2337,NY5103263,0,0.30753180467503094,0,2
2338,NY5103266,1,0.0008355860578712599,0,2
2339,NY5103271,1,0.24339013166387036,0,4
2340,NY5103271,0,0.24339013166387036,0,4
2341,NY5103271,0,0.24339013166387036,0,4
2342,NY5103271,0,0.27188001513574617,0,4
2343,NY5103271,0,0.24339013166387036,0,4
2344,NY5103271,1,0.24339013166387036,0,4
2345,NY5103271,0,0.27188001513574617,0,4
2346,NY5103271,0,0.28060958547712367,0,4
2347,NY5103271,0,0.27188001513574617,0,4
2348,NY5103271,1,0.24339013166387036,0,4
2349,NY5103271,0,0.27188001513574617,0,4
2350,NY5103271,0,0.24339013166387036,0,4
2351,NY5103276,0,0.1868529888632332,0,5
2352,NY5103276,0,0.1868529888632332,0,5
2353,NY5103276,0,0.1868529888632332,0,5
2354,NY5103276,0,0.1726613223675252,0,5
2355,NY5103276,0,0.1868529888632332,0,5
2356,NY5103276,0,0.1868529888632332,0,5
2357,NY5103276,0,0.1726613223675252,0,5
2358,NY5103280,0,0.18628485668029796,0,5
2359,NY5103280,0,0.18628485668029796,0,5
2360,NY5103704,0,0.18390494046418246,0,5
2361,NY5103704,1,0.1880423330337046,0,5
2362,NY5103704,0,0.18390494046418246,0,5
2363,NY5103704,0,0.18390494046418246,0,5
2364,NY5103704,0,0.18390494046418246,0,5
2365,NY5103705,0,0.3430511050061961,0,5
2366,NY5103705,0,0.5585849393393346,1,5
2367,NY5103705,0,0.5585849393393346,1,5
2368,NY5103705,0,0.3430511050061961,0,5
2369,NY5103705,0,0.3430511050061961,0,5
2370,NY5103705,0,0.3430511050061961,0,5
2371,NY5103705,0,0.3430511050061961,0,5
2372,NY5103705,0,0.3430511050061961,0,5
2373,NY5103705,0,0.3430511050061961,0,5
2374,NY5103705,1,0.34923670481455915,0,5
2375,NY5105656,0,0.13730873034400654,0,1
2376,NY5110526,0,0.9982839485052227,1,1
2377,NY5110526,1,0.9981725168955202,1,1
2378,NY5110526,0,0.9981725168955202,1,1
2379,NY5110526,0,0.9981725168955202,1,1
2380,NY5110526,0,0.9981725168955202,1,1
2381,NY5110526,0,0.9981725168955202,1,1
2382,NY5110526,0,0.9981725168955202,1,1
2383,NY5110526,0,0.9981725168955202,1,1
2384,NY5110526,0,0.9981725168955202,1,1
2385,NY5110526,0,0.9981725168955202,1,1
2386,NY5110526,0,0.9981725168955202,1,1
2387,NY5110526,0,0.9981725168955202,1,1
2388,NY5110526,0,0.9981725168955202,1,1
2389,NY5110526,0,0.9981725168955202,1,1
2390,NY5110526,0,0.9981725168955202,1,1
2391,NY5110526,1,0.9981725168955202,1,1
2392,NY5110526,0,0.9981725168955202,1,1
2393,NY5110526,1,0.9981725168955202,1,1
2394,NY5110526,0,0.9981725168955202,1,1
2395,NY5110526,0,0.9981725168955202,1,1
2396,NY5110526,0,0.9981725168955202,1,1
2397,NY5110526,0,0.9982839485052227,1,1
2398,NY5110526,0,0.9982839485052227,1,1
2399,NY5110526,0,0.9981725168955202,1,1
2400,NY5110526,0,0.9981725168955202,1,1
2401,NY5110526,0,0.9981725168955202,1,1
2402,NY5110526,0,0.9982839485052227,1,1
2403,NY5110526,0,0.9981725168955202,1,1
2404,NY5110526,0,0.9981725168955202,1,1
2405,NY5110526,0,0.9982839485052227,1,1
2406,NY5110526,0,0.9981725168955202,1,1
2407,NY5110526,0,0.9981725168955202,1,1
2408,NY5110526,0,0.9981725168955202,1,1
2409,NY5110526,0,0.9981725168955202,1,1
2410,NY5110526,0,0.9981725168955202,1,1
2411,NY5110526,0,0.9981725168955202,1,1
2412,NY5110526,0,0.9981725168955202,1,1
2413,NY5110526,0,0.9981725168955202,1,1
2414,NY5110526,0,0.9982839485052227,1,1
2415,NY5110526,0,0.9981725168955202,1,1
2416,NY5110526,0,0.9981725168955202,1,1
2417,NY5110526,0,0.9981725168955202,1,1
2418,NY5110526,0,0.9981725168955202,1,1
2419,NY5110526,0,0.9981725168955202,1,1
2420,NY5110526,0,0.9981725168955202,1,1
2421,NY5110526,0,0.9981725168955202,1,1
2422,NY5110526,0,0.9981725168955202,1,1
2423,NY5110526,0,0.9982839485052227,1,1
2424,NY5110526,1,0.9981725168955202,1,1
2425,NY5110526,0,0.9981725168955202,1,1
2426,NY5110526,0,0.9981725168955202,1,1
2427,NY5110526,0,0.9981725168955202,1,1
2428,NY5110526,0,0.9981725168955202,1,1
2429,NY5110526,0,0.9981725168955202,1,1
2430,NY5110526,0,0.9982839485052227,1,1
2431,NY5110526,0,0.9982839485052227,1,1
2432,NY5110526,0,0.9982839485052227,1,1
2433,NY5110526,0,0.9982839485052227,1,1
2434,NY5110526,1,0.9982839485052227,1,1
2435,NY5110526,0,0.9981725168955202,1,1
2436,NY5110526,0,0.9981725168955202,1,1
2437,NY5110526,0,0.9982839485052227,1,1
2438,NY5110526,0,0.9981725168955202,1,1
2439,NY5110526,0,0.9982839485052227,1,1
2440,NY5110526,0,0.9982839485052227,1,1
2441,NY5110526,0,0.9982839485052227,1,1
2442,NY5110526,1,0.9982839485052227,1,1
2443,NY5110526,0,0.9982839485052227,1,1
2444,NY5110526,0,0.9982839485052227,1,1
2445,NY5110526,0,0.9990596538512525,1,1
2446,NY5110526,0,0.9981725168955202,1,1
2447,NY5110526,0,0.9982839485052227,1,1
2448,NY5110526,0,0.9981725168955202,1,1
2449,NY5110526,1,0.9982839485052227,1,1
2450,NY5110526,0,0.9982839485052227,1,1
2451,NY5110526,1,0.9982839485052227,1,1
2452,NY5110526,0,0.9982839485052227,1,1
2453,NY5110526,0,0.9981725168955202,1,1
2454,NY5110526,0,0.9982839485052227,1,1
2455,NY5110526,0,0.9981725168955202,1,1
2456,NY5110526,0,0.9981725168955202,1,1
2457,NY5110526,0,0.9982839485052227,1,1
2458,NY5110526,0,0.9981725168955202,1,1
2459,NY5110526,1,0.9990596538512525,1,1
2460,NY5110526,0,0.9981725168955202,1,1
2461,NY5110526,0,0.9981725168955202,1,1
2462,NY5110526,0,0.9981725168955202,1,1
2463,NY5110526,0,0.9981725168955202,1,1
2464,NY5110526,1,0.9982839485052227,1,1
2465,NY5110526,1,0.9982839485052227,1,1
2466,NY5110526,0,0.9981725168955202,1,1
2467,NY5110526,0,0.9981725168955202,1,1
2468,NY5110526,1,0.9982839485052227,1,1
2469,NY5110526,0,0.9982839485052227,1,1
2470,NY5110526,0,0.9982839485052227,1,1
2471,NY5110526,0,0.9982839485052227,1,1
2472,NY5110526,1,0.9981725168955202,1,1
2473,NY5110526,0,0.9981725168955202,1,1
2474,NY5110526,0,0.9981725168955202,1,1
2475,NY5110526,0,0.9982839485052227,1,1
2476,NY5110526,0,0.9981725168955202,1,1
2477,NY5110526,0,0.9981725168955202,1,1
2478,NY5110526,0,0.9981725168955202,1,1
2479,NY5110526,0,0.9982839485052227,1,1
2480,NY5110526,0,0.9981725168955202,1,1
2481,NY5110526,0,0.9981725168955202,1,1
2482,NY5110526,0,0.9981725168955202,1,1
2483,NY5110526,0,0.9981725168955202,1,1
2484,NY5110526,0,0.9981725168955202,1,1
2485,NY5110526,0,0.9981725168955202,1,1
2486,NY5110526,1,0.9981725168955202,1,1
2487,NY5110526,0,0.9981725168955202,1,1
2488,NY5110526,0,0.9982839485052227,1,1
2489,NY5110526,0,0.9981725168955202,1,1
2490,NY5110526,0,0.9981725168955202,1,1
2491,NY5110526,0,0.9981725168955202,1,1
2492,NY5110526,0,0.9981725168955202,1,1
2493,NY5110526,0,0.9981725168955202,1,1
2494,NY5110526,0,0.9981725168955202,1,1
2495,NY5110526,0,0.9981725168955202,1,1
2496,NY5110526,0,0.9981725168955202,1,1
2497,NY5110526,0,0.9982839485052227,1,1
2498,NY5110526,0,0.9981725168955202,1,1
2499,NY5110526,1,0.9981725168955202,1,1
2500,NY5110526,0,0.9981725168955202,1,1
2501,NY5110526,0,0.9981725168955202,1,1
2502,NY5110526,1,0.9981725168955202,1,1
2503,NY5110526,1,0.9982839485052227,1,1
2504,NY5110526,0,0.9981725168955202,1,1
2505,NY5110526,0,0.9982839485052227,1,1
2506,NY5110526,0,0.9981725168955202,1,1
2507,NY5110526,1,0.9981725168955202,1,1
2508,NY5110526,0,0.9981725168955202,1,1
2509,NY5110526,1,0.9981725168955202,1,1
2510,NY5110526,0,0.9982839485052227,1,1
2511,NY5110526,0,0.9981725168955202,1,1
2512,NY5110526,0,0.9981725168955202,1,1
2513,NY5110526,1,0.9982839485052227,1,1
2514,NY5110526,1,0.9981725168955202,1,1
2515,NY5110526,1,0.9981725168955202,1,1
2516,NY5110526,0,0.9981725168955202,1,1
2517,NY5110526,0,0.9981725168955202,1,1
2518,NY5110526,1,0.9982839485052227,1,1
2519,NY5110526,0,0.9982839485052227,1,1
2520,NY5110526,0,0.9981725168955202,1,1
2521,NY5110526,0,0.9981725168955202,1,1
2522,NY5110526,1,0.999117039733346,1,1
2523,NY5110526,0,0.9981725168955202,1,1
2524,NY5110526,0,0.9981725168955202,1,1
2525,NY5110526,0,0.9981725168955202,1,1
2526,NY5110526,0,0.9982839485052227,1,1
2527,NY5110526,0,0.9981725168955202,1,1
2528,NY5110526,0,0.9982839485052227,1,1
2529,NY5110526,0,0.9982839485052227,1,1
2530,NY5110526,0,0.9982839485052227,1,1
2531,NY5110526,1,0.9981725168955202,1,1
2532,NY5110526,0,0.9982839485052227,1,1
2533,NY5110526,0,0.9981725168955202,1,1
2534,NY5110526,0,0.9981725168955202,1,1
2535,NY5110526,1,0.9981725168955202,1,1
2536,NY5110526,0,0.9981725168955202,1,1
2537,NY5110526,0,0.9981725168955202,1,1
2538,NY5110526,1,0.9981725168955202,1,1
2539,NY5110526,1,0.9981725168955202,1,1
2540,NY5110526,1,0.9982839485052227,1,1
2541,NY5110526,0,0.9981725168955202,1,1
2542,NY5110526,0,0.9982839485052227,1,1
2543,NY5110526,0,0.9981725168955202,1,1
2544,NY5110526,0,0.9982839485052227,1,1
2545,NY5110526,1,0.9981725168955202,1,1
2546,NY5110526,0,0.9982839485052227,1,1
2547,NY5110526,0,0.9981725168955202,1,1
2548,NY5110526,0,0.9981725168955202,1,1
2549,NY5110526,0,0.9981725168955202,1,1
2550,NY5110526,0,0.9981725168955202,1,1
2551,NY5110526,0,0.9981725168955202,1,1
2552,NY5110526,0,0.9981725168955202,1,1
2553,NY5110526,0,0.9982839485052227,1,1
2554,NY5110526,1,0.9981725168955202,1,1
2555,NY5110526,1,0.9981725168955202,1,1
2556,NY5110526,0,0.9982839485052227,1,1
2557,NY5110526,0,0.9982839485052227,1,1
2558,NY5110526,0,0.9981725168955202,1,1
2559,NY5110526,1,0.9981725168955202,1,1
2560,NY5110526,0,0.9981725168955202,1,1
2561,NY5110526,0,0.9981725168955202,1,1
2562,NY5110526,0,0.9981725168955202,1,1
2563,NY5110526,0,0.9981725168955202,1,1
2564,NY5110526,0,0.9981725168955202,1,1
2565,NY5110526,1,0.9981725168955202,1,1
2566,NY5110526,0,0.9981725168955202,1,1
2567,NY5110526,0,0.9981725168955202,1,1
2568,NY5110526,0,0.9981725168955202,1,1
2569,NY5110526,0,0.9981725168955202,1,1
2570,NY5110526,0,0.9981725168955202,1,1
2571,NY5110526,1,0.9981725168955202,1,1
2572,NY5110526,0,0.9982839485052227,1,1
2573,NY5110526,0,0.9981725168955202,1,1
2574,NY5110526,0,0.9981725168955202,1,1
2575,NY5110526,1,0.9981725168955202,1,1
2576,NY5110526,0,0.9982839485052227,1,1
2577,NY5110526,0,0.9981725168955202,1,1
2578,NY5110526,0,0.9982839485052227,1,1
2579,NY5110526,0,0.9981725168955202,1,1
2580,NY5110526,0,0.9981725168955202,1,1
2581,NY5110526,0,0.9981725168955202,1,1
2582,NY5110526,0,0.9982839485052227,1,1
2583,NY5110526,0,0.9981725168955202,1,1
2584,NY5110526,1,0.9982839485052227,1,1
2585,NY5110526,0,0.9981725168955202,1,1
2586,NY5110526,0,0.9981725168955202,1,1
2587,NY5110526,1,0.9981725168955202,1,1
2588,NY5110526,0,0.9982839485052227,1,1
2589,NY5110526,0,0.9981725168955202,1,1
2590,NY5110526,0,0.9981725168955202,1,1
2591,NY5110526,1,0.9981725168955202,1,1
2592,NY5110526,1,0.9981725168955202,1,1
2593,NY5110526,0,0.9982839485052227,1,1
2594,NY5110526,0,0.9981725168955202,1,1
2595,NY5110526,0,0.9981725168955202,1,1
2596,NY5110526,1,0.9981725168955202,1,1
2597,NY5110526,0,0.9981725168955202,1,1
2598,NY5110526,0,0.9981725168955202,1,1
2599,NY5110526,0,0.9981725168955202,1,1
2600,NY5110526,0,0.9981725168955202,1,1
2601,NY5110526,0,0.9981725168955202,1,1
2602,NY5110526,0,0.9981725168955202,1,1
2603,NY5110526,0,0.9981725168955202,1,1
2604,NY5110526,1,0.9981725168955202,1,1
2605,NY5110526,0,0.9981725168955202,1,1
2606,NY5110526,0,0.9981725168955202,1,1
2607,NY5110526,0,0.9981725168955202,1,1
2608,NY5110526,0,0.9981725168955202,1,1
2609,NY5110526,0,0.9981725168955202,1,1
2610,NY5110526,0,0.9981725168955202,1,1
2611,NY5110526,1,0.9981725168955202,1,1
2612,NY5110526,1,0.9982839485052227,1,1
2613,NY5110526,0,0.9981725168955202,1,1
2614,NY5110526,1,0.9981725168955202,1,1
2615,NY5110526,1,0.9982839485052227,1,1
2616,NY5110526,0,0.9981725168955202,1,1
2617,NY5110526,0,0.9981725168955202,1,1
2618,NY5111891,0,0.5460233505603179,1,3
2619,NY5111891,1,0.5460233505603179,1,3
2620,NY5111891,0,0.5460233505603179,1,3
2621,NY5111891,0,0.5217898841005593,1,3
2622,NY5203324,0,0.4900651164614105,0,2
2623,NY5203324,1,0.4900651164614105,0,2
2624,NY5203324,0,0.4900651164614105,0,2
2625,NY5203324,0,0.4900651164614105,0,2
2626,NY5203324,0,0.4900651164614105,0,2
2627,NY5203324,0,0.4900651164614105,0,2
2628,NY5203329,0,0.2239079110706011,0,1
2629,NY5203329,1,0.28187358288379316,0,1
2630,NY5203329,0,0.2239079110706011,0,1
2631,NY5203330,0,0.21202285705190269,0,3
2632,NY5203337,1,0.2900611887159381,0,5
2633,NY5203337,0,0.405059132615435,0,5
2634,NY5203348,0,0.3775572391862993,0,5
2635,NY5203348,0,0.2830051070315957,0,5
2636,NY5203348,0,0.3775572391862993,0,5
2637,NY5203353,0,0.2881623897137776,0,2
2638,NY5304409,0,0.1472895630451679,0,5
2639,NY5304409,0,0.1472895630451679,0,5
2640,NY5304410,1,0.08146820084474618,0,5
2641,NY5304410,1,0.08146820084474618,0,5
2642,NY5304410,0,0.08146820084474618,0,5
2643,NY5304410,1,0.08146820084474618,0,5
2644,NY5330037,0,0.06420618250532505,0,5
2645,NY5404416,0,0.05935779460211325,0,4
2646,NY5404419,1,0.20427032218327723,0,1
2647,NY5417686,0,0.07374671268008762,0,2
2648,NY5503367,0,0.19043283180522777,0,2
2649,NY5503368,0,0.2664575392725086,0,3
2650,NY5503374,1,0.14759705980452795,0,5
2651,NY5503379,0,0.25739654429903935,0,3
2652,NY5503382,0,0.1286351368969012,0,1
2653,NY5503386,0,0.10760455982411794,0,2
2654,NY5503390,0,0.2068338091815662,0,4
2655,NY5503392,0,0.06762240414141414,0,3
2656,NY5510590,0,0.37140351659185417,0,3
2657,NY5600104,1,0.322344973528915,0,3
2658,NY5600114,0,0.4082465043920825,0,5
2659,NY5700119,1,0.24745734273041725,0,4
2660,NY5700123,0,0.07447605007901333,0,4
2661,NY5704191,0,0.27274157311647107,0,5
2662,NY5722361,0,0.14551701455749733,0,3
2663,NY5801231,0,0.20374186193519078,0,4
2664,NY5801232,0,0.14753619423944792,0,4
2665,NY5801233,0,0.11818733900902505,0,4
2666,NY5801235,0,0.10920738030570121,0,3
2667,NY5801247,1,0.16721330451258065,0,3
2668,NY5801257,0,0.13176211676159386,0,2
2669,NY5801257,0,0.13176211676159386,0,2
2670,NY5801257,0,0.13176211676159386,0,2
2671,NY5801258,0,0.13502852725150594,0,3
2672,NY5821130,0,0.08575971132478646,0,3
2673,NY5903150,1,0.1766867818427928,0,2
2674,NY5903419,1,0.21081814310763422,0,4
2675,NY5903420,0,0.3069226201533217,0,2
2676,NY5903423,0,0.47446090005318436,0,5
2677,NY5903425,0,0.294844430615779,0,1
2678,NY5903427,0,0.5806396360984228,1,3
2679,NY5903429,0,0.4241609264454962,0,4
2680,NY5903432,0,0.4660834627945947,0,2
2681,NY5903433,0,0.3852845378224407,0,3
2682,NY5903435,0,0.3362583637831909,0,4
2683,NY5903435,0,0.40586822543454715,0,4
2684,NY5903437,0,0.4243664857742373,0,1
2685,NY5903437,1,0.32349520913457147,0,1
2686,NY5903441,0,0.5221463614922971,1,4
2687,NY5903441,0,0.5221463614922971,1,4
2688,NY5903442,0,0.5330658066659242,1,1
2689,NY5903444,0,0.6075115947879289,1,3
2690,NY5903450,0,0.5687029539365294,1,5
2691,NY5903451,1,0.6681281401346384,1,1
2692,NY5903452,0,0.5459773857432699,1,3
2693,NY5903455,0,0.5287698145578624,1,1
2694,NY5903456,0,0.41034517515123337,0,2
2695,NY5903456,1,0.41034517515123337,0,2
2696,NY5903457,0,0.4635532094637849,0,3
2697,NY5903457,0,0.4635532094637849,0,3
2698,NY5903461,0,0.5157628350942235,1,2
2699,NY5903464,0,0.3953466330474531,0,2
2700,NY5903464,0,0.3953466330474531,0,2
2701,NY5903465,0,0.3724857470740183,0,3
2702,NY5903465,0,0.3724857470740183,0,3
2703,NY5903469,0,0.4622980896322862,0,4
2704,NY5903469,1,0.4622980896322862,0,4
2705,NY5903482,0,0.4843544368257686,0,5
2706,NY5906659,1,0.16559869980910052,0,3
2707,NY5917221,1,0.7141616131983828,1,5
2708,NY5930082,0,0.45775466617030347,0,5
2709,NY6000613,0,0.11662996633707548,0,1
2710,NY6000618,0,0.17474370783226792,0,5
2711,NY6101263,1,0.059810595268052665,0,2
2712,NY7003493,0,0.32675444431158773,0,2
2713,NY7003493,0,0.4138175893842969,0,2
2714,NY7003493,0,0.4138175893842969,0,2
2715,NY7003493,0,0.4910315124452708,0,2
2716,PA1090001,1,0.9037191461082837,1,1
2717,PA1090005,1,0.8335210074665461,1,1
2718,PA1090005,1,0.8068499093616154,1,1
2719,PA1090005,1,0.8245906198511854,1,1
2720,PA1090022,1,0.8008305610662605,1,4
2721,PA1090026,0,0.6008854986972264,1,3
2722,PA1090037,0,0.6223092114057661,1,3
2723,PA1090043,1,0.8207472194030252,1,1
2724,PA1090043,1,0.8207472194030252,1,1
2725,PA1090043,0,0.6591127985392246,1,1
2726,PA1090043,1,0.6591127985392246,1,1
2727,PA1090046,1,0.8520006257430105,1,3
2728,PA1090046,1,0.8764683066925497,1,3
2729,PA1090046,0,0.8764683066925497,1,3
2730,PA1090046,1,0.8520006257430105,1,3
2731,PA1090063,1,0.850533701062547,1,5
2732,PA1090063,1,0.850533701062547,1,5
2733,PA1090063,1,0.6453919943787098,1,5
2734,PA1090069,1,0.7372563468069242,1,3
2735,PA1090069,1,0.7372563468069242,1,3
2736,PA1090069,0,0.43036979646389295,0,3
2737,PA1090070,0,0.9204754761586204,1,4
2738,PA1090070,0,0.9204754761586204,1,4
2739,PA1090070,0,0.9204754761586204,1,4
2740,PA1090070,0,0.9204754761586204,1,4
2741,PA1090070,0,0.9204754761586204,1,4
2742,PA1090070,0,0.9204754761586204,1,4
2743,PA1090070,0,0.7923304322417354,1,4
2744,PA1090070,0,0.7923304322417354,1,4
2745,PA1090070,0,0.7923304322417354,1,4
2746,PA1090070,1,0.7923304322417354,1,4
2747,PA1090070,0,0.7923304322417354,1,4
2748,PA1090070,0,0.7923304322417354,1,4
2749,PA1090070,0,0.7923304322417354,1,4
2750,PA1090074,0,0.40292053471459566,0,1
2751,PA1090074,1,0.6063597050963726,1,1
2752,PA1090074,1,0.6063597050963726,1,1
2753,PA1090078,1,0.929389353112891,1,4
2754,PA1090078,1,0.929389353112891,1,4
2755,PA1090079,1,0.501068618255033,1,4
2756,PA1090079,0,0.501068618255033,1,4
2757,PA1090079,1,0.501068618255033,1,4
2758,PA1090079,1,0.6517775189405983,1,4
2759,PA1090081,1,0.8160425878190367,1,4
2760,PA1090081,1,0.8160425878190367,1,4
2761,PA1090081,1,0.8160425878190367,1,4
2762,PA1090081,1,0.8160425878190367,1,4
2763,PA1090081,1,0.8160425878190367,1,4
2764,PA1090082,1,0.6816927553899332,1,3
2765,PA1090082,0,0.6816927553899332,1,3
2766,PA1090082,1,0.6816927553899332,1,3
2767,PA1090082,1,0.6816927553899332,1,3
2768,PA1090082,1,0.6816927553899332,1,3
2769,PA1090082,1,0.6816927553899332,1,3
2770,PA1090082,1,0.6816927553899332,1,3
2771,PA1090082,0,0.6816927553899332,1,3
2772,PA1090089,1,0.8625657409693497,1,2
2773,PA1090089,1,0.8625657409693497,1,2
2774,PA1090089,1,0.8625657409693497,1,2
2775,PA1090089,1,0.8625657409693497,1,2
2776,PA1090089,1,0.8625657409693497,1,2
2777,PA1090089,1,0.8625657409693497,1,2
2778,PA1090089,1,0.8625657409693497,1,2
2779,PA1090089,1,0.8625657409693497,1,2
2780,PA1090089,0,0.8625657409693497,1,2
2781,PA1090089,1,0.8625657409693497,1,2
2782,PA1090089,0,0.8625657409693497,1,2
2783,PA1090089,1,0.8625657409693497,1,2
2784,PA1090089,1,0.8625657409693497,1,2
2785,PA1090089,1,0.8625657409693497,1,2
2786,PA1090089,1,0.8625657409693497,1,2
2787,PA1090089,0,0.8053654424308092,1,2
2788,PA1090117,1,0.7599683290232961,1,2
2789,PA1090117,0,0.7599683290232961,1,2
2790,PA1090117,0,0.7599683290232961,1,2
2791,PA1090117,0,0.6092362119566472,1,2
2792,PA1090125,0,0.6817116731238719,1,3
2793,PA1090125,0,0.6817116731238719,1,3
2794,PA1090125,1,0.6817116731238719,1,3
2795,PA1090127,1,0.5241690900193591,1,5
2796,PA1090127,0,0.47841300575469964,0,5
2797,PA1090128,1,0.7184798252071498,1,4
2798,PA1090128,1,0.7184798252071498,1,4
2799,PA1090128,1,0.7184798252071498,1,4
2800,PA1090128,1,0.7184798252071498,1,4
2801,PA1090128,1,0.7184798252071498,1,4
2802,PA1090128,1,0.7184798252071498,1,4
2803,PA1090128,1,0.7184798252071498,1,4
2804,PA1090128,0,0.5172654354365525,1,4
2805,PA1090131,1,0.7932930104660875,1,3
2806,PA1090131,1,0.7932930104660875,1,3
2807,PA1090131,1,0.7932930104660875,1,3
2808,PA1090137,1,0.47015539044055854,0,2
2809,PA1090137,1,0.4517786240839178,0,2
2810,PA1090144,1,0.5348701831687984,1,1
2811,PA1090144,1,0.5348701831687984,1,1
2812,PA1090144,1,0.5348701831687984,1,1
2813,PA1090144,0,0.5348701831687984,1,1
2814,PA1090329,1,0.5932457807261488,1,5
2815,PA1090962,1,0.6081342098689817,1,5
2816,PA1150026,1,0.5305020704644676,1,2
2817,PA1150035,0,0.9385579293305018,1,5
2818,PA1150035,1,0.9385579293305018,1,5
2819,PA1150035,1,0.9385579293305018,1,5
2820,PA1150035,1,0.9385579293305018,1,5
2821,PA1150035,1,0.9385579293305018,1,5
2822,PA1150035,1,0.9385579293305018,1,5
2823,PA1150035,1,0.9323280348046001,1,5
2824,PA1150066,1,0.9070272077103341,1,3
2825,PA1150066,1,0.8169433029493992,1,3
2826,PA1150077,1,0.8637607627879622,1,5
2827,PA1150089,1,0.8591033480450764,1,3
2828,PA1150089,1,0.8591033480450764,1,3
2829,PA1150089,1,0.8591033480450764,1,3
2830,PA1150089,1,0.8876738260993048,1,3
2831,PA1150098,1,0.9025892761571648,1,3
2832,PA1150098,1,0.8134699622573688,1,3
2833,PA1150106,1,0.6559683827362692,1,5
2834,PA1150108,1,0.7950813741349748,1,4
2835,PA1150108,0,0.8100700859505591,1,4
2836,PA1150108,1,0.8100700859505591,1,4
2837,PA1150137,1,0.8936028846158498,1,5
2838,PA1150137,1,0.8936028846158498,1,5
2839,PA1150137,1,0.8936028846158498,1,5
2840,PA1150137,1,0.8936028846158498,1,5
2841,PA1150137,1,0.8936028846158498,1,5
2842,PA1150137,1,0.8704343623242711,1,5
2843,PA1150137,0,0.8936028846158498,1,5
2844,PA1150165,1,0.7659883030360002,1,1
2845,PA1150165,0,0.896291816180238,1,1
2846,PA1150166,1,0.6555378220092858,1,1
2847,PA1150166,1,0.6568544574561772,1,1
2848,PA1150166,1,0.6568544574561772,1,1
2849,PA1150166,0,0.6568544574561772,1,1
2850,PA1150166,0,0.6568544574561772,1,1
2851,PA1230004,1,0.8939675733385997,1,4
2852,PA1230012,1,0.333583077118042,0,5
2853,PA1230012,1,0.34244330071165824,0,5
2854,PA1230012,1,0.34244330071165824,0,5
2855,PA1230012,1,0.34244330071165824,0,5
2856,PA1460020,1,0.7723850339857296,1,3
2857,PA1460020,1,0.7723850339857296,1,3
2858,PA1460020,1,0.7723850339857296,1,3
2859,PA1460020,1,0.7723850339857296,1,3
2860,PA1460020,1,0.7723850339857296,1,3
2861,PA1460020,1,0.7723850339857296,1,3
2862,PA1460020,1,0.7723850339857296,1,3
2863,PA1460020,1,0.7223566825849002,1,3
2864,PA1460020,1,0.7723850339857296,1,3
2865,PA1460022,1,0.7755064478755458,1,5
2866,PA1460022,1,0.7755064478755458,1,5
2867,PA1460022,1,0.7755064478755458,1,5
2868,PA1460022,1,0.7755064478755458,1,5
2869,PA1460022,1,0.7755064478755458,1,5
2870,PA1460022,1,0.7755064478755458,1,5
2871,PA1460022,1,0.7755064478755458,1,5
2872,PA1460028,1,0.9536095119758511,1,1
2873,PA1460028,1,0.9609950051710667,1,1
2874,PA1460028,1,0.9713856612748488,1,1
2875,PA1460033,1,0.8720252167503532,1,5
2876,PA1460033,1,0.8720252167503532,1,5
2877,PA1460033,1,0.9458756380619062,1,5
2878,PA1460033,1,0.9458756380619062,1,5
2879,PA1460033,0,0.8720252167503532,1,5
2880,PA1460033,1,0.8720252167503532,1,5
2881,PA1460033,1,0.8720252167503532,1,5
2882,PA1460033,1,0.9458756380619062,1,5
2883,PA1460033,0,0.8720252167503532,1,5
2884,PA1460033,1,0.698575976075921,1,5
2885,PA1460033,0,0.7058533996916623,1,5
2886,PA1460034,1,0.8246250933361754,1,2
2887,PA1460034,1,0.8246250933361754,1,2
2888,PA1460034,1,0.8246250933361754,1,2
2889,PA1460034,0,0.8246250933361754,1,2
2890,PA1460034,0,0.5610036808217073,1,2
2891,PA1460037,1,0.41989533139611757,0,1
2892,PA1460042,1,0.8373136571718534,1,2
2893,PA1460042,1,0.9228870104314869,1,2
2894,PA1460042,1,0.9228870104314869,1,2
2895,PA1460042,0,0.8373136571718534,1,2
2896,PA1460046,1,0.7985171527266508,1,5
2897,PA1460048,1,0.8003766323576017,1,3
2898,PA1460048,1,0.8003766323576017,1,3
2899,PA1460048,1,0.8003766323576017,1,3
2900,PA1460048,1,0.8003766323576017,1,3
2901,PA1460048,1,0.8003766323576017,1,3
2902,PA1460048,1,0.8003766323576017,1,3
2903,PA1460048,0,0.6744821042156972,1,3
2904,PA1460050,1,0.7867107304048274,1,1
2905,PA1460050,1,0.7867107304048274,1,1
2906,PA1460050,1,0.7867107304048274,1,1
2907,PA1460050,1,0.8776698075748955,1,1
2908,PA1460050,1,0.7867107304048274,1,1
2909,PA1460050,1,0.6367372199878446,1,1
2910,PA1460050,0,0.6367372199878446,1,1
2911,PA1460055,1,0.7829134400214393,1,3
2912,PA1460055,1,0.78744931765901,1,3
2913,PA1460055,1,0.7829134400214393,1,3
2914,PA1460055,1,0.7829134400214393,1,3
2915,PA1460055,1,0.78744931765901,1,3
2916,PA1460055,1,0.78744931765901,1,3
2917,PA1460055,0,0.78744931765901,1,3
2918,PA1460055,1,0.7829134400214393,1,3
2919,PA1460069,1,0.7529466563169581,1,5
2920,PA1460069,1,0.7529466563169581,1,5
2921,PA1460069,1,0.7529466563169581,1,5
2922,PA1460069,1,0.7529466563169581,1,5
2923,PA1460069,1,0.729239388758648,1,5
2924,PA1460073,1,0.8871051188340314,1,4
2925,PA1460073,1,0.8119776439248257,1,4
2926,PA1460073,1,0.8260009468413584,1,4
2927,PA1460073,1,0.7787859578148161,1,4
2928,PA1460073,0,0.8260009468413584,1,4
2929,PA1460073,1,0.8463977820780532,1,4
2930,PA1460073,1,0.8130261274915954,1,4
2931,PA1460073,1,0.8260009468413584,1,4
2932,PA1460073,1,0.9032687453091962,1,4
2933,PA1460073,1,0.9032687453091962,1,4
2934,PA1460073,1,0.9032687453091962,1,4
2935,PA1460073,1,0.8260009468413584,1,4
2936,PA1460073,1,0.8260009468413584,1,4
2937,PA1460073,1,0.8260009468413584,1,4
2938,PA1460073,1,0.8260009468413584,1,4
2939,PA1460073,1,0.8260009468413584,1,4
2940,PA1460073,1,0.9032687453091962,1,4
2941,PA1460073,0,0.8260009468413584,1,4
2942,PA1460073,1,0.9032687453091962,1,4
2943,PA1460085,0,0.9485041215072415,1,1
2944,PA1460085,1,0.9485041215072415,1,1
2945,PA1460085,1,0.9485041215072415,1,1
2946,PA1460085,1,0.9485041215072415,1,1
2947,PA1460085,1,0.9485041215072415,1,1
2948,PA1460085,0,0.9485041215072415,1,1
2949,PA1460085,0,0.9485041215072415,1,1
2950,PA1460085,1,0.8974681007235008,1,1
2951,PA1460492,1,0.9588934018928014,1,1
2952,PA1461065,1,0.6953430902336816,1,1
2953,PA1510001,1,0.9368733210130884,1,5
2954,PA1510001,1,0.9368733210130884,1,5
2955,PA1510001,1,0.9368733210130884,1,5
2956,PA2080028,0,0.1733088945193335,0,2
2957,PA2080029,0,0.13204028999001244,0,1
2958,PA2080029,0,0.15571242261972063,0,1
2959,PA2350833,0,0.11026309393718021,0,1
2960,PA2350833,1,0.11026309393718021,0,1
2961,PA2359001,0,0.1813379098125188,0,4
2962,PA2359008,0,0.20398888251067868,0,2
2963,PA2359008,1,0.2716427125527031,0,2
2964,PA2359008,1,0.2716427125527031,0,2
2965,PA2359008,0,0.30439625663664255,0,2
2966,PA2359008,0,0.30439625663664255,0,2
2967,PA2359008,0,0.30439625663664255,0,2
2968,PA2359008,0,0.30439625663664255,0,2
2969,PA2359008,0,0.30439625663664255,0,2
2970,PA2400054,1,0.366354751561136,0,4
2971,PA2400054,0,0.29100813863252295,0,4
2972,PA2400054,1,0.366354751561136,0,4
2973,PA2400054,0,0.366354751561136,0,4
2974,PA2400054,0,0.366354751561136,0,4
2975,PA2400076,1,0.6054932028281171,1,1
2976,PA2400076,1,0.6054932028281171,1,1
2977,PA2400076,1,0.6054932028281171,1,1
2978,PA2400076,1,0.6054932028281171,1,1
2979,PA2400076,0,0.6054932028281171,1,1
2980,PA2400076,0,0.6054932028281171,1,1
2981,PA2400076,0,0.6054932028281171,1,1
2982,PA2400115,1,0.32231401342443977,0,2
2983,PA2400370,1,0.2716229734200586,0,4
2984,PA2400806,0,0.7919019125859114,1,2
2985,PA2400806,1,0.7919019125859114,1,2
2986,PA2400806,0,0.7919019125859114,1,2
2987,PA2400806,0,0.40757500170673555,0,2
2988,PA2408001,0,0.3271475272565209,0,3
2989,PA2409002,0,0.4170976067034261,0,3
2990,PA2409003,1,0.25589522874957166,0,1
2991,PA2409010,0,0.26138568843393684,0,5
2992,PA2409011,0,0.4305599390550286,0,2
2993,PA2409013,0,0.3363061284241112,0,2
2994,PA2450020,0,0.4259032125002948,0,4
2995,PA2450020,0,0.4492284506684698,0,4
2996,PA2450023,0,0.6240787664889224,1,3
2997,PA2450023,0,0.4601100158043119,0,3
2998,PA2450023,0,0.4601100158043119,0,3
2999,PA2450023,0,0.4601100158043119,0,3
3000,PA2450023,0,0.4601100158043119,0,3
3001,PA2450034,0,0.6294850017089842,1,4
3002,PA2450034,0,0.5601954727862255,1,4
3003,PA2450034,0,0.47304489175442865,0,4
3004,PA2450034,0,0.6294850017089842,1,4
3005,PA2450053,0,0.5074725487579668,1,2
3006,PA2450063,0,0.5756864499990596,1,4
3007,PA2450063,0,0.5756864499990596,1,4
3008,PA2450063,0,0.5756864499990596,1,4
3009,PA2450063,1,0.5756864499990596,1,4
3010,PA2450063,0,0.5756864499990596,1,4
3011,PA2450063,0,0.5756864499990596,1,4
3012,PA2450063,0,0.5756864499990596,1,4
3013,PA2450063,1,0.5756864499990596,1,4
3014,PA2450063,0,0.5756864499990596,1,4
3015,PA2450063,1,0.5756864499990596,1,4
3016,PA2450065,0,0.622798737033308,1,2
3017,PA2450065,0,0.622798737033308,1,2
3018,PA2450065,0,0.622798737033308,1,2
3019,PA2450065,0,0.622798737033308,1,2
3020,PA2450065,0,0.622798737033308,1,2
3021,PA2450065,0,0.622798737033308,1,2
3022,PA2450065,0,0.622798737033308,1,2
3023,PA2450542,1,0.3358957218994009,0,5
3024,PA2450677,0,0.2445792713153424,0,3
3025,PA2520033,0,0.5026456030502839,1,4
3026,PA2520033,0,0.5026456030502839,1,4
3027,PA2520033,0,0.5026456030502839,1,4
3028,PA2520033,0,0.5026456030502839,1,4
3029,PA2520033,0,0.5026456030502839,1,4
3030,PA2520037,1,0.2917747470206153,0,5
3031,PA2520037,0,0.2917747470206153,0,5
3032,PA2520037,0,0.2917747470206153,0,5
3033,PA2520037,0,0.2917747470206153,0,5
3034,PA2520037,0,0.2917747470206153,0,5
3035,PA2520037,0,0.2917747470206153,0,5
3036,PA2520062,0,0.13939484425377582,0,3
3037,PA2520062,0,0.13939484425377582,0,3
3038,PA2520062,0,0.13939484425377582,0,3
3039,PA2520062,0,0.13939484425377582,0,3
3040,PA2520941,0,0.052254406879054346,0,4
3041,PA2520941,0,0.052254406879054346,0,4
3042,PA2520941,0,0.052254406879054346,0,4
3043,PA2520941,0,0.052254406879054346,0,4
3044,PA2580024,0,0.20343024560237621,0,1
3045,PA2580024,0,0.14534732972310224,0,1
3046,PA2590038,0,0.08027894225852285,0,3
3047,PA2590042,0,0.07951275713802708,0,2
3048,PA2640018,0,0.24564779603799744,0,3
3049,PA2640018,0,0.26168467028153625,0,3
3050,PA2640018,0,0.26168467028153625,0,3
3051,PA2640018,0,0.24564779603799744,0,3
3052,PA2640025,0,0.4711983427558009,0,5
3053,PA2640025,0,0.4711983427558009,0,5
3054,PA2640025,0,0.4711983427558009,0,5
3055,PA2640025,0,0.4711983427558009,0,5
3056,PA2640025,0,0.4711983427558009,0,5
3057,PA2660010,0,0.23307371537788518,0,1
3058,PA2660014,1,0.213039269051027,0,4
3059,PA2660014,0,0.213039269051027,0,4
3060,PA2660014,0,0.213039269051027,0,4
3061,PA2660014,0,0.213039269051027,0,4
3062,PA3060010,0,0.4588822871802997,0,1
3063,PA3060012,0,0.4509412795398622,0,4
3064,PA3060012,0,0.4509412795398622,0,4
3065,PA3060012,1,0.4509412795398622,0,4
3066,PA3060018,1,0.8047917448423358,1,1
3067,PA3060018,0,0.8047917448423358,1,1
3068,PA3060018,0,0.8047917448423358,1,1
3069,PA3060029,0,0.7824381682756707,1,2
3070,PA3060029,0,0.7824381682756707,1,2
3071,PA3060029,0,0.7824381682756707,1,2
3072,PA3060035,0,0.3177983471905175,0,4
3073,PA3060035,0,0.3177983471905175,0,4
3074,PA3060038,0,0.8760483904746249,1,4
3075,PA3060038,0,0.8760483904746249,1,4
3076,PA3060038,1,0.8760483904746249,1,4
3077,PA3060038,1,0.8760483904746249,1,4
3078,PA3060038,0,0.8760483904746249,1,4
3079,PA3060038,1,0.8760483904746249,1,4
3080,PA3060038,0,0.8760483904746249,1,4
3081,PA3060038,1,0.8760483904746249,1,4
3082,PA3060041,0,0.7994739059257305,1,1
3083,PA3060052,1,0.5429658928298261,1,2
3084,PA3060052,0,0.5429658928298261,1,2
3085,PA3060052,1,0.5429658928298261,1,2
3086,PA3060059,1,0.5653390276433311,1,3
3087,PA3060067,1,0.6794299869850685,1,5
3088,PA3060067,1,0.6794299869850685,1,5
3089,PA3060067,1,0.6794299869850685,1,5
3090,PA3060067,1,0.6794299869850685,1,5
3091,PA3060069,0,0.6653232698541879,1,5
3092,PA3060069,0,0.6653232698541879,1,5
3093,PA3060069,1,0.6653232698541879,1,5
3094,PA3060069,1,0.6372584804603545,1,5
3095,PA3060069,1,0.6653232698541879,1,5
3096,PA3060069,1,0.6653232698541879,1,5
3097,PA3060069,0,0.6653232698541879,1,5
3098,PA3060076,0,0.6720642759236056,1,5
3099,PA3060076,1,0.6720642759236056,1,5
3100,PA3060076,0,0.6786149783292362,1,5
3101,PA3060076,1,0.7564830042615908,1,5
3102,PA3060076,0,0.6786149783292362,1,5
3103,PA3060076,0,0.6786149783292362,1,5
3104,PA3060076,0,0.6786149783292362,1,5
3105,PA3060078,1,0.5668875003283821,1,2
3106,PA3060080,0,0.41933134552946555,0,2
3107,PA3060080,0,0.41933134552946555,0,2
3108,PA3060080,0,0.41933134552946555,0,2
3109,PA3060081,0,0.29819995162006246,0,3
3110,PA3060082,0,0.7425261793105206,1,3
3111,PA3060082,1,0.7425261793105206,1,3
3112,PA3060083,1,0.6959639434224566,1,4
3113,PA3060088,0,0.48699443929387054,0,4
3114,PA3060088,1,0.48699443929387054,0,4
3115,PA3060088,1,0.48699443929387054,0,4
3116,PA3060088,1,0.48699443929387054,0,4
3117,PA3060088,1,0.5336580649140653,1,4
3118,PA3060088,0,0.48699443929387054,0,4
3119,PA3060088,0,0.4633985628449007,0,4
3120,PA3060088,1,0.48699443929387054,0,4
3121,PA3060088,1,0.48699443929387054,0,4
3122,PA3060088,1,0.48699443929387054,0,4
3123,PA3060088,1,0.48699443929387054,0,4
3124,PA3060088,0,0.48699443929387054,0,4
3125,PA3060094,0,0.40815039245801277,0,4
3126,PA3060681,0,0.348338931249624,0,5
3127,PA3060681,0,0.3545684166878019,0,5
3128,PA3060681,0,0.348338931249624,0,5
3129,PA3061067,1,0.26658031796292336,0,4
3130,PA3130004,0,0.40814773184490966,0,1
3131,PA3130009,0,0.22125330926644976,0,4
3132,PA3130012,1,0.2919097476523122,0,5
3133,PA3130012,0,0.2919097476523122,0,5
3134,PA3130308,0,0.3483072242151496,0,2
3135,PA3390024,1,0.5409269162533566,1,1
3136,PA3390024,1,0.5409269162533566,1,1
3137,PA3390032,1,0.9327410445582431,1,4
3138,PA3390032,1,0.9327410445582431,1,4
3139,PA3390032,1,0.9327410445582431,1,4
3140,PA3390032,1,0.9327410445582431,1,4
3141,PA3390039,0,0.37475689141004126,0,2
3142,PA3390039,0,0.28144362019499336,0,2
3143,PA3390044,1,0.728191958235294,1,2
3144,PA3390055,1,0.6282860438596489,1,5
3145,PA3390062,1,0.6362324678237619,1,1
3146,PA3390065,1,0.620015055026235,1,1
3147,PA3390065,0,0.620015055026235,1,1
3148,PA3390065,1,0.620015055026235,1,1
3149,PA3390065,1,0.620015055026235,1,1
3150,PA3390065,1,0.620015055026235,1,1
3151,PA3390065,0,0.620015055026235,1,1
3152,PA3390065,1,0.620015055026235,1,1
3153,PA3390065,1,0.6390609290998404,1,1
3154,PA3390065,1,0.6390609290998404,1,1
3155,PA3390073,0,0.6398465363694553,1,1
3156,PA3390073,1,0.6398465363694553,1,1
3157,PA3390073,0,0.6398465363694553,1,1
3158,PA3390073,1,0.6398465363694553,1,1
3159,PA3390073,1,0.6398465363694553,1,1
3160,PA3390073,1,0.6398465363694553,1,1
3161,PA3390073,1,0.6398465363694553,1,1
3162,PA3390073,0,0.6398465363694553,1,1
3163,PA3390073,0,0.6398465363694553,1,1
3164,PA3390073,1,0.6398465363694553,1,1
3165,PA3390073,0,0.6398465363694553,1,1
3166,PA3390073,0,0.6398465363694553,1,1
3167,PA3390073,0,0.6398465363694553,1,1
3168,PA3390073,1,0.6314127371656956,1,1
3169,PA3390077,0,0.5891876427941929,1,5
3170,PA3390077,0,0.5891876427941929,1,5
3171,PA3390077,0,0.5891876427941929,1,5
3172,PA3390077,1,0.5687084686341439,1,5
3173,PA3390077,0,0.5891876427941929,1,5
3174,PA3390081,1,0.5132563828616346,1,4
3175,PA3390081,1,0.5132563828616346,1,4
3176,PA3390081,1,0.5132563828616346,1,4
3177,PA3390081,1,0.5132563828616346,1,4
3178,PA3390081,1,0.5132563828616346,1,4
3179,PA3391032,0,0.20825082883633286,0,3
3180,PA3480015,0,0.491043308128603,0,3
3181,PA3480027,0,0.6273096660273629,1,5
3182,PA3480038,0,0.17298964927361518,0,5
3183,PA3480038,0,0.24518436614368408,0,5
3184,PA3480046,0,0.5628074693287243,1,5
3185,PA3480050,0,0.6630758443936515,1,2
3186,PA3480052,0,0.794998230196014,1,4
3187,PA3480052,0,0.794998230196014,1,4
3188,PA3480052,0,0.794998230196014,1,4
3189,PA3480055,0,0.7099333417988055,1,1
3190,PA3480055,0,0.7509216241936592,1,1
3191,PA3480057,0,0.4540732594854085,0,2
3192,PA3480816,1,0.12167131574619415,0,3
3193,PA3540011,0,0.24254767788880593,0,2
3194,PA3540012,0,0.6773652687447067,1,3
3195,PA3540014,0,0.44855790282038305,0,2
3196,PA3540014,0,0.44855790282038305,0,2
3197,PA3540017,0,0.15550046567993378,0,3
3198,PA3540017,0,0.15550046567993378,0,3
3199,PA3540017,0,0.15550046567993378,0,3
3200,PA3540030,1,0.11846436576315984,0,3
3201,PA3540032,1,0.5933527423446503,1,3
3202,PA3540035,0,0.2966874128782605,0,5
3203,PA3540038,0,0.24219739048446923,0,2
3204,PA3540038,0,0.20189531044710365,0,2
3205,PA3540038,0,0.24219739048446923,0,2
3206,PA3540038,0,0.3751355797353693,0,2
3207,PA3540041,0,0.248666134564329,0,5
3208,PA3540044,1,0.1878280585087198,0,5
3209,PA3540047,0,0.30686062514470497,0,3
3210,PA3540047,0,0.30686062514470497,0,3
3211,PA3540047,0,0.30686062514470497,0,3
3212,PA4050002,0,0.20737860836707425,0,2
3213,PA4050028,0,0.04013636119941306,0,2
3214,PA4050029,0,0.49273519847858555,0,4
3215,PA4070017,0,0.23007523767981386,0,5
3216,PA4070021,0,0.4176107020582197,0,1
3217,PA4110003,0,0.2098378943838896,0,5
3218,PA4110003,0,0.2098378943838896,0,5
3219,PA4110003,0,0.391561096346471,0,5
3220,PA4110009,0,0.4021363491232742,0,3
3221,PA4110009,0,0.3527275609127629,0,3
3222,PA4110013,0,0.24456432177712842,0,4
3223,PA4110013,0,0.2661303742821244,0,4
3224,PA4110017,0,0.27866960931343876,0,3
3225,PA4110023,1,0.3408140293721937,0,3
3226,PA4110027,0,0.4723803034263296,0,3
3227,PA4110027,0,0.4723803034263296,0,3
3228,PA4110034,0,0.27384351338815865,0,5
3229,PA4110041,0,0.4987320395636144,0,3
3230,PA4110041,0,0.4987320395636144,0,3
3231,PA4110060,0,0.22184974722180223,0,4
3232,PA4110060,0,0.22184974722180223,0,4
3233,PA4110060,0,0.22184974722180223,0,4
3234,PA4110299,0,0.37254732240634103,0,1
3235,PA4140075,0,0.6118091551073894,1,1
3236,PA4140075,0,0.6118091551073894,1,1
3237,PA4140077,0,0.37385534839500967,0,5
3238,PA4140082,0,0.3930258721258253,0,3
3239,PA4140082,1,0.3930258721258253,0,3
3240,PA4140087,0,0.3637012019287333,0,4
3241,PA4140087,0,0.32962986416570406,0,4
3242,PA4140095,0,0.1980070513196671,0,1
3243,PA4140096,0,0.26874532629256814,0,2
3244,PA4140096,0,0.23548088459207311,0,2
3245,PA4140096,0,0.26874532629256814,0,2
3246,PA4140096,0,0.26874532629256814,0,2
3247,PA4140096,0,0.35371708921619555,0,2
3248,PA4140098,0,0.2754528248670664,0,5
3249,PA4140098,1,0.24725751013675548,0,5
3250,PA4140098,0,0.15136010335537742,0,5
3251,PA4140118,1,0.23547070688204602,0,4
3252,PA4140118,1,0.23547070688204602,0,4
3253,PA4180048,0,0.4746784143091747,0,5
3254,PA4180049,0,0.16067264096478842,0,3
3255,PA4190008,0,0.2208255362407848,0,1
3256,PA4190013,1,0.45374010839857026,0,5
3257,PA4190017,0,0.3854427145801508,0,5
3258,PA4190398,0,0.47820862544902437,0,2
3259,PA4190398,0,0.47820862544902437,0,2
3260,PA4310012,0,0.1688236303842302,0,1
3261,PA4310016,0,0.12426054497710243,0,3
3262,PA4310016,0,0.11532991960484337,0,3
3263,PA4310016,0,0.11532991960484337,0,3
3264,PA4340008,0,0.06620993195266381,0,4
3265,PA4410156,0,0.10259538789154479,0,4
3266,PA4410156,0,0.075068437965256,0,4
3267,PA4410166,0,0.48162046774697126,0,5
3268,PA4410173,1,0.39331084551139683,0,2
3269,PA4410175,1,0.24605668144960524,0,3
3270,PA4410175,1,0.24605668144960524,0,3
3271,PA4440010,0,0.300664185967512,0,3
3272,PA4470007,0,0.2724926019173069,0,5
3273,PA4470012,0,0.08960604779315962,0,3
3274,PA4490007,0,0.3715518481902571,0,5
3275,PA4490023,0,0.28420465118776217,0,5
3276,PA4490023,0,0.28420465118776217,0,5
3277,PA4490024,0,0.19046145227712272,0,2
3278,PA4490024,0,0.24180444153732408,0,2
3279,PA4550005,0,0.1551759658667761,0,5
3280,PA4550005,0,0.1551759658667761,0,5
3281,PA4550005,0,0.1551759658667761,0,5
3282,PA4560013,0,0.20135840683686,0,1
3283,PA4560020,0,0.4192667517444979,0,5
3284,PA4560024,0,0.22804627474941386,0,2
3285,PA4560024,0,0.25740084738629737,0,2
3286,PA4560024,0,0.25740084738629737,0,2
3287,PA4560042,0,0.6353932866463914,1,2
3288,PA4560042,0,0.6715665983584754,1,2
3289,PA4560042,0,0.4745412510906267,0,2
3290,PA4560046,0,0.2923886615302655,0,5
3291,PA4560048,0,0.19069761743573538,0,5
3292,PA4560048,1,0.19069761743573538,0,5
3293,PA4560048,0,0.19069761743573538,0,5
3294,PA4560048,1,0.19069761743573538,0,5
3295,PA4600012,0,0.2709630094081547,0,4
3296,PA5020006,0,0.41256490364370985,0,4
3297,PA5020010,1,0.7704530924440588,1,1
3298,PA5020010,1,0.4397159016174617,0,1
3299,PA5020011,1,0.508435866906459,1,3
3300,PA5020012,0,0.5143107568284891,1,3
3301,PA5020015,0,0.448937554257669,0,3
3302,PA5020015,0,0.448937554257669,0,3
3303,PA5020018,0,0.5616097090390292,1,4
3304,PA5020019,0,0.7831267871205658,1,1
3305,PA5020019,0,0.5395912451087919,1,1
3306,PA5020025,0,0.3184734911197017,0,2
3307,PA5020027,0,0.3758745047788177,0,3
3308,PA5020027,1,0.3758745047788177,0,3
3309,PA5020027,0,0.3758745047788177,0,3
3310,PA5020029,0,0.3431006454374044,0,3
3311,PA5020034,0,0.5753121886868248,1,3
3312,PA5020034,1,0.5753121886868248,1,3
3313,PA5020034,0,0.5753121886868248,1,3
3314,PA5020034,0,0.5753121886868248,1,3
3315,PA5020036,0,0.4780776206581257,0,2
3316,PA5020038,0,0.39354387822109016,0,3
3317,PA5020039,0,0.4602198089240631,0,2
3318,PA5020039,0,0.4602198089240631,0,2
3319,PA5020039,0,0.3841936713356884,0,2
3320,PA5020040,0,0.545833051570683,1,3
3321,PA5020041,0,0.37382627625595416,0,4
3322,PA5020041,0,0.37382627625595416,0,4
3323,PA5020041,0,0.37382627625595416,0,4
3324,PA5020043,0,0.4755241688651781,0,3
3325,PA5020043,0,0.2179171175183189,0,3
3326,PA5020045,0,0.5633337847190112,1,2
3327,PA5020047,0,0.5223283294730313,1,4
3328,PA5020050,1,0.7588592963930675,1,1
3329,PA5020053,1,0.8115733330538688,1,3
3330,PA5020055,0,0.5767562203238082,1,1
3331,PA5020056,0,0.5197445329066953,1,2
3332,PA5020056,0,0.3954048140620554,0,2
3333,PA5020076,1,0.48601664248904436,0,5
3334,PA5020076,1,0.6092196948394529,1,5
3335,PA5020078,0,0.41618848051779267,0,2
3336,PA5020078,0,0.5090628751486435,1,2
3337,PA5020108,0,0.5176772633640084,1,3
3338,PA5020806,0,0.4155979386813162,0,2
3339,PA5020806,0,0.4155979386813162,0,2
3340,PA5020808,0,0.29389471891235525,0,4
3341,PA5020883,1,0.39183390884363434,0,1
3342,PA5020898,0,0.4135865033444307,0,2
3343,PA5020898,0,0.4135865033444307,0,2
3344,PA5020947,1,0.3557634949481383,0,2
3345,PA5020955,0,0.3628743885848979,0,5
3346,PA5030004,0,0.3724749290101132,0,4
3347,PA5030006,0,0.6468575724019389,1,4
3348,PA5030008,0,0.2370141129155337,0,2
3349,PA5030019,0,0.40231803704509667,0,4
3350,PA5030043,0,0.38945251622780935,0,5
3351,PA5040006,0,0.5321774019414178,1,1
3352,PA5040007,0,0.21375589237164225,0,3
3353,PA5040008,0,0.4566356633582042,0,1
3354,PA5040009,1,0.46985615121732993,0,2
3355,PA5040010,1,0.5355468933276807,1,4
3356,PA5040010,1,0.5355468933276807,1,4
3357,PA5040012,1,0.39250234956529695,0,2
3358,PA5040017,1,0.0013706546209284983,0,2
3359,PA5040039,1,0.6092923688248271,1,4
3360,PA5040063,0,0.6840404743641106,1,4
3361,PA5040080,0,0.48943025197588685,0,3
3362,PA5040085,1,0.476852758371251,0,4
3363,PA5040085,1,0.476852758371251,0,4
3364,PA5040085,1,0.476852758371251,0,4
3365,PA5100012,0,0.47072625259274237,0,4
3366,PA5100042,0,0.31398787355678903,0,5
3367,PA5100071,0,0.18127222598932563,0,4
3368,PA5100079,0,0.3487731929589378,0,1
3369,PA5100079,0,0.3487731929589378,0,1
3370,PA5100080,0,0.288070262299075,0,2
3371,PA5100093,1,0.5397340555010055,1,3
3372,PA5100094,0,0.5742602184309782,1,3
3373,PA5100141,0,0.5483741577969385,1,4
3374,PA5260004,0,0.32546062899942163,0,4
3375,PA5260005,0,0.5644387863338671,1,5
3376,PA5260005,0,0.5546799257762214,1,5
3377,PA5260006,0,0.479439644796984,0,5
3378,PA5260006,0,0.479439644796984,0,5
3379,PA5260009,0,0.25849273384989757,0,3
3380,PA5260009,0,0.25849273384989757,0,3
3381,PA5260011,0,0.40530041154017177,0,2
3382,PA5260011,0,0.40530041154017177,0,2
3383,PA5260011,0,0.40530041154017177,0,2
3384,PA5260011,0,0.6131167869312346,1,2
3385,PA5260013,0,0.4717250295380854,0,3
3386,PA5260019,0,0.5054508633972733,1,2
3387,PA5260020,0,0.5470941306181591,1,4
3388,PA5260020,0,0.46165813941000494,0,4
3389,PA5260022,0,0.4716935934159083,0,1
3390,PA5260022,0,0.48142812110757416,0,1
3391,PA5260032,0,0.5309631292953497,1,2
3392,PA5260032,0,0.5493333624335541,1,2
3393,PA5260036,0,0.5122196434878835,1,4
3394,PA5300012,0,0.3763250478994404,0,3
3395,PA5300017,0,0.23691042515236133,0,4
3396,PA5320006,0,0.4002916544844638,0,3
3397,PA5320025,0,0.3828842889520223,0,2
3398,PA5320040,0,0.31468273135954333,0,4
3399,PA5320109,0,0.31594092052724515,0,3
3400,PA5630039,0,0.17681284942322983,0,4
3401,PA5630044,0,0.3703831489846296,0,4
3402,PA5630045,0,0.1179373400701039,0,5
3403,PA5650032,0,0.26214631818573514,0,1
3404,PA5650049,1,0.2776704803828768,0,3
3405,PA5650060,0,0.4489490375889876,0,1
3406,PA5650069,0,0.2795979727588216,0,3
3407,PA5650069,1,0.2795979727588216,0,3
3408,PA5650070,0,0.3556906853513087,0,2
3409,PA6120002,0,0.0981024514525892,0,4
3410,PA6160001,0,0.46152356000145384,0,4
3411,PA6170008,1,0.1824982646031666,0,4
3412,PA6170008,0,0.18908906085982707,0,4
3413,PA6170013,0,0.12434498012401864,0,4
3414,PA6170016,0,0.2137390191565523,0,2
3415,PA6170023,0,0.11296783219752769,0,1
3416,PA6170041,0,0.13811072994055668,0,4
3417,PA6170048,0,0.5327501950954481,1,2
3418,PA6170048,0,0.47436450151445286,0,2
3419,PA6200015,0,0.383997519556099,0,1
3420,PA6200036,0,0.47503183495216555,0,1
3421,PA6200051,1,0.4073975625010217,0,4
3422,PA6240012,0,0.1461716821143044,0,3
3423,PA6240016,0,0.17809841714348235,0,5
3424,PA6250007,0,0.4585214705610372,0,1
3425,PA6250007,0,0.4585214705610372,0,1
3426,PA6250012,0,0.3622962491440386,0,5
3427,PA6250022,0,0.6013862470556386,1,3
3428,PA6250028,0,0.43132481598438366,0,5
3429,PA6250028,0,0.4722009224467937,0,5
3430,PA6250040,0,0.5127969880970545,1,4
3431,PA6250049,0,0.4800445325103344,0,4
3432,PA6250049,0,0.4800445325103344,0,4
3433,PA6250049,0,0.4800445325103344,0,4
3434,PA6250061,0,0.4603307163050596,0,4
3435,PA6250064,0,0.30867925813105873,0,1
3436,PA6250065,0,0.3283743977996142,0,1
3437,PA6250087,0,0.39387067084804217,0,5
3438,PA6250090,0,0.3437868040424355,0,5
3439,PA6250090,0,0.47049608082691663,0,5
3440,PA6250092,0,0.5087554477988914,1,3
3441,PA6270008,0,0.3847336084713412,0,4
3442,PA6330002,0,0.13660332036382783,0,1
3443,PA6330002,0,0.13660332036382783,0,1
3444,PA6330004,1,0.13031258202526033,0,1
3445,PA6330010,0,0.31196483271472847,0,2
3446,PA6370011,1,0.22368897640994012,0,3
3447,PA6370034,1,0.32605329735474486,0,3
3448,PA6370035,0,0.3339800707589475,0,4
3449,PA6420014,0,0.08211385964967273,0,5
3450,PA6420019,0,0.3241029868834465,0,4
3451,PA6430037,0,0.33424054969777484,0,1
3452,PA6430054,1,0.3860569798087723,0,1
3453,PA6430055,1,0.35191689898157846,0,4
3454,PA6430059,0,0.4274769823173519,0,2
3455,PA6610020,1,0.399877881428329,0,4
3456,PA6610020,0,0.399877881428329,0,4
3457,PA6610023,0,0.339798857178124,0,2
3458,PA6610031,0,0.7352607817237069,1,3
3459,PA6610031,0,0.7352607817237069,1,3
3460,PA6620020,0,0.3165451624921734,0,3
3461,PA7010019,0,0.301095864845053,0,3
3462,PA7010019,1,0.3153674577248092,0,3
3463,PA7010019,1,0.3339409918999117,0,3
3464,PA7010019,1,0.3339409918999117,0,3
3465,PA7010019,1,0.3339409918999117,0,3
3466,PA7010019,0,0.30959009449041397,0,3
3467,PA7010019,0,0.3153674577248092,0,3
3468,PA7010022,0,0.6981556866897596,1,5
3469,PA7010022,0,0.6981556866897596,1,5
3470,PA7010022,0,0.6981556866897596,1,5
3471,PA7010022,1,0.6981556866897596,1,5
3472,PA7010022,0,0.6981556866897596,1,5
3473,PA7010022,1,0.6981556866897596,1,5
3474,PA7010022,1,0.6981556866897596,1,5
3475,PA7010025,1,0.6494009466288929,1,2
3476,PA7010025,1,0.5887292552333344,1,2
3477,PA7010952,1,0.43770902300430503,0,4
3478,PA7210002,1,0.6274150128168016,1,5
3479,PA7210028,0,0.519525236101891,1,4
3480,PA7210028,1,0.5856908890576769,1,4
3481,PA7210028,1,0.6129313886055382,1,4
3482,PA7210028,0,0.6129313886055382,1,4
3483,PA7210029,1,0.5811799730342858,1,5
3484,PA7210029,0,0.5811799730342858,1,5
3485,PA7210041,0,0.2291842295991578,0,4
3486,PA7210043,0,0.13539825174232095,0,3
3487,PA7210043,0,0.12363874992472328,0,3
3488,PA7210043,0,0.12363874992472328,0,3
3489,PA7210043,0,0.12363874992472328,0,3
3490,PA7210046,1,0.10395589869841969,0,2
3491,PA7210046,1,0.10395589869841969,0,2
3492,PA7210049,0,0.6526300476201189,1,1
3493,PA7210049,0,0.5552129260939707,1,1
3494,PA7210050,0,0.37731733099268366,0,5
3495,PA7210050,0,0.37731733099268366,0,5
3496,PA7210050,0,0.37731733099268366,0,5
3497,PA7210063,0,0.5367119319755838,1,1
3498,PA7210063,0,0.5367119319755838,1,1
3499,PA7220015,0,0.3786754434988922,0,3
3500,PA7220015,1,0.3305554560012284,0,3
3501,PA7220017,1,0.36054537987920016,0,2
3502,PA7220034,1,0.2270435180610586,0,4
3503,PA7220034,1,0.26239081460882596,0,4
3504,PA7220036,0,0.39970254292840673,0,1
3505,PA7220038,1,0.6559006779605646,1,1
3506,PA7220038,1,0.6559006779605646,1,1
3507,PA7220038,1,0.6559006779605646,1,1
3508,PA7220038,1,0.6559006779605646,1,1
3509,PA7220038,1,0.6559006779605646,1,1
3510,PA7220049,0,0.3054413344460158,0,5
3511,PA7220059,0,0.24929824039916942,0,1
3512,PA7220059,0,0.24929824039916942,0,1
3513,PA7280005,0,0.24548578870377696,0,4
3514,PA7280014,0,0.4702576495294492,0,3
3515,PA7280026,0,0.5731730198717762,1,3
3516,PA7280026,0,0.5731730198717762,1,3
3517,PA7280026,0,0.5731730198717762,1,3
3518,PA7280026,0,0.5731730198717762,1,3
3519,PA7280026,0,0.5731730198717762,1,3
3520,PA7280032,0,0.45145834408545527,0,2
3521,PA7280032,0,0.40160645719538357,0,2
3522,PA7280038,0,0.5050501821446862,1,4
3523,PA7280038,0,0.5050501821446862,1,4
3524,PA7280038,0,0.5050501821446862,1,4
3525,PA7280043,1,0.22250148081368337,0,4
3526,PA7280043,0,0.17507347894950856,0,4
3527,PA7280045,0,0.4322423450080931,0,3
3528,PA7280369,0,0.36800343666567714,0,4
3529,PA7360017,0,0.33429659832969616,0,3
3530,PA7360017,0,0.31571266065848297,0,3
3531,PA7360025,0,0.43293943735418566,0,1
3532,PA7360045,1,0.34253863036928195,0,4
3533,PA7360045,1,0.4293380446207265,0,4
3534,PA7360045,0,0.37262738785570937,0,4
3535,PA7360058,0,0.31159668338857544,0,5
3536,PA7360058,1,0.31159668338857544,0,5
3537,PA7360078,1,0.7434288059462288,1,5
3538,PA7360083,1,0.8944332103442313,1,3
3539,PA7360091,0,0.6622721430893167,1,4
3540,PA7360091,0,0.7700840716109797,1,4
3541,PA7360099,1,0.7494478743626052,1,2
3542,PA7360099,1,0.7494478743626052,1,2
3543,PA7360099,1,0.7494478743626052,1,2
3544,PA7360099,1,0.7494478743626052,1,2
3545,PA7360113,0,0.7585310493900878,1,2
3546,PA7360113,1,0.7585310493900878,1,2
3547,PA7360113,1,0.7585310493900878,1,2
3548,PA7360113,0,0.7585310493900878,1,2
3549,PA7360113,1,0.7585310493900878,1,2
3550,PA7360113,0,0.7585310493900878,1,2
3551,PA7360113,0,0.7585310493900878,1,2
3552,PA7360113,1,0.7585310493900878,1,2
3553,PA7360113,0,0.7585310493900878,1,2
3554,PA7360113,0,0.7238184502682248,1,2
3555,PA7360116,0,0.4939993111892612,0,3
3556,PA7360123,0,0.35575851861268326,0,4
3557,PA7360123,0,0.4630945307934394,0,4
3558,PA7360123,0,0.5249993181648235,1,4
3559,PA7360124,1,0.6521657345541663,1,3
3560,PA7360124,0,0.620977637141179,1,3
3561,PA7360124,1,0.620977637141179,1,3
3562,PA7360124,1,0.620977637141179,1,3
3563,PA7360124,1,0.783030620997702,1,3
3564,PA7360124,1,0.620977637141179,1,3
3565,PA7360126,1,0.802103398250724,1,1
3566,PA7360127,1,0.4544824103304033,0,3
3567,PA7360128,1,0.7073978595814199,1,4
3568,PA7360128,1,0.7288855914284018,1,4
3569,PA7360135,1,0.6870392969509119,1,3
3570,PA7360135,1,0.7220674355113047,1,3
3571,PA7360140,1,0.6540506140805219,1,1
3572,PA7360140,1,0.6540506140805219,1,1
3573,PA7360140,1,0.6054907204135125,1,1
3574,PA7360143,0,0.798628028693448,1,5
3575,PA7360143,0,0.7555767728264106,1,5
3576,PA7360345,1,0.5621593598094058,1,2
3577,PA7360345,0,0.5621593598094058,1,2
3578,PA7360345,0,0.5621593598094058,1,2
3579,PA7380010,0,0.3130653792794449,0,5
3580,PA7380025,0,0.569104001236443,1,5
3581,PA7381001,0,0.8331020517719093,1,1
3582,PA7500030,0,0.2069727662275734,0,2
3583,PA7500030,0,0.2069727662275734,0,2
3584,PA7500030,0,0.2069727662275734,0,2
3585,PA7670061,1,0.5816156036423334,1,3
3586,PA7670061,1,0.5816156036423334,1,3
3587,PA7670061,1,0.5300600935039025,1,3
3588,PA7670061,1,0.5300600935039025,1,3
3589,PA7670061,1,0.5300600935039025,1,3
3590,PA7670061,0,0.5300600935039025,1,3
3591,PA7670062,1,0.9165532793886987,1,4
3592,PA7670062,1,0.930339639406199,1,4
3593,PA7670062,1,0.930339639406199,1,4
3594,PA7670062,1,0.930339639406199,1,4
3595,PA7670062,1,0.930339639406199,1,4
3596,PA7670071,0,0.5735688673703611,1,1
3597,PA7670071,1,0.5735688673703611,1,1
3598,PA7670071,0,0.5735688673703611,1,1
3599,PA7670071,0,0.5735688673703611,1,1
3600,PA7670073,1,0.6685505742271066,1,2
3601,PA7670073,1,0.7497832254305327,1,2
3602,PA7670073,1,0.7497832254305327,1,2
3603,PA7670073,1,0.7497832254305327,1,2
3604,PA7670073,1,0.7497832254305327,1,2
3605,PA7670073,1,0.7497832254305327,1,2
3606,PA7670073,0,0.7497832254305327,1,2
3607,PA7670073,1,0.7497832254305327,1,2
3608,PA7670073,0,0.8744967462881216,1,2
3609,PA7670076,1,0.4081304568026765,0,2
3610,PA7670082,1,0.8701898420065424,1,1
3611,PA7670082,1,0.9404882870110914,1,1
3612,PA7670082,1,0.9404882870110914,1,1
3613,PA7670082,1,0.9404882870110914,1,1
3614,PA7670082,0,0.9404882870110914,1,1
3615,PA7670085,0,0.8358947434365921,1,3
3616,PA7670086,0,0.7682081669388822,1,3
3617,PA7670088,1,0.8798359230640354,1,5
3618,PA7670088,1,0.8798359230640354,1,5
3619,PA7670088,1,0.8798359230640354,1,5
3620,PA7670088,0,0.8798359230640354,1,5
3621,PA7670088,1,0.8798359230640354,1,5
3622,PA7670088,1,0.8798359230640354,1,5
3623,PA7670088,0,0.8798359230640354,1,5
3624,PA7670088,0,0.8798359230640354,1,5
3625,PA7670097,0,0.3923357334262544,0,4
3626,PA7670100,0,0.5773767361490162,1,1
3627,PA7670101,1,0.6021207224758155,1,5
3628,PA7670101,1,0.6021207224758155,1,5
3629,PA7670101,1,0.6021207224758155,1,5
3630,RI1000016,1,0.7336786293117608,1,3
3631,RI1000016,1,0.7336786293117608,1,3
3632,RI1559511,1,0.5282157135361844,1,2
3633,RI1559511,0,0.5282157135361844,1,2
3634,RI1559511,1,0.7069551009552966,1,2
3635,RI1559511,1,0.6657473079631843,1,2
3636,RI1559511,1,0.7177445558412657,1,2
3637,RI1559512,1,0.6211924154736101,1,1
3638,RI1559512,1,0.6211924154736101,1,1
3639,RI1559512,1,0.6211924154736101,1,1
3640,RI1559512,1,0.6211924154736101,1,1
3641,RI1559512,0,0.6211924154736101,1,1
3642,RI1559512,1,0.6211924154736101,1,1
3643,RI1559512,0,0.6211924154736101,1,1
3644,RI1559517,0,0.44863460022411217,0,2
3645,RI1559517,0,0.44863460022411217,0,2
3646,RI1559517,0,0.44863460022411217,0,2
3647,RI1559517,1,0.38419413421813453,0,2
3648,RI1559517,1,0.44863460022411217,0,2
3649,RI1559517,1,0.38419413421813453,0,2
3650,RI1559518,1,0.6066087563941412,1,2
3651,RI1583829,0,0.2274480044796772,0,5
3652,RI1583829,0,0.2274480044796772,0,5
3653,RI1592010,1,0.6146133204123273,1,2
3654,RI1592010,0,0.6146133204123273,1,2
3655,RI1592018,0,0.5416735707819187,1,1
3656,RI1592018,0,0.5416735707819187,1,1
3657,RI1592021,1,0.8622891876860489,1,5
3658,RI1592022,0,0.6606879583024036,1,1
3659,RI1592024,0,0.8345874982674304,1,4
3660,RI1592025,1,0.7541319465781774,1,3
3661,RI1592025,1,0.7541319465781774,1,3
3662,RI1592025,1,0.7541319465781774,1,3
3663,RI1615610,0,0.6315821809773607,1,4
3664,RI1615616,0,0.6619809944522262,1,5
3665,RI1615623,0,0.8161430631142835,1,5
3666,RI1615623,1,0.8252840056011034,1,5
3667,RI1615624,0,0.8398074409323504,1,3
3668,RI1615624,0,0.8398074409323504,1,3
3669,RI1615627,0,0.5850969519843863,1,4
3670,RI1615627,0,0.5850969519843863,1,4
3671,RI1615627,0,0.5850969519843863,1,4
3672,RI1647515,0,0.5705847164547097,1,2
3673,RI1647530,0,0.5337470933366721,1,5
3674,RI1647530,1,0.808058340926026,1,5
3675,RI1647530,1,0.808058340926026,1,5
3676,RI1647530,1,0.808058340926026,1,5
3677,RI1647530,1,0.808058340926026,1,5
3678,RI1858410,0,0.5331438981161415,1,2
3679,RI1858419,1,0.3896673577395311,0,4
3680,RI1858421,1,0.8296074795580437,1,5
3681,RI1858421,1,0.8296074795580437,1,5
3682,RI1858421,1,0.8296074795580437,1,5
3683,RI1858422,1,0.6697071534121277,1,4
3684,RI1858423,0,0.6865105013530473,1,5
3685,RI1858428,0,0.4837624890788276,0,5
3686,RI1858429,0,0.0019389502901808165,0,2
3687,RI1858429,1,0.0019389502901808165,0,2
3688,RI1858430,0,0.7249140589141029,1,3
3689,RI2980469,0,0.34241916263109773,0,4
3690,VT0005001,0,0.26174692095938584,0,3
3691,VT0005004,0,0.09877515245368718,0,4
3692,VT0005004,0,0.09877515245368718,0,4
3693,VT0005004,0,0.09877515245368718,0,4
3694,VT0005010,0,0.3121679600227484,0,5
3695,VT0005016,0,0.08355287644270208,0,1
3696,VT0005016,0,0.10948894078761533,0,1
3697,VT0005017,0,0.22474856625297318,0,5
3698,VT0005022,0,0.16590262824879207,0,1
3699,VT0005022,0,0.16590262824879207,0,1
3700,VT0005024,0,0.2970828080540889,0,2
3701,VT0005024,0,0.2970828080540889,0,2
3702,VT0005040,0,0.15075021780511516,0,2
3703,VT0005045,0,0.23058975931212544,0,5
3704,VT0005053,0,0.04869853291598376,0,2
3705,VT0005059,1,0.4902603718057457,0,1
3706,VT0005060,0,0.416586987766452,0,1
3707,VT0005065,0,0.3615197738918393,0,4
3708,VT0005066,0,0.5129887278349378,1,4
3709,VT0005079,0,0.28386083900844583,0,4
3710,VT0005084,0,0.25270215524755574,0,4
3711,VT0005087,0,0.3809821404423736,0,2
3712,VT0005091,0,0.23873333043147127,0,5
3713,VT0005098,0,0.6327400600591162,1,4
3714,VT0005102,0,0.4400631450023227,0,5
3715,VT0005130,0,0.3225808309184884,0,4
3716,VT0005130,0,0.3225808309184884,0,4
3717,VT0005160,0,0.1335511150787384,0,2
3718,VT0005202,0,0.06446902212242839,0,4
3719,VT0005211,0,0.15242022150700874,0,5
3720,VT0005211,0,0.15242022150700874,0,5
3721,VT0005229,0,0.09256408104366275,0,4
3722,VT0005254,0,0.09667671170407735,0,5
3723,VT0005272,0,0.08240648686567555,0,1
3724,VT0005275,0,0.07211240056540844,0,2
3725,VT0005284,0,0.10704985601288271,0,4
3726,VT0005284,0,0.2836281971054946,0,4
3727,VT0005290,0,0.3149782451773445,0,4
3728,VT0005290,0,0.21762822351881095,0,4
3729,VT0005298,0,0.16075776196327066,0,5
3730,VT0005305,0,0.6492173250813362,1,2
3731,VT0005305,0,0.6492173250813362,1,2
3732,VT0005305,0,0.6492173250813362,1,2
3733,VT0005319,0,0.2292889854050197,0,2
3734,VT0005319,0,0.2292889854050197,0,2
3735,VT0005529,1,0.4543084724817291,0,2
3736,VT0005565,0,0.5785503362800832,1,4
3737,VT0005565,0,0.5785503362800832,1,4
3738,VT0021079,0,0.08867769949401326,0,5
