source_row_index,PWSID,y_true,y_probability,y_predicted,fold
0,CT0040011,0,0.5350390796104189,1,2
1,CT0040011,1,0.6210341329161732,1,2
2,CT0040011,1,0.6210341329161732,1,2
3,CT0040011,0,0.5350390796104189,1,2
4,CT0040011,1,0.6210341329161732,1,2
5,CT0040011,0,0.6210341329161732,1,2
6,CT0050062,0,0.2275549952411654,0,1
7,CT0070011,0,0.47869749930920147,0,5
8,CT0070011,0,0.4054647922998987,0,5
9,CT0070021,0,0.5277547511590066,1,4
10,CT0070021,0,0.39598933867550895,0,4
11,CT0070021,1,0.5277547511590066,1,4
12,CT0090011,1,0.6035109836971537,1,4
13,CT0150011,1,0.650298078137905,1,1
14,CT0150011,1,0.650298078137905,1,1
15,CT0150011,1,0.5756036811887876,1,1
16,CT0150011,0,0.5756036811887876,1,1
17,CT0150011,0,0.5756036811887876,1,1
18,CT0170011,0,0.5465473504037333,1,2
19,CT0170011,0,0.5745573132541216,1,2
20,CT0170011,1,0.5745573132541216,1,2
21,CT0170011,1,0.5745573132541216,1,2
22,CT0230011,0,0.24621716935546728,0,3
23,CT0230011,1,0.3205533680267723,0,3
24,CT0261031,0,0.2396174389875397,0,5
25,CT0261031,0,0.24743468822766126,0,5
26,CT0280011,1,0.24652988855116514,0,1
27,CT0280011,1,0.25507852077001014,0,1
28,CT0280011,1,0.24652988855116514,0,1
29,CT0280011,1,0.25507852077001014,0,1
30,CT0320091,0,0.19864047005004448,0,2
31,CT0330011,1,0.5997727818871434,1,4
32,CT0340011,1,0.5912155368272389,1,5
33,CT0340011,1,0.6187864588130545,1,5
34,CT0350011,1,0.7390070921985817,1,2
35,CT0350011,1,0.7390070921985817,1,2
36,CT0450011,1,0.5617453985140155,1,2
37,CT0450011,0,0.5617453985140155,1,2
38,CT0450011,1,0.5617453985140155,1,2
39,CT0450011,0,0.5617453985140155,1,2
40,CT0450011,1,0.5617453985140155,1,2
41,CT0450011,0,0.496267576985662,0,2
42,CT0473011,0,0.5746511467256151,1,1
43,CT0473011,1,0.8483573385834021,1,1
44,CT0473011,0,0.8101066421584256,1,1
45,CT0473011,0,0.8101066421584256,1,1
46,CT0473011,1,0.8101066421584256,1,1
47,CT0473011,1,0.8101066421584256,1,1
48,CT0473011,1,0.7959251519756835,1,1
49,CT0490021,1,0.5528838990588052,1,2
50,CT0490021,0,0.5611771276977785,1,2
51,CT0490021,1,0.5693559907968544,1,2
52,CT0490021,0,0.5339485347776963,1,2
53,CT0490021,0,0.5528838990588052,1,2
54,CT0490021,0,0.5339485347776963,1,2
55,CT0520011,1,0.6035407264130669,1,1
56,CT0520011,0,0.616882924994627,1,1
57,CT0520011,0,0.6190992370513647,1,1
58,CT0520011,0,0.4660381285381286,0,1
59,CT0570011,1,0.3723899327622732,0,1
60,CT0570011,1,0.3723899327622732,0,1
61,CT0570011,1,0.3723899327622732,0,1
62,CT0570062,0,0.4863453336299939,0,2
63,CT0580011,1,0.14684017223910842,0,1
64,CT0580011,0,0.23476365639463537,0,1
65,CT0590011,0,0.43707108751049534,0,3
66,CT0608011,1,0.7767419194280893,1,4
67,CT0608011,1,0.816487693748332,1,4
68,CT0608011,1,0.7767419194280893,1,4
69,CT0608011,1,0.5532811160470735,1,4
70,CT0608011,1,0.8150571650571651,1,4
71,CT0608011,0,0.8150571650571651,1,4
72,CT0608011,1,0.8150571650571651,1,4
73,CT0608011,0,0.5971814680591276,1,4
74,CT0608011,0,0.634961713818097,1,4
75,CT0640011,0,0.5837650824352953,1,5
76,CT0640011,0,0.5837650824352953,1,5
77,CT0640011,0,0.5873111817260754,1,5
78,CT0690011,1,0.5894121171381809,1,1
79,CT0690011,1,0.5805839745881987,1,1
80,CT0740011,0,0.46164279527241453,0,5
81,CT0740011,0,0.46164279527241453,0,5
82,CT0740011,0,0.4471884498480243,0,5
83,CT0770021,0,0.5173296882855706,1,3
84,CT0770021,1,0.5147929111633742,1,3
85,CT0770021,0,0.5147929111633742,1,3
86,CT0770021,1,0.5470687470296357,1,3
87,CT0770021,1,0.5344865414796579,1,3
88,CT0770021,1,0.5138896147657098,1,3
89,CT0770021,1,0.5147929111633742,1,3
90,CT0780021,1,0.47876139817629176,0,2
91,CT0780021,1,0.45046532958767,0,2
92,CT0800011,0,0.5598294878879985,1,2
93,CT0800011,1,0.6990738645306854,1,2
94,CT0800011,0,0.5570432670166712,1,2
95,CT0800011,0,0.5570432670166712,1,2
96,CT0800011,1,0.6990738645306854,1,2
97,CT0800011,0,0.7070405727633512,1,2
98,CT0800011,0,0.6965622663863884,1,2
99,CT0810054,0,0.4431773309432884,0,2
100,CT0830011,0,0.5077624095296266,1,5
101,CT0830011,0,0.5957933245832181,1,5
102,CT0880011,0,0.5097074468085108,1,2
103,CT0890011,0,0.5770833333333333,1,3
104,CT0900011,1,0.7268139661756681,1,1
105,CT0920011,0,0.5035650517671065,1,4
106,CT0920011,0,0.5002217079142443,1,4
107,CT0930011,0,0.47493146551097287,0,3
108,CT0930011,0,0.47493146551097287,0,3
109,CT0930011,0,0.47493146551097287,0,3
110,CT0930011,1,0.5398682722030985,1,3
111,CT0930011,1,0.5398682722030985,1,3
112,CT0930011,1,0.5398682722030985,1,3
113,CT0930011,0,0.5398682722030985,1,3
114,CT0930011,0,0.5398682722030985,1,3
115,CT0930011,0,0.5398682722030985,1,3
116,CT0930011,1,0.5398682722030985,1,3
117,CT0930011,1,0.47773879411617387,0,3
118,CT0950011,0,0.47614327162199505,0,1
119,CT0960011,0,0.856382211169445,1,4
120,CT0960011,0,0.856382211169445,1,4
121,CT0960011,1,0.856382211169445,1,4
122,CT0960011,1,0.856382211169445,1,4
123,CT0960011,1,0.856382211169445,1,4
124,CT0970011,1,0.5807567432567432,1,2
125,CT0970011,1,0.5807567432567432,1,2
126,CT1030011,1,0.7498927343342234,1,3
127,CT1030011,1,0.7286085663745238,1,3
128,CT1030021,0,0.6164511668073076,1,3
129,CT1040011,1,0.5678355480217182,1,2
130,CT1040011,1,0.5678355480217182,1,2
131,CT1040011,1,0.6157225475122846,1,2
132,CT1100011,1,0.7869106071233731,1,4
133,CT1100011,0,0.7869106071233731,1,4
134,CT1110011,0,0.3146477488232807,0,3
135,CT1110011,0,0.31224146716167994,0,3
136,CT1130011,1,0.43841012710693544,0,3
137,CT1160011,1,0.3872965982008533,0,4
138,CT1160011,1,0.5177374044395321,1,4
139,CT1160011,0,0.3872965982008533,0,4
140,CT1180011,1,0.6362789921755486,1,1
141,CT1180011,1,0.6362789921755486,1,1
142,CT1180011,1,0.6362789921755486,1,1
143,CT1180011,1,0.6612309692590964,1,1
144,CT1240011,0,0.6698958694969331,1,3
145,CT1240011,1,0.6698958694969331,1,3
146,CT1240011,1,0.6698958694969331,1,3
147,CT1240011,1,0.5201325565687269,1,3
148,CT1280021,1,0.7158626473825159,1,1
149,CT1280021,1,0.7158626473825159,1,1
150,CT1280021,1,0.7158626473825159,1,1
151,CT1300021,0,0.5624746707193515,1,1
152,CT1310011,1,0.42045506605715594,0,3
153,CT1310011,1,0.38212050003563747,0,3
154,CT1310011,1,0.42045506605715594,0,3
155,CT1310011,0,0.42045506605715594,0,3
156,CT1310011,0,0.42045506605715594,0,3
157,CT1310011,1,0.42045506605715594,0,3
158,CT1310011,1,0.5531462432759695,1,3
159,CT1350011,1,0.7143087409044856,1,4
160,CT1350011,0,0.7143087409044856,1,4
161,CT1370011,0,0.6504147669706182,1,4
162,CT1370011,0,0.5415280050918349,1,4
163,CT1400011,0,0.35234660434128506,0,2
164,CT1430011,0,0.41597704548267755,0,3
165,CT1510011,0,0.45248649105032085,0,1
166,CT1520071,0,0.5013219865497849,1,2
167,CT1530011,0,0.46860351527904726,0,3
168,CT1530021,0,0.524651722391084,1,3
169,CT1620011,0,0.21156598277608912,0,1
170,CT1630011,1,0.29034033342543974,0,1
171,CT1666011,1,0.260235140155353,0,1
172,MA1004000,0,0.32844056062141175,0,1
173,MA1005000,0,0.2660386156396795,0,3
174,MA1008000,0,0.2779243805839551,0,3
175,MA1008000,0,0.3175378699314869,0,3
176,MA1008000,0,0.3175378699314869,0,3
177,MA1008000,0,0.3122187209953167,0,3
178,MA1008000,0,0.3175378699314869,0,3
179,MA1015000,0,0.2343809710962243,0,5
180,MA1015000,0,0.24028012892588682,0,5
181,MA1024000,0,0.2641252593880879,0,3
182,MA1024000,0,0.2641252593880879,0,3
183,MA1061000,0,0.2378018405943938,0,2
184,MA1070000,0,0.24016006156963607,0,3
185,MA1070000,0,0.24016006156963607,0,3
186,MA1074001,0,0.19049202127659576,0,1
187,MA1085000,0,0.35504637206764866,0,2
188,MA1087000,0,0.7262330883721462,1,4
189,MA1087000,0,0.7262330883721462,1,4
190,MA1087000,0,0.7774751825663679,1,4
191,MA1087000,0,0.7262330883721462,1,4
192,MA1113000,0,0.13289417282978316,0,2
193,MA1114000,0,0.26472269603918536,0,1
194,MA1114000,0,0.29761391829210976,0,1
195,MA1117002,0,0.41130472659727985,0,2
196,MA1117002,0,0.40598557766110965,0,2
197,MA1127000,0,0.30744010717414966,0,3
198,MA1127000,1,0.30748825642442656,0,3
199,MA1127000,0,0.30744010717414966,0,3
200,MA1137000,0,0.524260535563727,1,3
201,MA1137000,0,0.524260535563727,1,3
202,MA1150000,0,0.19766548463356975,0,1
203,MA1152000,0,0.39404128672745703,0,3
204,MA1159000,0,0.3363090367079728,0,2
205,MA1191000,0,0.37794111352372456,0,2
206,MA1191000,0,0.37794111352372456,0,2
207,MA1191000,0,0.37794111352372456,0,2
208,MA1192000,0,0.2156868840379479,0,5
209,MA1192000,0,0.21885764944275585,0,5
210,MA1209000,1,0.19123146357188908,0,4
211,MA1214000,0,0.362225584698989,0,4
212,MA1214000,0,0.4710169706180345,0,4
213,MA1214000,0,0.362225584698989,0,4
214,MA1223000,0,0.45058740018846405,0,5
215,MA1223000,0,0.45058740018846405,0,5
216,MA1223000,0,0.45058740018846405,0,5
217,MA1223000,0,0.3495060790273557,0,5
218,MA1227000,0,0.4373968363151389,0,3
219,MA1227000,0,0.45438763312198877,0,3
220,MA1227000,0,0.4373968363151389,0,3
221,MA1236000,0,0.19369896894928187,0,2
222,MA1236000,0,0.19369896894928187,0,2
223,MA1275000,0,0.1637309056192035,0,3
224,MA1275001,0,0.43812634428485875,0,4
225,MA1275001,0,0.43812634428485875,0,4
226,MA1276000,0,0.4611857380661455,0,2
227,MA1276000,0,0.34746628671371543,0,2
228,MA1279000,0,0.5682413036136442,1,3
229,MA1279000,0,0.5682413036136442,1,3
230,MA1281000,0,0.3685519415572606,0,1
231,MA1309000,0,0.3690481061491701,0,3
232,MA1309000,1,0.3665932766996598,0,3
233,MA1325000,0,0.45758377174209464,0,1
234,MA1329000,0,0.5925874509651107,1,3
235,MA1329000,0,0.6095517366793962,1,3
236,MA1329000,0,0.5941557555919259,1,3
237,MA1329000,0,0.5941557555919259,1,3
238,MA1329000,1,0.6095517366793962,1,3
239,MA1329000,0,0.6095517366793962,1,3
240,MA1337010,0,0.18052811550151973,0,2
241,MA1339000,0,0.1901826010868564,0,1
242,MA1341000,0,0.05962378342697492,0,4
243,MA1341000,0,0.05962378342697492,0,4
244,MA1341000,0,0.05962378342697492,0,4
245,MA1341010,0,0.21632753910889413,0,2
246,MA2002000,1,0.8235790857036165,1,2
247,MA2002000,1,0.8235790857036165,1,2
248,MA2002000,1,0.8686109746184841,1,2
249,MA2011000,0,0.3851865923674434,0,4
250,MA2011004,0,0.1770642822504525,0,1
251,MA2017000,1,0.5968694130928173,1,5
252,MA2017000,0,0.5903708959824763,1,5
253,MA2017000,0,0.5861331753353028,1,5
254,MA2017000,0,0.5861331753353028,1,5
255,MA2017000,1,0.5861331753353028,1,5
256,MA2019000,1,0.6865398856444405,1,1
257,MA2019000,1,0.7074121723411952,1,1
258,MA2019001,1,0.5268482699333765,1,4
259,MA2019001,1,0.5268482699333765,1,4
260,MA2019001,0,0.5268482699333765,1,4
261,MA2021000,0,0.3204449953120166,0,5
262,MA2025000,1,0.6886244164414657,1,2
263,MA2025000,1,0.6886244164414657,1,2
264,MA2032000,0,0.5720534642286458,1,5
265,MA2064000,0,0.30680743606275523,0,1
266,MA2080000,0,0.4996377145313316,0,1
267,MA2080006,0,0.3418337902536901,0,5
268,MA2097000,1,0.528625733014031,1,1
269,MA2097000,1,0.528625733014031,1,1
270,MA2101000,1,0.7297084146457954,1,2
271,MA2101000,1,0.7297084146457954,1,2
272,MA2101000,1,0.7297084146457954,1,2
273,MA2101000,0,0.7297084146457954,1,2
274,MA2101000,1,0.7297084146457954,1,2
275,MA2101000,0,0.6768539995573375,1,2
276,MA2101000,0,0.6991944250892524,1,2
277,MA2103000,0,0.3390937354954876,0,4
278,MA2103000,0,0.37680558038818357,0,4
279,MA2110000,1,0.7095660918124079,1,3
280,MA2110000,1,0.7095660918124079,1,3
281,MA2110000,0,0.7095660918124079,1,3
282,MA2110000,0,0.7095660918124079,1,3
283,MA2115000,0,0.44273390616475716,0,2
284,MA2115000,1,0.44273390616475716,0,2
285,MA2134000,1,0.5975595031446098,1,4
286,MA2134000,1,0.6250269972344443,1,4
287,MA2134000,0,0.6250269972344443,1,4
288,MA2134000,1,0.6895973411930861,1,4
289,MA2136000,0,0.6101534703942317,1,5
290,MA2136000,1,0.6101534703942317,1,5
291,MA2136000,1,0.6101534703942317,1,5
292,MA2136000,1,0.6101534703942317,1,5
293,MA2138000,1,0.6029191995947316,1,1
294,MA2139000,0,0.5458185408283394,1,2
295,MA2139000,1,0.5517723830853731,1,2
296,MA2139000,1,0.5517723830853731,1,2
297,MA2139000,1,0.5342050656510344,1,2
298,MA2141000,0,0.6635145144453655,1,5
299,MA2141000,1,0.7716542731013948,1,5
300,MA2147000,0,0.4562820453777901,0,5
301,MA2147000,0,0.4562820453777901,0,5
302,MA2151001,0,0.2815054035798717,0,3
303,MA2151001,1,0.27795930428909155,0,3
304,MA2153000,0,0.6775434819317799,1,2
305,MA2153000,0,0.6775434819317799,1,2
306,MA2153000,0,0.6775434819317799,1,2
307,MA2153000,1,0.6470966312056737,1,2
308,MA2158000,0,0.5122096785761829,1,3
309,MA2162000,1,0.5813246889044761,1,4
310,MA2162000,1,0.5774683059257526,1,4
311,MA2170000,0,0.13206686930091185,0,2
312,MA2174000,1,0.6682866852414724,1,4
313,MA2174000,0,0.6682866852414724,1,4
314,MA2174000,0,0.6682866852414724,1,4
315,MA2175000,0,0.7450797872340424,1,2
316,MA2175000,0,0.7702697568389058,1,2
317,MA2175000,1,0.7691172745694022,1,2
318,MA2177000,1,0.706038155107304,1,1
319,MA2177000,1,0.6911482799115775,1,1
320,MA2185000,1,0.8658619527635485,1,2
321,MA2185000,1,0.8028029151699363,1,2
322,MA2186000,1,0.6154627582819074,1,4
323,MA2186000,1,0.6759216404163213,1,4
324,MA2186000,0,0.6225802861441161,1,4
325,MA2187000,0,0.39463650124677885,0,3
326,MA2187000,1,0.43253617093020896,0,3
327,MA2187000,0,0.43253617093020896,0,3
328,MA2187000,0,0.43253617093020896,0,3
329,MA2208000,0,0.6947810168554851,1,2
330,MA2208000,1,0.6947810168554851,1,2
331,MA2208000,0,0.6947810168554851,1,2
332,MA2208001,0,0.5878672745694024,1,2
333,MA2212000,0,0.2172642074237819,0,1
334,MA2215000,0,0.0848530901722391,0,5
335,MA2216000,0,0.3957839737095057,0,3
336,MA2216000,0,0.38770393318265667,0,3
337,MA2216006,0,0.24968472721132295,0,4
338,MA2226000,0,0.5103562440258023,1,2
339,MA2226000,0,0.5103562440258023,1,2
340,MA2226000,1,0.5103562440258023,1,2
341,MA2228000,1,0.5507978723404254,1,2
342,MA2232000,1,0.39669480498641935,0,5
343,MA2232000,0,0.38906387208952903,0,5
344,MA2232000,1,0.38739213956673274,0,5
345,MA2257000,0,0.27530222437137325,0,2
346,MA2270000,1,0.659144471283529,1,4
347,MA2270000,0,0.659144471283529,1,4
348,MA2270001,1,0.5401991599347669,1,1
349,MA2271000,1,0.5767302337663728,1,5
350,MA2277000,0,0.17265070921985817,0,3
351,MA2278000,1,0.7347186277975586,1,4
352,MA2280000,0,0.3614390485401123,0,4
353,MA2280000,0,0.3614390485401123,0,4
354,MA2282000,0,0.344548995096177,0,3
355,MA2282000,1,0.344548995096177,0,3
356,MA2287000,0,0.3482711806514998,0,2
357,MA2287000,0,0.3532357196585921,0,2
358,MA2294000,1,0.31717622971422355,0,4
359,MA2294000,0,0.3131404309975737,0,4
360,MA2294000,0,0.3131404309975737,0,4
361,MA2294000,0,0.31717622971422355,0,4
362,MA2299000,0,0.45244870999350273,0,3
363,MA2299000,0,0.4586161474459346,0,3
364,MA2299000,0,0.4586161474459346,0,3
365,MA2299000,1,0.4586161474459346,0,3
366,MA2299000,1,0.4586161474459346,0,3
367,MA2303000,0,0.43685247967162866,0,3
368,MA2303000,0,0.43685247967162866,0,3
369,MA2303000,0,0.43685247967162866,0,3
370,MA2304000,0,0.29153685410334346,0,1
371,MA2304000,0,0.29153685410334346,0,1
372,MA2304000,1,0.29153685410334346,0,1
373,MA2316000,1,0.40397604759306877,0,3
374,MA2316000,0,0.40397604759306877,0,3
375,MA2321000,1,0.5714445389820858,1,5
376,MA2321000,1,0.5714445389820858,1,5
377,MA2321000,0,0.5714445389820858,1,5
378,MA2321000,1,0.5250903794786773,1,5
379,MA2328000,1,0.7521296958499712,1,2
380,MA2328000,0,0.7521296958499712,1,2
381,MA2328000,0,0.7572025433195647,1,2
382,MA2328000,0,0.6933798854809493,1,2
383,MA2328000,1,0.7571200460296206,1,2
384,MA2332000,0,0.43670634920634904,0,1
385,MA2343000,0,0.5127429308280371,1,2
386,MA2348000,1,0.5058893824851273,1,1
387,MA3007000,0,0.4195127567467993,0,1
388,MA3009000,0,0.5637214041000024,1,2
389,MA3010000,0,0.022340425531914895,0,3
390,MA3014000,1,0.6683318749808113,1,2
391,MA3023000,0,0.20163555416214995,0,1
392,MA3023002,0,0.24319908814589664,0,1
393,MA3023002,0,0.24319908814589664,0,1
394,MA3026000,0,0.028812056737588652,0,4
395,MA3030000,1,0.7808973384771257,1,3
396,MA3031000,1,0.48181357649442746,0,1
397,MA3035000,0,0.22118794326241142,0,3
398,MA3046000,0,0.04247720364741641,0,4
399,MA3048000,0,0.513960817551243,1,1
400,MA3048000,1,0.6820437541182222,1,1
401,MA3049000,1,0.2940703504533292,0,3
402,MA3056000,1,0.593307384773045,1,1
403,MA3056000,1,0.6105499678400962,1,1
404,MA3056000,1,0.593307384773045,1,1
405,MA3056000,1,0.5861014036973831,1,1
406,MA3056002,0,0.6742485646740966,1,5
407,MA3057000,0,0.03377659574468085,0,1
408,MA3067000,1,0.401353330475671,0,1
409,MA3067000,1,0.605226023976024,1,1
410,MA3067000,1,0.605226023976024,1,1
411,MA3067000,0,0.605226023976024,1,1
412,MA3067000,1,0.605226023976024,1,1
413,MA3067000,0,0.5874955275221233,1,1
414,MA3071000,0,0.5063323201621073,1,2
415,MA3071000,1,0.6311217004036153,1,2
416,MA3073000,0,0.1359655016100573,0,5
417,MA3073000,1,0.5486053883190928,1,5
418,MA3073000,1,0.5938814774781607,1,5
419,MA3079000,1,0.6898392283561244,1,2
420,MA3079000,1,0.6288926763856366,1,2
421,MA3079000,1,0.6288926763856366,1,2
422,MA3079001,0,0.6748522458628841,1,2
423,MA3079001,0,0.6748522458628841,1,2
424,MA3093000,0,0.02721631205673759,0,4
425,MA3100000,0,0.17582742316784875,0,1
426,MA3105000,0,0.3087757118184235,0,1
427,MA3107000,0,0.4859128326295345,0,2
428,MA3107000,0,0.4859128326295345,0,2
429,MA3116000,1,0.3805896231428147,0,3
430,MA3116000,1,0.3805896231428147,0,3
431,MA3119000,1,0.30779318853493937,0,3
432,MA3119000,1,0.28172003264131595,0,3
433,MA3128000,0,0.6165780141843973,1,2
434,MA3144000,1,0.49180386693684564,0,1
435,MA3144000,0,0.49180386693684564,0,1
436,MA3144000,0,0.49180386693684564,0,1
437,MA3144000,0,0.4422469374597034,0,1
438,MA3144000,1,0.49180386693684564,0,1
439,MA3149000,1,0.6325702887537994,1,2
440,MA3155000,0,0.16225092874029043,0,1
441,MA3157000,1,0.4273514310748353,0,3
442,MA3157000,0,0.46998681283255744,0,3
443,MA3160000,1,0.5196745187436675,1,3
444,MA3163000,1,0.5694219934911424,1,5
445,MA3164000,1,0.4164292046605876,0,1
446,MA3164000,0,0.45039260385005064,0,1
447,MA3164000,1,0.44501013171225945,0,1
448,MA3164001,0,0.1416223404255319,0,4
449,MA3165000,0,0.03794326241134752,0,3
450,MA3166000,1,0.2046856812899464,0,5
451,MA3166000,1,0.11642258450769088,0,5
452,MA3168000,0,0.1415912544901907,0,2
453,MA3176000,0,0.03945035460992908,0,5
454,MA3178000,0,0.023138297872340424,0,5
455,MA3180000,1,0.4945765292190486,0,1
456,MA3180000,0,0.6159263746733796,1,1
457,MA3181000,1,0.44154928186489006,0,2
458,MA3184000,1,0.6324278115501518,1,3
459,MA3189000,0,0.09887284701114489,0,2
460,MA3196000,0,0.2077980660349246,0,1
461,MA3198000,1,0.5493681702458297,1,3
462,MA3198000,1,0.5969513642385982,1,3
463,MA3198000,1,0.5969513642385982,1,3
464,MA3198000,1,0.576634565198395,1,3
465,MA3199000,0,0.07190253599828067,0,5
466,MA3199000,1,0.5698053276510722,1,5
467,MA3206000,1,0.45534309809575757,0,1
468,MA3206000,1,0.41535376561972304,0,1
469,MA3207000,0,0.09639057750759877,0,5
470,MA3210000,0,0.522998986828774,1,1
471,MA3213000,1,0.6791096757852078,1,1
472,MA3229000,0,0.39347042783083247,0,3
473,MA3229000,1,0.46141467870191266,0,3
474,MA3229000,1,0.5019347083176869,1,3
475,MA3243000,0,0.1801228470111449,0,1
476,MA3246000,0,0.2328769973565217,0,3
477,MA3248000,1,0.07331560283687945,0,4
478,MA3252000,0,0.27461164634975654,0,1
479,MA3254000,1,0.4195292591569188,0,5
480,MA3254000,0,0.38327039390869183,0,5
481,MA3258000,1,0.8591185410334347,1,5
482,MA3259000,0,0.7553819563832079,1,3
483,MA3259000,1,0.7479794741137044,1,3
484,MA3262000,0,0.09112208713272542,0,4
485,MA3274000,0,0.04051418439716312,0,4
486,MA3284000,0,0.04920212765957447,0,4
487,MA3288000,1,0.6966266342628362,1,5
488,MA3288000,1,0.6966266342628362,1,5
489,MA3288000,1,0.6966266342628362,1,5
490,MA3288000,0,0.6966266342628362,1,5
491,MA3288000,1,0.6966266342628362,1,5
492,MA3291000,0,0.0968241551939925,0,1
493,MA3295000,1,0.6683616176967239,1,4
494,MA3298000,1,0.4119865064014,0,3
495,MA3301000,1,0.37196272125871616,0,4
496,MA3301000,0,0.3591081113296381,0,4
497,MA3305000,0,0.3060035266152287,0,1
498,MA3305000,1,0.4052261125399424,0,1
499,MA3308000,0,0.1704343971631206,0,2
500,MA3314000,0,0.10886524822695036,0,1
501,MA3315000,0,0.6863556508503316,1,4
502,MA3315000,0,0.6285769933376314,1,4
503,MA3315000,1,0.6319457876638725,1,4
504,MA3315000,1,0.6285769933376314,1,4
505,MA3317000,1,0.6108029381965553,1,3
506,MA3317000,1,0.6108029381965553,1,3
507,MA3317000,1,0.616565349544073,1,3
508,MA3317000,0,0.15868794326241137,0,3
509,MA3320000,1,0.4218011764543143,0,4
510,MA3324000,0,0.7745124113475179,1,1
511,MA3330000,1,0.48111771372487894,0,2
512,MA3330000,1,0.48111771372487894,0,2
513,MA3330019,1,0.21229944278956436,0,4
514,MA3333000,0,0.10186170212765959,0,2
515,MA3342000,0,0.2137917933130699,0,3
516,MA3342000,0,0.8090108915906791,1,3
517,MA3342000,0,0.8524506079027357,1,3
518,MA3344000,0,0.5770690302605194,1,5
519,MA3344000,0,0.3824076632587271,0,5
520,MA3346000,0,0.09778368794326239,0,2
521,MA3347000,0,0.09712938205585263,0,5
522,MA3347000,1,0.5848706943461935,1,5
523,MA4001000,0,0.6481203562985478,1,2
524,MA4001000,1,0.6877747252747252,1,2
525,MA4001000,1,0.6833421011612499,1,2
526,MA4003000,0,0.5801882809861533,1,5
527,MA4016000,1,0.7394558609752874,1,3
528,MA4016000,1,0.7394558609752874,1,3
529,MA4018000,1,0.5475868543246292,1,4
530,MA4018000,0,0.45970193686759037,0,4
531,MA4020000,0,0.4882208610192133,0,4
532,MA4020000,1,0.4882208610192133,0,4
533,MA4020000,1,0.4882208610192133,0,4
534,MA4020002,1,0.8832043497602008,1,4
535,MA4020002,0,0.8832043497602008,1,4
536,MA4020002,0,0.8832043497602008,1,4
537,MA4020002,0,0.8832043497602008,1,4
538,MA4020002,0,0.8832043497602008,1,4
539,MA4020002,0,0.8832043497602008,1,4
540,MA4020002,0,0.8832043497602008,1,4
541,MA4020002,0,0.8832043497602008,1,4
542,MA4020002,0,0.8832043497602008,1,4
543,MA4020002,0,0.8832043497602008,1,4
544,MA4020002,0,0.8832043497602008,1,4
545,MA4020002,1,0.8832043497602008,1,4
546,MA4020002,1,0.8832043497602008,1,4
547,MA4020002,0,0.8832043497602008,1,4
548,MA4020003,0,0.561823142929166,1,4
549,MA4020003,0,0.561823142929166,1,4
550,MA4020003,0,0.561823142929166,1,4
551,MA4020003,0,0.561823142929166,1,4
552,MA4020003,0,0.561823142929166,1,4
553,MA4020004,1,0.298508363903765,0,2
554,MA4020004,1,0.31913861641098384,0,2
555,MA4020004,1,0.33816090617795447,0,2
556,MA4036000,0,0.26127152988855123,0,4
557,MA4036000,0,0.26127152988855123,0,4
558,MA4036000,0,0.26127152988855123,0,4
559,MA4036000,0,0.26127152988855123,0,4
560,MA4036000,1,0.26127152988855123,0,4
561,MA4036000,0,0.26127152988855123,0,4
562,MA4036000,0,0.26127152988855123,0,4
563,MA4036001,0,0.37221166835528535,0,4
564,MA4036001,0,0.37221166835528535,0,4
565,MA4036001,0,0.37221166835528535,0,4
566,MA4036001,0,0.37221166835528535,0,4
567,MA4036001,0,0.37221166835528535,0,4
568,MA4036002,1,0.6594104846771739,1,3
569,MA4036002,0,0.594939470271208,1,3
570,MA4040000,1,0.4901841361947744,0,4
571,MA4041000,0,0.057931902612753675,0,4
572,MA4041000,0,0.057931902612753675,0,4
573,MA4041000,0,0.057931902612753675,0,4
574,MA4041000,0,0.057931902612753675,0,4
575,MA4041000,0,0.057931902612753675,0,4
576,MA4042000,1,0.6562060575358446,1,2
577,MA4042000,1,0.6700323907770714,1,2
578,MA4042000,1,0.645896080869485,1,2
579,MA4044000,0,0.38773890116975235,0,5
580,MA4050000,0,0.31318470241342583,0,1
581,MA4050000,1,0.48729299660150716,0,1
582,MA4050000,1,0.47023080347548424,0,1
583,MA4055000,0,0.22162111222337944,0,3
584,MA4055000,0,0.24815835294401334,0,3
585,MA4055000,0,0.22162111222337944,0,3
586,MA4055000,0,0.20651893657121725,0,3
587,MA4055000,0,0.2048725333290693,0,3
588,MA4065000,0,0.5944203624389794,1,1
589,MA4072000,0,0.48574172576832164,0,4
590,MA4072000,1,0.6265702530330189,1,4
591,MA4072000,1,0.6265702530330189,1,4
592,MA4072000,0,0.6265702530330189,1,4
593,MA4075000,0,0.34001334216343937,0,3
594,MA4075000,0,0.34001334216343937,0,3
595,MA4075000,0,0.34001334216343937,0,3
596,MA4075000,0,0.34001334216343937,0,3
597,MA4075000,0,0.34001334216343937,0,3
598,MA4075000,0,0.34001334216343937,0,3
599,MA4075000,0,0.34001334216343937,0,3
600,MA4075000,1,0.34001334216343937,0,3
601,MA4075000,0,0.34001334216343937,0,3
602,MA4076000,1,0.5785423574652298,1,2
603,MA4076004,0,0.17489925854287558,0,4
604,MA4082000,1,0.7485998300877919,1,5
605,MA4082000,0,0.7485998300877919,1,5
606,MA4082000,0,0.7485998300877919,1,5
607,MA4082000,1,0.7485998300877919,1,5
608,MA4082000,0,0.7485998300877919,1,5
609,MA4082000,0,0.7485998300877919,1,5
610,MA4082000,0,0.72877866814037,1,5
611,MA4082000,0,0.7485998300877919,1,5
612,MA4083000,0,0.6981866537717598,1,5
613,MA4083000,1,0.6981866537717598,1,5
614,MA4086095,0,0.5798638912659975,1,3
615,MA4086095,0,0.5798638912659975,1,3
616,MA4088000,0,0.5414406220257283,1,1
617,MA4088000,1,0.5414406220257283,1,1
618,MA4088000,1,0.5414406220257283,1,1
619,MA4088000,1,0.5414406220257283,1,1
620,MA4089000,0,0.1564014443003805,0,2
621,MA4089000,0,0.1564014443003805,0,2
622,MA4089000,0,0.1564014443003805,0,2
623,MA4089000,0,0.1564014443003805,0,2
624,MA4089000,0,0.1564014443003805,0,2
625,MA4094000,0,0.4261706725316307,0,1
626,MA4095000,0,0.5768229220076923,1,3
627,MA4096000,0,0.27402910988787244,0,2
628,MA4096000,0,0.20826736771433266,0,2
629,MA4096000,0,0.18863717521179973,0,2
630,MA4096000,0,0.21824093355995897,0,2
631,MA4096001,0,0.2154558502962758,0,1
632,MA4099000,1,0.5917386469913063,1,1
633,MA4099000,1,0.5917386469913063,1,1
634,MA4099000,1,0.5917386469913063,1,1
635,MA4118000,1,0.4633780817291454,0,5
636,MA4118000,1,0.4633780817291454,0,5
637,MA4118000,0,0.45978765619723055,0,5
638,MA4118000,0,0.45978765619723055,0,5
639,MA4122000,1,0.7173119212347935,1,4
640,MA4122000,1,0.7173119212347935,1,4
641,MA4122000,1,0.6003390005384684,1,4
642,MA4123000,1,0.5626423960200558,1,5
643,MA4126000,0,0.2695533642173356,0,3
644,MA4126000,0,0.2695533642173356,0,3
645,MA4126000,0,0.2695533642173356,0,3
646,MA4126000,0,0.2695533642173356,0,3
647,MA4126000,0,0.2695533642173356,0,3
648,MA4131000,1,0.5732939194375366,1,2
649,MA4131000,1,0.5732939194375366,1,2
650,MA4133000,1,0.6361232790988736,1,2
651,MA4145000,0,0.3548989882492698,0,3
652,MA4145000,0,0.3548989882492698,0,3
653,MA4145000,0,0.3548989882492698,0,3
654,MA4145000,0,0.388607301212902,0,3
655,MA4145000,0,0.388607301212902,0,3
656,MA4167000,0,0.8277904424181018,1,5
657,MA4167000,0,0.8277904424181018,1,5
658,MA4167000,1,0.8277904424181018,1,5
659,MA4169000,0,0.4406560195124024,0,4
660,MA4171000,0,0.6658460555402044,1,5
661,MA4171000,1,0.7385030970802247,1,5
662,MA4171000,1,0.6426729299069723,1,5
663,MA4171000,1,0.6658460555402044,1,5
664,MA4171000,0,0.6658460555402044,1,5
665,MA4171000,0,0.6658460555402044,1,5
666,MA4171000,1,0.6796758427742469,1,5
667,MA4171000,0,0.6658460555402044,1,5
668,MA4171000,1,0.6658460555402044,1,5
669,MA4171000,0,0.6658460555402044,1,5
670,MA4171000,0,0.6658460555402044,1,5
671,MA4171000,0,0.6658460555402044,1,5
672,MA4171000,0,0.6658460555402044,1,5
673,MA4171000,1,0.6265466212274722,1,5
674,MA4171000,1,0.6600034348039665,1,5
675,MA4171000,0,0.6600034348039665,1,5
676,MA4172039,0,0.22539793244580475,0,5
677,MA4172039,0,0.20192344593940334,0,5
678,MA4172039,0,0.20192344593940334,0,5
679,MA4172039,0,0.2128706547589526,0,5
680,MA4172039,0,0.20192344593940334,0,5
681,MA4172039,1,0.22342030014902353,0,5
682,MA4173000,0,0.5119327438856314,1,4
683,MA4173001,0,0.4399561726689386,0,2
684,MA4173001,0,0.4811289183629609,0,2
685,MA4182000,1,0.3956117021276595,0,5
686,MA4182000,0,0.3956117021276595,0,5
687,MA4182000,1,0.4070858662613981,0,5
688,MA4182000,0,0.4070858662613981,0,5
689,MA4182000,0,0.4070858662613981,0,5
690,MA4182000,0,0.4070858662613981,0,5
691,MA4182000,0,0.4070858662613981,0,5
692,MA4182000,1,0.4070858662613981,0,5
693,MA4182000,1,0.4070858662613981,0,5
694,MA4182000,0,0.4070858662613981,0,5
695,MA4197000,0,0.20790035556821934,0,4
696,MA4197000,0,0.20790035556821934,0,4
697,MA4197000,0,0.20790035556821934,0,4
698,MA4201000,1,0.4143215974332995,0,1
699,MA4211000,0,0.7827148693505077,1,3
700,MA4211000,1,0.8207902248460759,1,3
701,MA4211000,1,0.8065968679665487,1,3
702,MA4211000,1,0.8305267058591529,1,3
703,MA4218000,1,0.7886687760882886,1,4
704,MA4218000,1,0.7886687760882886,1,4
705,MA4218000,0,0.8609576302920365,1,4
706,MA4219000,1,0.6269542219010301,1,4
707,MA4219000,1,0.7883155260814837,1,4
708,MA4219000,1,0.7883155260814837,1,4
709,MA4220000,0,0.1155602376347057,0,1
710,MA4221000,0,0.5253035675908018,1,5
711,MA4221000,1,0.5063382687052902,1,5
712,MA4221000,0,0.5063382687052902,1,5
713,MA4221000,0,0.5063382687052902,1,5
714,MA4221000,0,0.5063382687052902,1,5
715,MA4224000,0,0.13946948137733492,0,3
716,MA4224000,0,0.15507231825676757,0,3
717,MA4231000,1,0.7193012365884707,1,5
718,MA4231000,1,0.7193012365884707,1,5
719,MA4231000,0,0.6639733198243836,1,5
720,MA4238000,1,0.588024608370353,1,4
721,MA4238000,1,0.7232931484104823,1,4
722,MA4239000,0,0.527892132030117,1,4
723,MA4239000,0,0.527892132030117,1,4
724,MA4239000,0,0.527892132030117,1,4
725,MA4239000,1,0.527892132030117,1,4
726,MA4239000,0,0.527892132030117,1,4
727,MA4239000,0,0.527892132030117,1,4
728,MA4239000,0,0.527892132030117,1,4
729,MA4239000,0,0.527892132030117,1,4
730,MA4239000,0,0.527892132030117,1,4
731,MA4239000,0,0.527892132030117,1,4
732,MA4239000,0,0.527892132030117,1,4
733,MA4239055,1,0.15541727450167686,0,2
734,MA4242000,0,0.09983890961284578,0,4
735,MA4242000,0,0.09629281032206564,0,4
736,MA4244000,1,0.529243451583877,1,3
737,MA4244001,1,0.5007472137791287,1,3
738,MA4245000,0,0.7368461608041507,1,4
739,MA4245000,1,0.7368461608041507,1,4
740,MA4245000,1,0.7368461608041507,1,4
741,MA4245002,1,0.5070542504049025,1,2
742,MA4245002,0,0.525473646296729,1,2
743,MA4261000,0,0.32195171849427173,0,3
744,MA4261000,0,0.3391925155223028,0,3
745,MA4261000,0,0.3391925155223028,0,3
746,MA4261000,0,0.3391925155223028,0,3
747,MA4261000,0,0.3391925155223028,0,3
748,MA4261000,0,0.3391925155223028,0,3
749,MA4261000,0,0.3391925155223028,0,3
750,MA4261000,0,0.3391925155223028,0,3
751,MA4261000,0,0.3391925155223028,0,3
752,MA4261000,0,0.3391925155223028,0,3
753,MA4261024,0,0.2548062310030395,0,3
754,MA4261024,0,0.2548062310030395,0,3
755,MA4261024,0,0.2548062310030395,0,3
756,MA4264000,0,0.5859362859362858,1,3
757,MA4264000,1,0.5418358089900641,1,3
758,MA4264000,1,0.6075814994697971,1,3
759,MA4264000,1,0.5859362859362858,1,3
760,MA4265000,1,0.6323230135507386,1,2
761,MA4266000,1,0.7499453907933257,1,2
762,MA4266000,1,0.7499453907933257,1,2
763,MA4266000,1,0.7499453907933257,1,2
764,MA4266000,1,0.7499453907933257,1,2
765,MA4266000,1,0.7499453907933257,1,2
766,MA4266000,0,0.7499453907933257,1,2
767,MA4273000,0,0.504362968591692,1,5
768,MA4292000,1,0.5750152182333033,1,2
769,MA4292000,1,0.5473013393226159,1,2
770,MA4292000,1,0.5608525044695257,1,2
771,MA4292000,0,0.4807544553555192,0,2
772,MA4293000,0,0.3296100176419325,0,1
773,MA4296000,0,0.4578099662208481,0,5
774,MA4296000,0,0.4578099662208481,0,5
775,MA4296000,0,0.4578099662208481,0,5
776,MA4307000,1,0.8131864146491806,1,4
777,MA4307000,1,0.8253464841895692,1,4
778,MA4310000,0,0.4528073581265071,0,4
779,MA4310000,0,0.46992841673692737,0,4
780,MA4322000,1,0.5333692761677697,1,5
781,MA4322000,0,0.5333692761677697,1,5
782,MA4322000,1,0.6697336334727767,1,5
783,MA4322000,1,0.5333692761677697,1,5
784,MA4336000,0,0.5821826970137357,1,5
785,MA4336000,1,0.6409917661951453,1,5
786,MA4338000,1,0.5615075527309569,1,4
787,MA4350000,1,0.4006422427150283,0,1
788,MA4350000,1,0.4006422427150283,0,1
789,MA4350000,1,0.4006422427150283,0,1
790,MA4351000,0,0.3059990133284877,0,5
791,MA4351000,0,0.3059990133284877,0,5
792,MA4351000,0,0.3059990133284877,0,5
793,MA4351000,0,0.3059990133284877,0,5
794,MA4351000,0,0.3059990133284877,0,5
795,MA4351000,1,0.3059990133284877,0,5
796,MA4351000,0,0.3059990133284877,0,5
797,MA4351000,0,0.3059990133284877,0,5
798,MA4351000,1,0.3059990133284877,0,5
799,MA4351000,0,0.30680543728594306,0,5
800,MA4351000,0,0.3059990133284877,0,5
801,MA4351000,0,0.3059990133284877,0,5
802,MA4351000,1,0.3059990133284877,0,5
803,MA4351000,0,0.3059990133284877,0,5
804,MA4351000,0,0.3059990133284877,0,5
805,ME0000147,1,0.22178778668140373,0,1
806,ME0090070,0,0.2618306929477142,0,4
807,ME0090110,0,0.18708883210861674,0,3
808,ME0090120,1,0.28642101102207485,0,3
809,ME0090130,0,0.35230496453900717,0,5
810,ME0090140,0,0.24515692640692643,0,2
811,ME0090140,1,0.24515692640692643,0,2
812,ME0090170,0,0.3582763424518744,0,1
813,ME0090200,0,0.33640239783856807,0,1
814,ME0090220,0,0.27835612968591683,0,4
815,ME0090260,0,0.2317399477521505,0,3
816,ME0090260,0,0.2317399477521505,0,3
817,ME0090260,0,0.2341462294137513,0,3
818,ME0090300,0,0.1999775933286571,0,2
819,ME0090320,0,0.19552110123918634,0,3
820,ME0090520,0,0.18590847686592363,0,3
821,ME0090540,0,0.23335444106720707,0,3
822,ME0090540,0,0.23335444106720707,0,3
823,ME0090570,1,0.3174786649520692,0,2
824,ME0090610,1,0.2933741868269404,0,3
825,ME0090660,0,0.14012580209388723,0,2
826,ME0090660,0,0.1848953056399865,0,2
827,ME0090660,0,0.1848953056399865,0,2
828,ME0090700,1,0.18965970495225812,0,1
829,ME0090700,0,0.18965970495225812,0,1
830,ME0090750,1,0.15304584599797366,0,2
831,ME0090760,0,0.45002321850726124,0,5
832,ME0090760,0,0.5498977234349575,1,5
833,ME0090760,0,0.5781652006386048,1,5
834,ME0090760,0,0.45002321850726124,0,5
835,ME0090760,0,0.45002321850726124,0,5
836,ME0090790,0,0.6975958291117866,1,3
837,ME0090830,0,0.26997975246032024,0,2
838,ME0090870,1,0.3739992055816523,0,3
839,ME0090870,1,0.3739992055816523,0,3
840,ME0090870,1,0.3696498610727333,0,3
841,ME0090870,1,0.3696498610727333,0,3
842,ME0090930,0,0.34916624451198913,0,5
843,ME0090930,0,0.3292194360013509,0,5
844,ME0090990,0,0.2070740134569921,0,2
845,ME0091200,0,0.17244203103341543,0,3
846,ME0091210,0,0.16930381970275588,0,5
847,ME0091300,0,0.2888383126790732,0,4
848,ME0091310,0,0.33335558618313377,0,4
849,ME0091380,0,0.20506374535629854,0,4
850,ME0091380,0,0.20506374535629854,0,4
851,ME0091410,1,0.3842592248177355,0,3
852,ME0091410,1,0.3842592248177355,0,3
853,ME0091410,1,0.3842592248177355,0,3
854,ME0091410,0,0.3842592248177355,0,3
855,ME0091410,0,0.3842592248177355,0,3
856,ME0091410,0,0.3842592248177355,0,3
857,ME0091450,0,0.12767223910840933,0,4
858,ME0091540,0,0.16660334346504557,0,1
859,ME0091550,0,0.24989592263528435,0,2
860,ME0091670,0,0.3178565671916736,0,4
861,ME0091670,0,0.3178565671916736,0,4
862,ME0091670,1,0.3178565671916736,0,4
863,ME0091670,0,0.3178565671916736,0,4
864,ME0091680,0,0.4875494655154692,0,5
865,ME0092559,0,0.5016886187098953,1,2
866,ME0092710,0,0.41652102330293816,0,4
867,NH0161020,0,0.4134397418971887,0,3
868,NH0161020,0,0.4134397418971887,0,3
869,NH0162170,0,0.1963652482269503,0,4
870,NH0192080,1,0.726823708206687,1,5
871,NH0231010,0,0.24560767246937462,0,4
872,NH0231010,0,0.24040135396518372,0,4
873,NH0251010,0,0.09377475361517916,0,4
874,NH0251010,0,0.09377475361517916,0,4
875,NH0251010,0,0.09377475361517916,0,4
876,NH0301010,0,0.1330934727211323,0,3
877,NH0301010,0,0.1330934727211323,0,3
878,NH0301010,0,0.1330934727211323,0,3
879,NH0446020,0,0.3808905173188654,0,3
880,NH0461010,0,0.18498510945319457,0,3
881,NH0501010,0,0.2341480918608578,0,3
882,NH0511030,0,0.35881881121242826,0,5
883,NH0511030,0,0.35881881121242826,0,5
884,NH0511030,0,0.35881881121242826,0,5
885,NH0511030,0,0.35881881121242826,0,5
886,NH0511030,0,0.35881881121242826,0,5
887,NH0512120,0,0.2203837386018237,0,1
888,NH0611010,1,0.44416793313069913,0,4
889,NH0651010,0,0.341394376899696,0,2
890,NH0651010,0,0.34603937728937734,0,2
891,NH0651010,0,0.34603937728937734,0,2
892,NH0651010,0,0.341394376899696,0,2
893,NH0651010,0,0.3527714454576155,0,2
894,NH0691010,0,0.13134498480243162,0,1
895,NH0691010,0,0.12171985815602837,0,1
896,NH0801010,1,0.3902443891805595,0,3
897,NH0801010,0,0.40127010991372686,0,3
898,NH0851010,0,0.11778407762450314,0,3
899,NH0851010,0,0.10820960953939678,0,3
900,NH0851010,0,0.10820960953939678,0,3
901,NH0851010,0,0.10820960953939678,0,3
902,NH0951010,0,0.1155308786957723,0,2
903,NH1031010,1,0.6627081473491047,1,2
904,NH1031010,1,0.6547505316787231,1,2
905,NH1031010,0,0.6547505316787231,1,2
906,NH1031010,1,0.6547505316787231,1,2
907,NH1031010,1,0.6547505316787231,1,2
908,NH1031010,1,0.6547505316787231,1,2
909,NH1031010,1,0.6547505316787231,1,2
910,NH1031010,0,0.6547505316787231,1,2
911,NH1031010,1,0.6547505316787231,1,2
912,NH1031010,0,0.6547505316787231,1,2
913,NH1031010,1,0.6547505316787231,1,2
914,NH1031010,0,0.6547505316787231,1,2
915,NH1051010,0,0.44618424688413477,0,3
916,NH1051010,1,0.44618424688413477,0,3
917,NH1051010,1,0.4321007626529593,0,3
918,NH1051010,0,0.44618424688413477,0,3
919,NH1071010,0,0.20984042553191495,0,1
920,NH1181010,1,0.3949082389241964,0,2
921,NH1196050,0,0.48701701667127206,0,4
922,NH1201010,1,0.512648838610979,1,1
923,NH1221010,0,0.22995609591354266,0,1
924,NH1221010,1,0.22995609591354266,0,1
925,NH1221010,0,0.22995609591354266,0,1
926,NH1221010,1,0.22995609591354266,0,1
927,NH1241010,0,0.18610900033772376,0,3
928,NH1241010,0,0.18717494089834516,0,3
929,NH1241010,0,0.18717494089834516,0,3
930,NH1281010,0,0.22036845074601802,0,5
931,NH1321010,0,0.15696900617113382,0,4
932,NH1371010,0,0.9086304652794014,1,3
933,NH1371010,1,0.6618144114218565,1,3
934,NH1381010,0,0.15576874366767984,0,4
935,NH1391010,1,0.5936887875717662,1,4
936,NH1461010,0,0.15789506002271958,0,4
937,NH1461010,0,0.15789506002271958,0,4
938,NH1471010,1,0.23607460332741934,0,3
939,NH1531010,0,0.30570197657263726,0,4
940,NH1531010,0,0.265509740663716,0,4
941,NH1531010,0,0.265509740663716,0,4
942,NH1561010,0,0.6756444066988498,1,5
943,NH1561010,0,0.7272311690583743,1,5
944,NH1621010,0,0.4529242963402277,0,5
945,NH1622010,0,0.4102144161984586,0,2
946,NH1721010,0,0.1547114945268888,0,2
947,NH1731010,0,0.27603862466972606,0,5
948,NH1731010,0,0.27603862466972606,0,5
949,NH1741010,0,0.1489108409321175,0,1
950,NH1741010,0,0.09764437689969603,0,1
951,NH1861010,0,0.26580349216171795,0,4
952,NH1861010,0,0.26580349216171795,0,4
953,NH1861010,0,0.26580349216171795,0,4
954,NH1861010,1,0.26580349216171795,0,4
955,NH1871010,0,0.19788208245655045,0,2
956,NH1871010,0,0.19788208245655045,0,2
957,NH1871010,0,0.19788208245655045,0,2
958,NH1941010,0,0.1616725768321513,0,2
959,NH1941010,0,0.1616725768321513,0,2
960,NH1951010,1,0.5465228135370913,1,1
961,NH1951010,1,0.5465228135370913,1,1
962,NH1951010,1,0.549948376558119,1,1
963,NH1951010,0,0.5387781637921616,1,1
964,NH1951010,1,0.5387781637921616,1,1
965,NH1951010,1,0.45043086346277844,0,1
966,NH1951010,0,0.5387781637921616,1,1
967,NH1951010,0,0.5387781637921616,1,1
968,NH1951020,1,0.5765679998627434,1,4
969,NH1971010,0,0.19379854778790945,0,1
970,NH1971010,0,0.19379854778790945,0,1
971,NH1971010,1,0.1784869976359338,0,1
972,NH2001010,0,0.30918608578183043,0,2
973,NH2001010,0,0.32503108593534125,0,2
974,NH2051010,1,0.2585068560975945,0,4
975,NH2051010,1,0.25648051364572017,0,4
976,NH2111010,1,0.35152118204165167,0,4
977,NH2111010,1,0.35152118204165167,0,4
978,NH2111010,0,0.35152118204165167,0,4
979,NH2111010,0,0.371643870314083,0,4
980,NH2151010,0,0.29361702127659567,0,3
981,NH2561010,0,0.13297987473519385,0,4
982,NJ0102001,1,0.4090791587428008,0,5
983,NJ0102301,0,0.2594164422700092,0,3
984,NJ0103001,1,0.11606916941320432,0,4
985,NJ0103001,1,0.11606916941320432,0,4
986,NJ0103001,1,0.11606916941320432,0,4
987,NJ0104003,0,0.14353412544901908,0,5
988,NJ0104003,0,0.14353412544901908,0,5
989,NJ0107001,0,0.30372340425531913,0,4
990,NJ0108352,0,0.2656901904242329,0,5
991,NJ0111304,0,0.25391817107242637,0,1
992,NJ0112001,0,0.27155196701504586,0,2
993,NJ0112001,0,0.27155196701504586,0,2
994,NJ0112001,0,0.2634655941680348,0,2
995,NJ0112001,1,0.2634655941680348,0,2
996,NJ0112001,0,0.2634655941680348,0,2
997,NJ0112325,0,0.3251214506533656,0,4
998,NJ0113001,0,0.25283783887507283,0,4
999,NJ0113001,0,0.2331126615701084,0,4
1000,NJ0113001,0,0.2331126615701084,0,4
1001,NJ0115001,0,0.2680297244127032,0,3
1002,NJ0116001,0,0.36727766447553145,0,2
1003,NJ0116001,0,0.36727766447553145,0,2
1004,NJ0119002,0,0.2523415783389187,0,5
1005,NJ0119002,0,0.2523415783389187,0,5
1006,NJ0119002,1,0.2523415783389187,0,5
1007,NJ0119002,0,0.25810801934472144,0,5
1008,NJ0119002,0,0.2523415783389187,0,5
1009,NJ0119002,0,0.2523415783389187,0,5
1010,NJ0119002,0,0.25810801934472144,0,5
1011,NJ0119002,0,0.2523415783389187,0,5
1012,NJ0119002,1,0.2523415783389187,0,5
1013,NJ0119002,1,0.25810801934472144,0,5
1014,NJ0119002,1,0.25810801934472144,0,5
1015,NJ0119002,0,0.25810801934472144,0,5
1016,NJ0119002,0,0.2523415783389187,0,5
1017,NJ0119002,1,0.25810801934472144,0,5
1018,NJ0122001,0,0.7091144370962834,1,4
1019,NJ0122001,0,0.7091144370962834,1,4
1020,NJ0122001,0,0.7091144370962834,1,4
1021,NJ0201001,1,0.8166457212999766,1,2
1022,NJ0201001,1,0.8872311642258449,1,2
1023,NJ0201001,1,0.8777326839826839,1,2
1024,NJ0201001,1,0.8890042138712351,1,2
1025,NJ0211001,1,0.8885713134383346,1,4
1026,NJ0217001,1,0.701646403242148,1,5
1027,NJ0217001,1,0.7110435663627153,1,5
1028,NJ0217001,1,0.8264299934232744,1,5
1029,NJ0220001,1,0.8370862884160757,1,5
1030,NJ0220001,1,0.8974924012158056,1,5
1031,NJ0221001,1,0.9133865248226952,1,4
1032,NJ0221001,1,0.9133865248226952,1,4
1033,NJ0221001,1,0.9133865248226952,1,4
1034,NJ0221001,1,0.9779044241810201,1,4
1035,NJ0228001,1,0.4627031137543915,0,1
1036,NJ0228001,1,0.4627031137543915,0,1
1037,NJ0228001,1,0.4627031137543915,0,1
1038,NJ0228001,1,0.4627031137543915,0,1
1039,NJ0231001,1,0.9893617021276597,1,3
1040,NJ0232001,1,0.7363452150686194,1,4
1041,NJ0233001,0,0.752967400507294,1,3
1042,NJ0233001,1,0.752967400507294,1,3
1043,NJ0233001,1,0.752967400507294,1,3
1044,NJ0233001,1,0.5968078611695632,1,3
1045,NJ0238001,1,0.7082405307358445,1,4
1046,NJ0238001,1,0.7082405307358445,1,4
1047,NJ0238001,1,0.7082405307358445,1,4
1048,NJ0239001,1,0.9809397163120568,1,1
1049,NJ0242001,1,0.7145322614737508,1,3
1050,NJ0242001,1,0.6896594835424623,1,3
1051,NJ0242001,1,0.7145322614737508,1,3
1052,NJ0242001,1,0.7145322614737508,1,3
1053,NJ0247001,1,0.8706341873544066,1,2
1054,NJ0247001,1,0.8669107830990875,1,2
1055,NJ0247001,1,0.8706341873544066,1,2
1056,NJ0247001,0,0.8220260252664012,1,2
1057,NJ0247001,1,0.8257494295217205,1,2
1058,NJ0247001,1,0.8669107830990875,1,2
1059,NJ0247001,0,0.8220260252664012,1,2
1060,NJ0247001,1,0.8669107830990875,1,2
1061,NJ0247001,1,0.8669107830990875,1,2
1062,NJ0247001,0,0.8220260252664012,1,2
1063,NJ0247001,1,0.8220260252664012,1,2
1064,NJ0247001,0,0.8220260252664012,1,2
1065,NJ0247001,1,0.8669107830990875,1,2
1066,NJ0248001,1,0.7991134751773049,1,2
1067,NJ0248001,1,0.8924365434863754,1,2
1068,NJ0248001,1,0.8924365434863754,1,2
1069,NJ0248001,1,0.8924365434863754,1,2
1070,NJ0248001,1,0.8924365434863754,1,2
1071,NJ0248001,0,0.8910017730496453,1,2
1072,NJ0251001,1,0.922229790552859,1,2
1073,NJ0251001,1,0.922229790552859,1,2
1074,NJ0251001,1,0.922229790552859,1,2
1075,NJ0251001,1,0.922229790552859,1,2
1076,NJ0251001,1,0.922229790552859,1,2
1077,NJ0251001,1,0.922229790552859,1,2
1078,NJ0251001,1,0.922229790552859,1,2
1079,NJ0251001,1,0.922229790552859,1,2
1080,NJ0251001,1,0.922229790552859,1,2
1081,NJ0251001,1,0.922229790552859,1,2
1082,NJ0251001,1,0.922229790552859,1,2
1083,NJ0251001,1,0.922229790552859,1,2
1084,NJ0251001,1,0.922229790552859,1,2
1085,NJ0251001,1,0.7434011327418383,1,2
1086,NJ0251001,1,0.922229790552859,1,2
1087,NJ0251001,1,0.922229790552859,1,2
1088,NJ0251001,1,0.7451275231860339,1,2
1089,NJ0257001,1,0.6673357818304625,1,1
1090,NJ0264001,1,0.6799012062544604,1,3
1091,NJ0264001,1,0.6799012062544604,1,3
1092,NJ0264001,1,0.6799012062544604,1,3
1093,NJ0264001,1,0.6799012062544604,1,3
1094,NJ0264001,1,0.6799012062544604,1,3
1095,NJ0265001,1,0.99346926713948,1,4
1096,NJ0303001,0,0.4333391342699853,0,3
1097,NJ0305001,1,0.4639437689969605,0,2
1098,NJ0306001,0,0.2149765128488533,0,4
1099,NJ0306001,1,0.17624804273740446,0,4
1100,NJ0306001,1,0.17624804273740446,0,4
1101,NJ0313001,0,0.2805221079157248,0,2
1102,NJ0313001,0,0.2805221079157248,0,2
1103,NJ0313001,0,0.2805221079157248,0,2
1104,NJ0313001,0,0.5714454871369766,1,2
1105,NJ0313001,1,0.5714454871369766,1,2
1106,NJ0313001,0,0.2805221079157248,0,2
1107,NJ0313001,0,0.2805221079157248,0,2
1108,NJ0313001,0,0.2805221079157248,0,2
1109,NJ0313001,0,0.2805221079157248,0,2
1110,NJ0313001,0,0.2805221079157248,0,2
1111,NJ0313001,0,0.2805221079157248,0,2
1112,NJ0315001,1,0.5311062957199575,1,3
1113,NJ0319001,1,0.6482714343646593,1,4
1114,NJ0319001,0,0.7822478201467562,1,4
1115,NJ0320001,0,0.219710401891253,0,5
1116,NJ0320001,0,0.219710401891253,0,5
1117,NJ0320001,0,0.219710401891253,0,5
1118,NJ0320001,0,0.219710401891253,0,5
1119,NJ0320001,0,0.219710401891253,0,5
1120,NJ0320001,0,0.219710401891253,0,5
1121,NJ0320001,1,0.219710401891253,0,5
1122,NJ0320001,0,0.6132387706855791,1,5
1123,NJ0322001,0,0.2323328267477204,0,2
1124,NJ0322001,0,0.2323328267477204,0,2
1125,NJ0322001,1,0.268040780141844,0,2
1126,NJ0322001,1,0.8317755825734549,1,2
1127,NJ0322001,1,0.8317755825734549,1,2
1128,NJ0323001,0,0.07130000614043168,0,5
1129,NJ0323001,0,0.07130000614043168,0,5
1130,NJ0323001,0,0.07130000614043168,0,5
1131,NJ0323001,1,0.7833289198980691,1,5
1132,NJ0324001,0,0.3036433876233625,0,1
1133,NJ0324001,1,0.33334196918364617,0,1
1134,NJ0324001,0,0.8069324006198224,1,1
1135,NJ0325001,0,0.5588504728132389,1,3
1136,NJ0325001,0,0.31696932878508544,0,3
1137,NJ0325001,0,0.31696932878508544,0,3
1138,NJ0325001,0,0.31696932878508544,0,3
1139,NJ0326006,0,0.12760940300833915,0,5
1140,NJ0326006,0,0.12760940300833915,0,5
1141,NJ0327001,0,0.23529280264652608,0,4
1142,NJ0327001,0,0.23529280264652608,0,4
1143,NJ0327001,0,0.23529280264652608,0,4
1144,NJ0327001,0,0.23529280264652608,0,4
1145,NJ0327001,0,0.23529280264652608,0,4
1146,NJ0327001,0,0.23529280264652608,0,4
1147,NJ0327001,0,0.23529280264652608,0,4
1148,NJ0327001,0,0.23529280264652608,0,4
1149,NJ0327001,0,0.23529280264652608,0,4
1150,NJ0327001,1,0.5831929669030733,1,4
1151,NJ0327001,0,0.23529280264652608,0,4
1152,NJ0329003,0,0.1384625126646403,0,3
1153,NJ0329003,0,0.1384625126646403,0,3
1154,NJ0333001,0,0.3248023991375055,0,5
1155,NJ0333001,0,0.3248023991375055,0,5
1156,NJ0333001,0,0.3248023991375055,0,5
1157,NJ0333001,0,0.3248023991375055,0,5
1158,NJ0338001,1,0.3197446613670019,0,1
1159,NJ0338001,1,0.2895897767468317,0,1
1160,NJ0338001,0,0.3197446613670019,0,1
1161,NJ0338001,0,0.33540200234629136,0,1
1162,NJ0404001,0,0.6348982134886391,1,4
1163,NJ0404001,0,0.6348982134886391,1,4
1164,NJ0405001,0,0.1442423858647263,0,1
1165,NJ0405001,0,0.14864277271192167,0,1
1166,NJ0405001,0,0.14864277271192167,0,1
1167,NJ0405001,1,0.5821199264683307,1,1
1168,NJ0407001,1,0.48021149949341435,0,3
1169,NJ0408001,1,0.44220682538501715,0,5
1170,NJ0408001,1,0.4782841641219304,0,5
1171,NJ0408001,1,0.4677640695592826,0,5
1172,NJ0411001,0,0.23348530901722397,0,3
1173,NJ0411001,0,0.23348530901722397,0,3
1174,NJ0411001,0,0.23348530901722397,0,3
1175,NJ0412001,0,0.4775298135670475,0,2
1176,NJ0414001,0,0.49231326691433064,0,5
1177,NJ0415002,0,0.6025810501874329,1,4
1178,NJ0415002,0,0.6025810501874329,1,4
1179,NJ0415002,0,0.7775495337995337,1,4
1180,NJ0415002,0,0.6025810501874329,1,4
1181,NJ0415002,0,0.6025810501874329,1,4
1182,NJ0415002,0,0.6025810501874329,1,4
1183,NJ0415002,0,0.6025810501874329,1,4
1184,NJ0415002,0,0.6025810501874329,1,4
1185,NJ0415002,1,0.6025810501874329,1,4
1186,NJ0416001,0,0.518024661508704,1,4
1187,NJ0416001,0,0.750709219858156,1,4
1188,NJ0424001,1,0.44073581560283687,0,1
1189,NJ0424001,0,0.4663859338061467,0,1
1190,NJ0424001,1,0.4663859338061467,0,1
1191,NJ0424001,0,0.44073581560283687,0,1
1192,NJ0424001,0,0.44073581560283687,0,1
1193,NJ0424001,0,0.759789766970618,1,1
1194,NJ0428002,0,0.5991761784314975,1,3
1195,NJ0428002,0,0.21464795935680595,0,3
1196,NJ0428002,0,0.21464795935680595,0,3
1197,NJ0428002,0,0.21464795935680595,0,3
1198,NJ0436007,1,0.48214535169322403,0,5
1199,NJ0436007,1,0.40369820782054816,0,5
1200,NJ0436007,0,0.4015198896847832,0,5
1201,NJ0436007,0,0.40369820782054816,0,5
1202,NJ0436007,1,0.4015198896847832,0,5
1203,NJ0436007,1,0.4015198896847832,0,5
1204,NJ0436007,0,0.40369820782054816,0,5
1205,NJ0501001,0,0.21996339952426217,0,2
1206,NJ0501001,0,0.21996339952426217,0,2
1207,NJ0501001,0,0.21996339952426217,0,2
1208,NJ0501001,0,0.21996339952426217,0,2
1209,NJ0501001,0,0.21996339952426217,0,2
1210,NJ0502001,0,0.12650075987841947,0,4
1211,NJ0502001,0,0.1225113981762918,0,4
1212,NJ0503001,0,0.20909532252617363,0,5
1213,NJ0505002,0,0.18106186142747277,0,5
1214,NJ0505002,0,0.18106186142747277,0,5
1215,NJ0505002,0,0.18106186142747277,0,5
1216,NJ0505002,0,0.18106186142747277,0,5
1217,NJ0505002,0,0.18106186142747277,0,5
1218,NJ0505002,0,0.18106186142747277,0,5
1219,NJ0506010,0,0.27481149169978963,0,4
1220,NJ0506010,0,0.27481149169978963,0,4
1221,NJ0506010,0,0.27481149169978963,0,4
1222,NJ0508001,0,0.5241925723953298,1,3
1223,NJ0508001,0,0.5241925723953298,1,3
1224,NJ0508001,0,0.5241925723953298,1,3
1225,NJ0508001,0,0.5241925723953298,1,3
1226,NJ0508001,0,0.5241925723953298,1,3
1227,NJ0508001,0,0.5241925723953298,1,3
1228,NJ0508001,0,0.5241925723953298,1,3
1229,NJ0508001,0,0.5241925723953298,1,3
1230,NJ0509001,0,0.3102117297596021,0,3
1231,NJ0509001,0,0.3102117297596021,0,3
1232,NJ0509001,0,0.3102117297596021,0,3
1233,NJ0509001,0,0.3102117297596021,0,3
1234,NJ0514001,0,0.19543364560264434,0,3
1235,NJ0514001,0,0.19543364560264434,0,3
1236,NJ0514001,0,0.19543364560264434,0,3
1237,NJ0514001,0,0.19543364560264434,0,3
1238,NJ0514001,0,0.19543364560264434,0,3
1239,NJ0514001,0,0.19543364560264434,0,3
1240,NJ0514001,0,0.19543364560264434,0,3
1241,NJ0601001,0,0.41518258158654403,0,3
1242,NJ0601001,0,0.41518258158654403,0,3
1243,NJ0601001,0,0.41518258158654403,0,3
1244,NJ0601001,0,0.41518258158654403,0,3
1245,NJ0609001,0,0.09772897897897896,0,4
1246,NJ0609001,0,0.09772897897897896,0,4
1247,NJ0609001,0,0.09772897897897896,0,4
1248,NJ0609001,0,0.09772897897897896,0,4
1249,NJ0609001,0,0.09772897897897896,0,4
1250,NJ0610001,0,0.10246201962409723,0,4
1251,NJ0610001,0,0.10246201962409723,0,4
1252,NJ0610001,1,0.10246201962409723,0,4
1253,NJ0610001,0,0.10246201962409723,0,4
1254,NJ0614003,1,0.1921782206356675,0,4
1255,NJ0614003,1,0.22525597924534094,0,4
1256,NJ0614003,1,0.1921782206356675,0,4
1257,NJ0614003,1,0.22525597924534094,0,4
1258,NJ0614003,0,0.1921782206356675,0,4
1259,NJ0614003,0,0.1921782206356675,0,4
1260,NJ0614003,1,0.22525597924534094,0,4
1261,NJ0701001,0,0.6498522458628843,1,5
1262,NJ0702001,0,0.7517326202166628,1,2
1263,NJ0703001,1,0.4660904706821478,0,1
1264,NJ0704001,1,0.931403127014829,1,4
1265,NJ0704001,1,0.931403127014829,1,4
1266,NJ0705001,1,0.8367410148831897,1,5
1267,NJ0707001,1,0.9225898215259918,1,1
1268,NJ0708001,1,0.8342197769724368,1,4
1269,NJ0710001,1,0.8738319774818935,1,4
1270,NJ0710001,1,0.8672557818099531,1,4
1271,NJ0710001,1,0.7524759371833839,1,4
1272,NJ0710001,1,0.8672557818099531,1,4
1273,NJ0710001,1,0.8738319774818935,1,4
1274,NJ0710001,1,0.8738319774818935,1,4
1275,NJ0710001,1,0.8738319774818935,1,4
1276,NJ0710001,1,0.8672557818099531,1,4
1277,NJ0710001,1,0.8738319774818935,1,4
1278,NJ0710001,1,0.8738319774818935,1,4
1279,NJ0712001,0,0.8347864069244879,1,2
1280,NJ0712001,1,0.8347864069244879,1,2
1281,NJ0712001,1,0.8347864069244879,1,2
1282,NJ0712001,1,0.8347864069244879,1,2
1283,NJ0712001,1,0.8347864069244879,1,2
1284,NJ0712001,1,0.8347864069244879,1,2
1285,NJ0712001,1,0.8679550827423169,1,2
1286,NJ0712001,1,0.8679550827423169,1,2
1287,NJ0712001,0,0.8431450695384697,1,2
1288,NJ0712001,0,0.8401850405835706,1,2
1289,NJ0712001,1,0.8347864069244879,1,2
1290,NJ0712001,1,0.8679550827423169,1,2
1291,NJ0713001,1,0.969773725092874,1,3
1292,NJ0713001,1,0.969773725092874,1,3
1293,NJ0713001,1,0.9533814589665656,1,3
1294,NJ0714001,1,0.8565370651806821,1,4
1295,NJ0714001,0,0.8171163760103062,1,4
1296,NJ0715001,1,0.9909574468085107,1,5
1297,NJ0717001,1,0.8254293873974725,1,3
1298,NJ0718001,1,0.7590045592705166,1,5
1299,NJ0719001,1,0.7537629332842097,1,1
1300,NJ0721001,1,0.7553951367781154,1,2
1301,NJ0801001,1,0.20061212428233707,0,2
1302,NJ0801001,0,0.19901637960148602,0,2
1303,NJ0802001,1,0.39928874317172175,0,5
1304,NJ0802001,1,0.48273368180283077,0,5
1305,NJ0802001,0,0.39928874317172175,0,5
1306,NJ0802001,0,0.39928874317172175,0,5
1307,NJ0802001,1,0.39928874317172175,0,5
1308,NJ0802001,0,0.39928874317172175,0,5
1309,NJ0802001,0,0.39928874317172175,0,5
1310,NJ0802001,0,0.39928874317172175,0,5
1311,NJ0803001,1,0.5395770010131712,1,5
1312,NJ0803001,0,0.24502490712597097,0,5
1313,NJ0803001,1,0.26160292131036816,0,5
1314,NJ0803001,0,0.24502490712597097,0,5
1315,NJ0806001,1,0.2777063952595867,0,4
1316,NJ0806001,1,0.7040058641122474,1,4
1317,NJ0806001,0,0.26800528077123814,0,4
1318,NJ0806001,0,0.272830508734764,0,4
1319,NJ0806001,1,0.26800528077123814,0,4
1320,NJ0807001,0,0.5463321794438816,1,5
1321,NJ0807001,0,0.5463321794438816,1,5
1322,NJ0808001,0,0.8656943773543059,1,3
1323,NJ0808001,0,0.7469340355746472,1,3
1324,NJ0809002,1,0.829299645390071,1,1
1325,NJ0809002,0,0.16633105369807497,0,1
1326,NJ0809002,0,0.20444528875379933,0,1
1327,NJ0810004,1,0.7231244819010779,1,4
1328,NJ0810004,0,0.3898995655644592,0,4
1329,NJ0810004,0,0.4253014568174143,0,4
1330,NJ0810004,0,0.4253014568174143,0,4
1331,NJ0810004,0,0.4253014568174143,0,4
1332,NJ0810004,0,0.4253014568174143,0,4
1333,NJ0811002,0,0.326194788333433,0,3
1334,NJ0811002,1,0.6166310270698567,1,3
1335,NJ0811002,0,0.35034203588493595,0,3
1336,NJ0811002,0,0.35034203588493595,0,3
1337,NJ0811002,0,0.35034203588493595,0,3
1338,NJ0811002,0,0.35034203588493595,0,3
1339,NJ0811002,0,0.35034203588493595,0,3
1340,NJ0811002,0,0.326194788333433,0,3
1341,NJ0814001,0,0.517743928648184,1,5
1342,NJ0814001,1,0.49051495195112216,0,5
1343,NJ0815001,1,0.6706212817914944,1,5
1344,NJ0815001,0,0.2534371066285959,0,5
1345,NJ0815001,0,0.2534371066285959,0,5
1346,NJ0817305,0,0.4102266970618033,0,1
1347,NJ0818004,0,0.46278985494411023,0,2
1348,NJ0818004,0,0.46278985494411023,0,2
1349,NJ0818004,1,0.4382528045935429,0,2
1350,NJ0818004,1,0.41473034596470126,0,2
1351,NJ0818004,0,0.41473034596470126,0,2
1352,NJ0818004,0,0.41473034596470126,0,2
1353,NJ0818004,0,0.41473034596470126,0,2
1354,NJ0818004,0,0.41473034596470126,0,2
1355,NJ0818004,0,0.41473034596470126,0,2
1356,NJ0818004,0,0.41473034596470126,0,2
1357,NJ0818004,0,0.41473034596470126,0,2
1358,NJ0820001,1,0.4414451683068706,0,5
1359,NJ0820001,1,0.4414451683068706,0,5
1360,NJ0820001,1,0.4414451683068706,0,5
1361,NJ0820001,1,0.4414451683068706,0,5
1362,NJ0820001,0,0.4369847794049923,0,5
1363,NJ0820001,1,0.5316111341377299,1,5
1364,NJ0820301,1,0.32847893831936387,0,3
1365,NJ0821001,1,0.5487695814823474,1,1
1366,NJ0822001,0,0.4202208252740168,0,5
1367,NJ0822001,0,0.4202208252740168,0,5
1368,NJ0822001,1,0.6068891805593932,1,5
1369,NJ0824001,0,0.6303001519756837,1,4
1370,NJ0824001,0,0.5062427233864804,1,4
1371,NJ0901001,1,0.7068410165484632,1,1
1372,NJ0904001,1,0.9584599797365756,1,1
1373,NJ0905001,1,0.7111702127659574,1,5
1374,NJ0906001,1,0.6290791655153357,1,1
1375,NJ0907001,1,0.9731256332320162,1,2
1376,NJ1005001,1,0.4319792552363317,0,3
1377,NJ1005001,0,0.4319792552363317,0,3
1378,NJ1005001,0,0.4319792552363317,0,3
1379,NJ1005001,0,0.4319792552363317,0,3
1380,NJ1005001,1,0.4319792552363317,0,3
1381,NJ1005001,1,0.4319792552363317,0,3
1382,NJ1005001,0,0.4319792552363317,0,3
1383,NJ1005001,1,0.4319792552363317,0,3
1384,NJ1005001,1,0.4319792552363317,0,3
1385,NJ1005001,1,0.4319792552363317,0,3
1386,NJ1009001,1,0.7540485371602395,1,1
1387,NJ1009001,1,0.7540485371602395,1,1
1388,NJ1009001,1,0.7540485371602395,1,1
1389,NJ1009001,1,0.7540485371602395,1,1
1390,NJ1014001,1,0.436338823705845,0,3
1391,NJ1014001,0,0.4441402421455613,0,3
1392,NJ1017001,0,0.49505397085184305,0,1
1393,NJ1101002,0,0.4114692323390696,0,2
1394,NJ1101002,0,0.44082711024200383,0,2
1395,NJ1101002,0,0.44082711024200383,0,2
1396,NJ1101002,0,0.44082711024200383,0,2
1397,NJ1103001,1,0.5637524105882992,1,3
1398,NJ1103001,1,0.5637524105882992,1,3
1399,NJ1103001,1,0.5637524105882992,1,3
1400,NJ1103001,0,0.5637524105882992,1,3
1401,NJ1103001,1,0.5637524105882992,1,3
1402,NJ1104001,0,0.27947619756130393,0,1
1403,NJ1106316,1,0.5396234380276935,1,3
1404,NJ1106319,1,0.23029381965552184,0,3
1405,NJ1107002,1,0.18586706142557208,0,1
1406,NJ1107002,1,0.18586706142557208,0,1
1407,NJ1111001,0,0.5891723533384984,1,4
1408,NJ1204001,1,0.8820277240490006,1,4
1409,NJ1205001,0,0.7537825059101656,1,1
1410,NJ1205001,1,0.7537825059101656,1,1
1411,NJ1207001,1,0.8026169752233584,1,2
1412,NJ1209002,0,0.4390187383538448,0,4
1413,NJ1209002,1,0.4390187383538448,0,4
1414,NJ1209002,1,0.7848024316109421,1,4
1415,NJ1209002,1,0.788022128580639,1,4
1416,NJ1212001,1,0.8783793481931778,1,5
1417,NJ1213002,0,0.39975638280159553,0,5
1418,NJ1213002,1,0.39975638280159553,0,5
1419,NJ1213002,0,0.39975638280159553,0,5
1420,NJ1213002,1,0.39975638280159553,0,5
1421,NJ1213002,1,0.39975638280159553,0,5
1422,NJ1213002,0,0.39975638280159553,0,5
1423,NJ1214001,1,0.6352087554880107,1,3
1424,NJ1215001,0,0.6660148214669491,1,1
1425,NJ1216001,1,0.713219773725093,1,5
1426,NJ1219001,1,0.6186171176549775,1,5
1427,NJ1221004,1,0.7267477203647416,1,5
1428,NJ1221004,1,0.7575953135535086,1,5
1429,NJ1221004,1,0.7575953135535086,1,5
1430,NJ1221004,0,0.7575953135535086,1,5
1431,NJ1223001,0,0.6976819870436894,1,2
1432,NJ1223001,1,0.7852923203204805,1,2
1433,NJ1224001,1,0.7128175311685951,1,2
1434,NJ1225001,1,0.6898272236038193,1,1
1435,NJ1225001,1,0.6772305178828959,1,1
1436,NJ1225001,1,0.6898272236038193,1,1
1437,NJ1302001,0,0.361572465865779,0,4
1438,NJ1304001,0,0.1863440524729719,0,4
1439,NJ1305001,1,0.594362124282337,1,4
1440,NJ1305001,0,0.3107883546713335,0,4
1441,NJ1306001,1,0.5503538423751191,1,5
1442,NJ1306001,1,0.6885933806146574,1,5
1443,NJ1308001,1,0.7293009886094992,1,4
1444,NJ1308001,1,0.7164866752632708,1,4
1445,NJ1312001,1,0.6217296444690062,1,4
1446,NJ1312001,0,0.2254998716865112,0,4
1447,NJ1315001,0,0.4572678060709976,0,4
1448,NJ1316001,0,0.3102009692435224,0,4
1449,NJ1316001,0,0.20854880934668166,0,4
1450,NJ1316001,0,0.20854880934668166,0,4
1451,NJ1316001,1,0.8446344140493076,1,4
1452,NJ1321001,1,0.8023556673822633,1,3
1453,NJ1321001,0,0.7210789948821865,1,3
1454,NJ1322001,1,0.8003609422492404,1,1
1455,NJ1322001,0,0.30084853090172237,0,1
1456,NJ1326001,0,0.16249999999999998,0,1
1457,NJ1326001,0,0.16249999999999998,0,1
1458,NJ1326001,1,0.6007197737250929,1,1
1459,NJ1326001,1,0.6007197737250929,1,1
1460,NJ1326002,1,0.8918882978723404,1,2
1461,NJ1326002,0,0.09443389057750759,0,2
1462,NJ1327001,0,0.22166632126738509,0,2
1463,NJ1328002,0,0.7101810377006347,1,2
1464,NJ1328002,0,0.7101810377006347,1,2
1465,NJ1328002,1,0.7744968240978878,1,2
1466,NJ1329001,1,0.7321681864235055,1,5
1467,NJ1329001,1,0.25696815005325646,0,5
1468,NJ1330002,0,0.6235354167456797,1,4
1469,NJ1332313,0,0.42064259617451116,0,2
1470,NJ1339001,1,0.7430582862763715,1,3
1471,NJ1339001,0,0.37368076663289435,0,3
1472,NJ1339001,0,0.37368076663289435,0,3
1473,NJ1340001,1,0.681652995349804,1,2
1474,NJ1345001,0,0.2739560675730888,0,1
1475,NJ1345001,1,0.2739560675730888,0,1
1476,NJ1345001,0,0.2739560675730888,0,1
1477,NJ1345001,0,0.2739560675730888,0,1
1478,NJ1345001,0,0.2739560675730888,0,1
1479,NJ1345001,1,0.46424260579845683,0,1
1480,NJ1345001,1,0.4753020029615773,0,1
1481,NJ1345001,0,0.2739560675730888,0,1
1482,NJ1345001,1,0.47222132920271215,0,1
1483,NJ1345001,0,0.2739560675730888,0,1
1484,NJ1345001,1,0.46424260579845683,0,1
1485,NJ1345001,0,0.2739560675730888,0,1
1486,NJ1345001,0,0.2739560675730888,0,1
1487,NJ1345001,0,0.2739560675730888,0,1
1488,NJ1345001,1,0.2739560675730888,0,1
1489,NJ1348001,0,0.12236212369191093,0,5
1490,NJ1348001,0,0.12236212369191093,0,5
1491,NJ1348001,0,0.8451367781155015,1,5
1492,NJ1349001,1,0.7482594237913388,1,3
1493,NJ1349001,0,0.08101148260722729,0,3
1494,NJ1350001,1,0.6058130699088147,1,2
1495,NJ1352003,0,0.5960780377703672,1,2
1496,NJ1352003,0,0.5960780377703672,1,2
1497,NJ1352003,1,0.5960780377703672,1,2
1498,NJ1352003,0,0.5960780377703672,1,2
1499,NJ1352003,1,0.5960780377703672,1,2
1500,NJ1352003,1,0.7338017331368396,1,2
1501,NJ1401001,1,0.9429360880393421,1,4
1502,NJ1401001,1,0.9104259563270827,1,4
1503,NJ1403001,1,0.823765197568389,1,2
1504,NJ1404001,0,0.8004242654508611,1,3
1505,NJ1406325,1,0.5087396941120345,1,3
1506,NJ1408001,1,0.7406175931911225,1,2
1507,NJ1408001,1,0.7406175931911225,1,2
1508,NJ1408001,1,0.7406175931911225,1,2
1509,NJ1408001,1,0.7406175931911225,1,2
1510,NJ1408001,0,0.7692635387488327,1,2
1511,NJ1409001,1,0.5569104214600283,1,2
1512,NJ1409001,1,0.5569104214600283,1,2
1513,NJ1410001,1,0.8295711676030824,1,4
1514,NJ1410001,1,0.8165120045439195,1,4
1515,NJ1410001,1,0.8489319486659912,1,4
1516,NJ1411001,1,0.7143836512187576,1,5
1517,NJ1411001,1,0.7143836512187576,1,5
1518,NJ1411001,1,0.7143836512187576,1,5
1519,NJ1411001,1,0.7143836512187576,1,5
1520,NJ1414003,1,0.7759654111907753,1,3
1521,NJ1414003,1,0.7759654111907753,1,3
1522,NJ1414003,1,0.7759654111907753,1,3
1523,NJ1414011,1,0.9177798117957696,1,1
1524,NJ1414011,1,0.9177798117957696,1,1
1525,NJ1416001,1,0.7243506493506493,1,4
1526,NJ1417001,1,0.756444968804991,1,4
1527,NJ1417001,1,0.7793514063390883,1,4
1528,NJ1417001,1,0.756444968804991,1,4
1529,NJ1417001,1,0.7793514063390883,1,4
1530,NJ1420001,0,0.4221329940744834,0,5
1531,NJ1421003,1,0.8287140514394152,1,2
1532,NJ1421003,1,0.8287140514394152,1,2
1533,NJ1421003,1,0.8362778622087134,1,2
1534,NJ1421003,1,0.8362778622087134,1,2
1535,NJ1424001,1,0.904170053071229,1,2
1536,NJ1424001,0,0.8941307875588392,1,2
1537,NJ1424001,1,0.904170053071229,1,2
1538,NJ1424001,1,0.9091550503434603,1,2
1539,NJ1424001,0,0.8602063669812829,1,2
1540,NJ1424001,1,0.8854521761366666,1,2
1541,NJ1424001,1,0.8941307875588392,1,2
1542,NJ1424001,1,0.9091550503434603,1,2
1543,NJ1424001,0,0.904170053071229,1,2
1544,NJ1425001,1,0.7770741325262603,1,3
1545,NJ1425001,1,0.7770741325262603,1,3
1546,NJ1425001,1,0.7770741325262603,1,3
1547,NJ1425001,1,0.7770741325262603,1,3
1548,NJ1426005,0,0.7436625874125872,1,4
1549,NJ1427001,1,0.6204233709552861,1,4
1550,NJ1427001,1,0.6204233709552861,1,4
1551,NJ1427001,1,0.6204233709552861,1,4
1552,NJ1427005,1,0.685014173179067,1,3
1553,NJ1427005,1,0.685014173179067,1,3
1554,NJ1427005,1,0.685014173179067,1,3
1555,NJ1427007,0,0.9473404255319149,1,2
1556,NJ1427017,0,0.5273938342137431,1,4
1557,NJ1427017,0,0.5273938342137431,1,4
1558,NJ1427017,1,0.5273938342137431,1,4
1559,NJ1428001,1,0.623095700364161,1,4
1560,NJ1428001,1,0.623095700364161,1,4
1561,NJ1428001,1,0.623095700364161,1,4
1562,NJ1429001,1,0.614144365106711,1,5
1563,NJ1429001,1,0.614144365106711,1,5
1564,NJ1429001,1,0.614144365106711,1,5
1565,NJ1429001,1,0.614144365106711,1,5
1566,NJ1429001,1,0.614144365106711,1,5
1567,NJ1429001,0,0.5972254610202538,1,5
1568,NJ1429001,1,0.614144365106711,1,5
1569,NJ1429001,1,0.614144365106711,1,5
1570,NJ1429001,1,0.614144365106711,1,5
1571,NJ1429001,1,0.614144365106711,1,5
1572,NJ1429001,1,0.6314859552541523,1,5
1573,NJ1429001,1,0.614144365106711,1,5
1574,NJ1429001,1,0.614144365106711,1,5
1575,NJ1429001,1,0.614144365106711,1,5
1576,NJ1431001,0,0.7665780141843972,1,4
1577,NJ1432003,0,0.595124171926639,1,1
1578,NJ1432003,0,0.595124171926639,1,1
1579,NJ1434001,1,0.5228262481156722,1,2
1580,NJ1435002,1,0.7024547113642857,1,2
1581,NJ1435002,1,0.705671530006636,1,2
1582,NJ1435002,1,0.7024547113642857,1,2
1583,NJ1435003,1,0.8648787860608969,1,5
1584,NJ1436002,0,0.5401581190481534,1,4
1585,NJ1436002,0,0.5401581190481534,1,4
1586,NJ1436002,0,0.5401581190481534,1,4
1587,NJ1436002,0,0.5401581190481534,1,4
1588,NJ1436003,0,0.6804970295661784,1,1
1589,NJ1436003,1,0.6804970295661784,1,1
1590,NJ1436004,1,0.7204280648429587,1,5
1591,NJ1436004,0,0.7204280648429587,1,5
1592,NJ1438003,1,0.7457087191247073,1,5
1593,NJ1438003,0,0.7457087191247073,1,5
1594,NJ1438003,0,0.7457087191247073,1,5
1595,NJ1438004,1,0.419282473627749,0,4
1596,NJ1438004,0,0.419282473627749,0,4
1597,NJ1438004,0,0.419282473627749,0,4
1598,NJ1438004,1,0.419282473627749,0,4
1599,NJ1438004,1,0.419282473627749,0,4
1600,NJ1438004,1,0.419282473627749,0,4
1601,NJ1438004,1,0.419282473627749,0,4
1602,NJ1438004,1,0.419282473627749,0,4
1603,NJ1439001,1,0.6916934351109886,1,4
1604,NJ1439001,1,0.6517312179546223,1,4
1605,NJ1439001,1,0.6517312179546223,1,4
1606,NJ1501001,0,0.12507842334969993,0,5
1607,NJ1501001,0,0.12507842334969993,0,5
1608,NJ1503001,0,0.1183635062834391,0,3
1609,NJ1504001,0,0.2452148767308342,0,4
1610,NJ1505002,0,0.27188989480134657,0,3
1611,NJ1505002,0,0.27188989480134657,0,3
1612,NJ1505002,0,0.27188989480134657,0,3
1613,NJ1505003,0,0.16834050996285038,0,5
1614,NJ1505003,0,0.16834050996285038,0,5
1615,NJ1505004,0,0.33125413298285633,0,5
1616,NJ1506001,1,0.3656820720650508,0,2
1617,NJ1507005,0,0.15398414337713465,0,5
1618,NJ1507005,0,0.15398414337713465,0,5
1619,NJ1507005,1,0.1529563591046695,0,5
1620,NJ1507005,1,0.15362953344805663,0,5
1621,NJ1507005,1,0.1878824189994403,0,5
1622,NJ1507005,0,0.15949225378759502,0,5
1623,NJ1507005,0,0.15398414337713465,0,5
1624,NJ1509001,0,0.1299925773017137,0,3
1625,NJ1509001,0,0.1299925773017137,0,3
1626,NJ1511001,0,0.3477354206077612,0,2
1627,NJ1511001,0,0.3477354206077612,0,2
1628,NJ1511001,0,0.30724374877358235,0,2
1629,NJ1511001,0,0.30724374877358235,0,2
1630,NJ1511001,0,0.30724374877358235,0,2
1631,NJ1511001,0,0.30724374877358235,0,2
1632,NJ1511001,0,0.3477354206077612,0,2
1633,NJ1511415,0,0.272117259218323,0,1
1634,NJ1512001,0,0.17247440797972718,0,5
1635,NJ1512001,0,0.17247440797972718,0,5
1636,NJ1514002,1,0.7101317122593718,1,3
1637,NJ1514002,1,0.7101317122593718,1,3
1638,NJ1514002,1,0.4191449368101103,0,3
1639,NJ1514002,0,0.4246413907108196,0,3
1640,NJ1514002,1,0.4246413907108196,0,3
1641,NJ1514002,0,0.4246413907108196,0,3
1642,NJ1514002,1,0.4191449368101103,0,3
1643,NJ1515001,0,0.07054767533490938,0,1
1644,NJ1515001,0,0.07054767533490938,0,1
1645,NJ1516001,0,0.24535207700101308,0,2
1646,NJ1516001,0,0.24535207700101308,0,2
1647,NJ1516001,0,0.24535207700101308,0,2
1648,NJ1516001,0,0.19783434650455922,0,2
1649,NJ1516001,0,0.19783434650455922,0,2
1650,NJ1517001,0,0.14224104063925594,0,3
1651,NJ1517001,0,0.14224104063925594,0,3
1652,NJ1517001,0,0.14224104063925594,0,3
1653,NJ1518004,1,0.5974435139328755,1,1
1654,NJ1518004,1,0.5974435139328755,1,1
1655,NJ1518004,0,0.5974435139328755,1,1
1656,NJ1518004,0,0.582860180599542,1,1
1657,NJ1518005,1,0.5614791975164313,1,2
1658,NJ1518005,0,0.5380158405424361,1,2
1659,NJ1518005,1,0.5614791975164313,1,2
1660,NJ1520001,0,0.12822948328267475,0,4
1661,NJ1520001,0,0.12822948328267475,0,4
1662,NJ1524001,0,0.767291263700838,1,1
1663,NJ1524001,0,0.767291263700838,1,1
1664,NJ1524001,0,0.767291263700838,1,1
1665,NJ1524001,1,0.8888973319824381,1,1
1666,NJ1524001,1,0.8888973319824381,1,1
1667,NJ1525001,1,0.7119700335125868,1,2
1668,NJ1526001,0,0.2975664111302409,0,4
1669,NJ1527001,0,0.13458924349881796,0,5
1670,NJ1527001,0,0.13458924349881796,0,5
1671,NJ1527001,0,0.13458924349881796,0,5
1672,NJ1528001,0,0.023100303951367786,0,1
1673,NJ1530004,0,0.15433667986859476,0,5
1674,NJ1530004,0,0.15433667986859476,0,5
1675,NJ1530004,0,0.15433667986859476,0,5
1676,NJ1531001,0,0.054297534616683546,0,4
1677,NJ1531001,0,0.054297534616683546,0,4
1678,NJ1531001,0,0.054297534616683546,0,4
1679,NJ1532002,0,0.021010638297872343,0,4
1680,NJ1533001,0,0.0786052009456265,0,2
1681,NJ1533001,0,0.0786052009456265,0,2
1682,NJ1533001,0,0.0786052009456265,0,2
1683,NJ1533001,0,0.0786052009456265,0,2
1684,NJ1601001,1,0.424347771023303,0,5
1685,NJ1603001,1,0.9694148936170213,1,1
1686,NJ1604001,1,0.7979126124590851,1,4
1687,NJ1604001,1,0.7979126124590851,1,4
1688,NJ1604001,1,0.747398694685929,1,4
1689,NJ1604001,1,0.7979126124590851,1,4
1690,NJ1605001,1,0.8503292806484297,1,1
1691,NJ1605001,1,0.8826578858493753,1,1
1692,NJ1605002,1,0.7450671225937183,1,2
1693,NJ1609001,0,0.9202033022396114,1,2
1694,NJ1609001,0,0.9202033022396114,1,2
1695,NJ1611002,1,0.9261651469098278,1,1
1696,NJ1611002,1,0.9016337386018236,1,1
1697,NJ1611002,1,0.9016337386018236,1,1
1698,NJ1611002,1,0.9016337386018236,1,1
1699,NJ1612001,1,0.9835992907801416,1,3
1700,NJ1613002,1,0.9113918439716311,1,1
1701,NJ1613002,1,0.9113918439716311,1,1
1702,NJ1613002,1,0.9113918439716311,1,1
1703,NJ1613002,1,0.9204027355623098,1,1
1704,NJ1614001,1,0.8172054895459149,1,4
1705,NJ1616001,1,0.960201367781155,1,2
1706,NJ1616001,1,0.960201367781155,1,2
1707,NJ1707001,0,0.11456817414264223,0,5
1708,NJ1707001,1,0.8188766464032423,1,5
1709,NJ1708001,1,0.372266548463357,0,5
1710,NJ1708001,1,0.372266548463357,0,5
1711,NJ1708001,1,0.372266548463357,0,5
1712,NJ1712001,1,0.3241261398176292,0,1
1713,NJ1715001,0,0.4033582179298864,0,3
1714,NJ1715001,0,0.4033582179298864,0,3
1715,NJ1808001,1,0.8334035505368091,1,2
1716,NJ1808001,1,0.8334035505368091,1,2
1717,NJ1808001,1,0.8334035505368091,1,2
1718,NJ1904357,0,0.628222095575819,1,5
1719,NJ1906002,0,0.7021098173882118,1,1
1720,NJ1908322,0,0.2449128442479506,0,3
1721,NJ1909001,1,0.31293273343492367,0,2
1722,NJ1909001,1,0.31293273343492367,0,2
1723,NJ1910337,0,0.40728996181123844,0,2
1724,NJ1912001,0,0.7157970280310705,1,5
1725,NJ1912001,1,0.7157970280310705,1,5
1726,NJ1912001,0,0.7157970280310705,1,5
1727,NJ1912001,0,0.7157970280310705,1,5
1728,NJ1912001,0,0.7157970280310705,1,5
1729,NJ1912001,1,0.7157970280310705,1,5
1730,NJ1912001,0,0.7157970280310705,1,5
1731,NJ1915001,0,0.31466565349544073,0,4
1732,NJ1918004,1,0.4516351269714849,0,5
1733,NJ1918004,1,0.4516351269714849,0,5
1734,NJ1918004,1,0.4516351269714849,0,5
1735,NJ1918004,0,0.4516351269714849,0,5
1736,NJ1918004,1,0.4516351269714849,0,5
1737,NJ1918004,1,0.4516351269714849,0,5
1738,NJ1918004,1,0.4516351269714849,0,5
1739,NJ1918004,1,0.4516351269714849,0,5
1740,NJ1918004,1,0.4516351269714849,0,5
1741,NJ1918004,1,0.4516351269714849,0,5
1742,NJ1918004,1,0.4516351269714849,0,5
1743,NJ1918004,1,0.4516351269714849,0,5
1744,NJ1918004,1,0.4516351269714849,0,5
1745,NJ1919001,1,0.7044242012187141,1,3
1746,NJ1919001,1,0.7044242012187141,1,3
1747,NJ1919001,0,0.7044242012187141,1,3
1748,NJ1922026,1,0.43932672950977075,0,2
1749,NJ1922350,0,0.203419452887538,0,1
1750,NJ1924316,0,0.21737588652482265,0,5
1751,NJ2004001,1,0.6676396107726441,1,3
1752,NJ2004002,1,0.666794777323116,1,3
1753,NJ2004002,1,0.666794777323116,1,3
1754,NJ2004002,1,0.6574317113111137,1,3
1755,NJ2004002,1,0.6171209334657531,1,3
1756,NJ2004002,1,0.6197805079338382,1,3
1757,NJ2004002,1,0.666794777323116,1,3
1758,NJ2004002,0,0.666794777323116,1,3
1759,NJ2013001,1,0.6680196724079704,1,3
1760,NJ2101001,1,0.2331534131283818,0,1
1761,NJ2108001,0,0.5090435171489615,1,3
1762,NJ2108001,0,0.5090435171489615,1,3
1763,NJ2108001,0,0.5090435171489615,1,3
1764,NJ2108001,0,0.5090435171489615,1,3
1765,NJ2113002,0,0.39134745278362304,0,4
1766,NJ2119001,0,0.43411397999163953,0,5
1767,NJ2121001,0,0.4464988609392535,0,2
1768,NJ2121001,1,0.5000301848163222,1,2
1769,NJ2121001,1,0.5000301848163222,1,2
1770,NJ2121001,0,0.4464988609392535,0,2
1771,NJ2121001,1,0.5000301848163222,1,2
1772,NJ2121001,1,0.5000301848163222,1,2
1773,NY0100189,0,0.2495348225997529,0,4
1774,NY0100191,0,0.24132850186756186,0,2
1775,NY0100191,0,0.24132850186756186,0,2
1776,NY0100191,0,0.27052991511152835,0,2
1777,NY0100192,0,0.19226134968532918,0,5
1778,NY0100194,1,0.18327439404567064,0,4
1779,NY0100198,0,0.2789893617021277,0,2
1780,NY0100200,0,0.06427304964539006,0,4
1781,NY0100201,1,0.10916919959473152,0,4
1782,NY0100203,1,0.3215854894111251,0,3
1783,NY0100203,1,0.3215854894111251,0,3
1784,NY0100205,0,0.4997661027264749,0,5
1785,NY0110127,0,0.14945542046605875,0,3
1786,NY0200319,0,0.2697683522151607,0,2
1787,NY0200319,0,0.2697683522151607,0,2
1788,NY0200327,1,0.10957446808510639,0,3
1789,NY0220581,0,0.2225083427211087,0,4
1790,NY0301651,0,0.28629262719902526,0,4
1791,NY0301651,1,0.3004822053513694,0,4
1792,NY0301653,0,0.36669199594731505,0,1
1793,NY0301653,1,0.36669199594731505,0,1
1794,NY0301653,1,0.36669199594731505,0,1
1795,NY0301653,0,0.36669199594731505,0,1
1796,NY0301653,0,0.36669199594731505,0,1
1797,NY0301653,0,0.36669199594731505,0,1
1798,NY0301665,0,0.5023836119033239,1,5
1799,NY0301668,1,0.3287677304964538,0,5
1800,NY0301668,1,0.3287677304964538,0,5
1801,NY0301668,1,0.3287677304964538,0,5
1802,NY0301674,0,0.39368984295846,0,2
1803,NY0301674,0,0.39368984295846,0,2
1804,NY0301674,1,0.39368984295846,0,2
1805,NY0400345,0,0.43756155800116986,0,3
1806,NY0400345,0,0.43756155800116986,0,3
1807,NY0400345,0,0.2510342789598109,0,3
1808,NY0400349,1,0.06561545723779764,0,4
1809,NY0400349,1,0.06561545723779764,0,4
1810,NY0420357,0,0.61112799729821,1,1
1811,NY0420357,0,0.61112799729821,1,1
1812,NY0420358,0,0.626642181695373,1,1
1813,NY0501710,0,0.09496237650724236,0,2
1814,NY0501717,0,0.16100256126851872,0,4
1815,NY0501717,0,0.16100256126851872,0,4
1816,NY0501720,0,0.16257272573761938,0,1
1817,NY0501720,0,0.16257272573761938,0,1
1818,NY0600360,0,0.08826785245224963,0,2
1819,NY0600364,0,0.08891843971631205,0,2
1820,NY0600366,0,0.38035886480385356,0,3
1821,NY0600366,0,0.38035886480385356,0,3
1822,NY0600381,0,0.2072188449848024,0,2
1823,NY0615782,0,0.17781788247213776,0,2
1824,NY0701008,0,0.2400993362429533,0,3
1825,NY0701009,0,0.3803614411593134,0,2
1826,NY0701009,0,0.3829576924257775,0,2
1827,NY0701011,1,0.3524691472829771,0,3
1828,NY0701011,0,0.3524691472829771,0,3
1829,NY0701011,0,0.3524691472829771,0,3
1830,NY0801745,0,0.14186085781830463,0,5
1831,NY0801745,0,0.1773302938196555,0,5
1832,NY0900217,1,0.21916620010006205,0,5
1833,NY0900220,0,0.3552368287740629,0,4
1834,NY0904192,0,0.18188323201621073,0,3
1835,NY1000238,0,0.29288784501550463,0,5
1836,NY1000239,0,0.17548743859750215,0,2
1837,NY1100634,0,0.21779381965552178,0,3
1838,NY1101754,0,0.2733838428988616,0,2
1839,NY1101754,0,0.2636852613385779,0,2
1840,NY1101755,1,0.0815433975008443,0,2
1841,NY1101755,0,0.0815433975008443,0,2
1842,NY1101757,0,0.16322533849129597,0,3
1843,NY1101757,0,0.16322533849129597,0,3
1844,NY1200257,0,0.15669537318473487,0,4
1845,NY1200257,0,0.15669537318473487,0,4
1846,NY1200270,1,0.09932186607718523,0,4
1847,NY1200270,1,0.09932186607718523,0,4
1848,NY1302760,0,0.2304850158893386,0,5
1849,NY1302765,0,0.5869442909336527,1,2
1850,NY1302766,1,0.176000506585613,0,1
1851,NY1302776,0,0.20780717509440913,0,4
1852,NY1302783,0,0.3536811887875717,0,5
1853,NY1302794,1,0.358772374197906,0,3
1854,NY1302796,0,0.24207210630082973,0,4
1855,NY1302812,0,0.17282436830309175,0,3
1856,NY1319317,0,0.5534774179720988,1,4
1857,NY1330291,0,0.15770507932603614,0,2
1858,NY1330550,1,0.164387031408308,0,5
1859,NY1330660,0,0.3095451977100913,0,1
1860,NY1330660,1,0.3095451977100913,0,1
1861,NY1330660,0,0.3095451977100913,0,1
1862,NY1400411,0,0.3628288142865305,0,4
1863,NY1400422,0,0.11233119566802678,0,2
1864,NY1400433,1,0.17763424518743667,0,2
1865,NY1400443,0,0.14183130699088145,0,4
1866,NY1400443,0,0.14183130699088145,0,4
1867,NY1400451,0,0.32391371925946394,0,2
1868,NY1400539,0,0.1835307865892972,0,5
1869,NY1404556,0,0.2232265947965261,0,3
1870,NY1410142,0,0.30827001013171224,0,5
1871,NY1415379,0,0.2001665592091124,0,3
1872,NY1420549,0,0.22717831813576497,0,2
1873,NY1500284,0,0.19836626139817634,0,3
1874,NY1500286,0,0.6270584688380783,1,3
1875,NY1500293,0,0.1510511651469098,0,3
1876,NY1500293,0,0.16941489361702128,0,3
1877,NY1500293,1,0.1510511651469098,0,3
1878,NY1500299,0,0.32037643207855976,0,5
1879,NY1600008,0,0.22243766871426449,0,1
1880,NY1600011,0,0.10678486997635935,0,3
1881,NY1600012,0,0.12280901722391087,0,3
1882,NY1600012,0,0.12103596757852078,0,3
1883,NY1700018,0,0.30179089527493785,0,1
1884,NY1700019,0,0.10063745356298548,0,4
1885,NY1700019,0,0.10063745356298548,0,4
1886,NY1800544,1,0.14893617021276595,0,4
1887,NY1800554,0,0.2170339412360689,0,5
1888,NY1800554,0,0.15238095238095237,0,5
1889,NY1900026,1,0.08492907801418441,0,4
1890,NY1900027,0,0.13590425531914893,0,2
1891,NY1920318,0,0.19257794510454085,0,2
1892,NY1920318,0,0.19257794510454085,0,2
1893,NY1920318,0,0.19257794510454085,0,2
1894,NY1930059,1,0.14921057075312394,0,3
1895,NY1930059,0,0.14921057075312394,0,3
1896,NY2102300,0,0.20347011144883487,0,5
1897,NY2102306,0,0.1773667526327101,0,5
1898,NY2102307,0,0.18561603880752817,0,2
1899,NY2102308,0,0.1832383485309017,0,4
1900,NY2102313,0,0.1985097939885174,0,3
1901,NY2202334,0,0.12971470019342363,0,4
1902,NY2202346,0,0.2285017730496454,0,2
1903,NY2212214,1,0.23256079027355625,0,5
1904,NY2212214,0,0.21840594393785884,0,5
1905,NY2221206,1,0.397289766970618,0,2
1906,NY2221206,0,0.397289766970618,0,2
1907,NY2221206,0,0.397289766970618,0,2
1908,NY2221206,0,0.397289766970618,0,2
1909,NY2402365,0,0.07958037825059101,0,1
1910,NY2501015,0,0.18267713368681587,0,3
1911,NY2501017,0,0.09097011144883485,0,4
1912,NY2501019,0,0.3697499309201437,0,2
1913,NY2501023,0,0.13119300911854107,0,3
1914,NY2602371,0,0.17307497467071936,0,5
1915,NY2602377,0,0.16727456940222898,0,3
1916,NY2602377,0,0.16727456940222898,0,3
1917,NY2602379,0,0.14960739614994933,0,5
1918,NY2602381,0,0.15719562647754134,0,1
1919,NY2613319,0,0.11905638687553585,0,2
1920,NY2701039,0,0.28448581560283687,0,3
1921,NY2701045,1,0.278442671394799,0,5
1922,NY2701047,0,0.3340601690335733,0,5
1923,NY2701047,0,0.3340601690335733,0,5
1924,NY2701047,0,0.3302761088430769,0,5
1925,NY2701047,0,0.3302761088430769,0,5
1926,NY2701047,0,0.37901330986437365,0,5
1927,NY2701118,0,0.24870475269411443,0,5
1928,NY2704518,0,0.21948799845141306,0,2
1929,NY2704518,0,0.22622558710389531,0,2
1930,NY2800136,0,0.19573080018417274,0,3
1931,NY2800139,0,0.13723404255319147,0,3
1932,NY2900000,0,0.25688824644159436,0,2
1933,NY2900000,0,0.25688824644159436,0,2
1934,NY2900000,1,0.2954526410408764,0,2
1935,NY2900000,0,0.2954526410408764,0,2
1936,NY2900000,0,0.30521797522345084,0,2
1937,NY2900000,0,0.2954526410408764,0,2
1938,NY2900000,0,0.2954526410408764,0,2
1939,NY2900000,0,0.2954526410408764,0,2
1940,NY2900000,0,0.30521797522345084,0,2
1941,NY2900000,0,0.30521797522345084,0,2
1942,NY2900000,1,0.28100318292355214,0,2
1943,NY2900000,0,0.3562459218630997,0,2
1944,NY2900000,0,0.30521797522345084,0,2
1945,NY2902815,0,0.34703370871236966,0,4
1946,NY2902815,1,0.35301053851585784,0,4
1947,NY2902815,1,0.34703370871236966,0,4
1948,NY2902815,1,0.34703370871236966,0,4
1949,NY2902816,0,0.2710147356815067,0,2
1950,NY2902816,0,0.2710147356815067,0,2
1951,NY2902816,0,0.2710147356815067,0,2
1952,NY2902817,0,0.16461038223006305,0,1
1953,NY2902817,0,0.16461038223006305,0,1
1954,NY2902817,0,0.13715401767263466,0,1
1955,NY2902817,0,0.180821121845058,0,1
1956,NY2902817,1,0.180821121845058,0,1
1957,NY2902818,0,0.47401768355984225,0,3
1958,NY2902818,0,0.47401768355984225,0,3
1959,NY2902818,0,0.5117562009526149,1,3
1960,NY2902822,0,0.2694065678275131,0,4
1961,NY2902822,0,0.2694065678275131,0,4
1962,NY2902822,0,0.29834945727963286,0,4
1963,NY2902823,0,0.2247628899291424,0,2
1964,NY2902823,0,0.2247628899291424,0,2
1965,NY2902823,0,0.2247628899291424,0,2
1966,NY2902824,0,0.32575764089697945,0,4
1967,NY2902824,1,0.30599446891701515,0,4
1968,NY2902824,0,0.32575764089697945,0,4
1969,NY2902824,0,0.30599446891701515,0,4
1970,NY2902824,0,0.32575764089697945,0,4
1971,NY2902824,0,0.32575764089697945,0,4
1972,NY2902825,1,0.4540176900001682,0,1
1973,NY2902825,0,0.4540176900001682,0,1
1974,NY2902825,1,0.4540176900001682,0,1
1975,NY2902825,1,0.46154048635275163,0,1
1976,NY2902825,1,0.4540176900001682,0,1
1977,NY2902826,0,0.3056167679837893,0,2
1978,NY2902826,1,0.3056167679837893,0,2
1979,NY2902826,1,0.3056167679837893,0,2
1980,NY2902826,0,0.3082636778115502,0,2
1981,NY2902827,1,0.2365102813913614,0,4
1982,NY2902827,0,0.2365102813913614,0,4
1983,NY2902829,0,0.3387381502546911,0,4
1984,NY2902829,0,0.2589529525441907,0,4
1985,NY2902829,0,0.3387381502546911,0,4
1986,NY2902829,0,0.2589529525441907,0,4
1987,NY2902829,0,0.2589529525441907,0,4
1988,NY2902829,0,0.28688343725370796,0,4
1989,NY2902829,0,0.21029770802836242,0,4
1990,NY2902829,1,0.2658475462088694,0,4
1991,NY2902830,0,0.573807767665835,1,2
1992,NY2902830,0,0.4893511012924797,0,2
1993,NY2902830,1,0.573807767665835,1,2
1994,NY2902830,0,0.4893511012924797,0,2
1995,NY2902830,1,0.5175007767843759,1,2
1996,NY2902830,1,0.5509253576168088,1,2
1997,NY2902830,1,0.573807767665835,1,2
1998,NY2902830,1,0.573807767665835,1,2
1999,NY2902830,0,0.4893511012924797,0,2
2000,NY2902830,0,0.5175007767843759,1,2
2001,NY2902830,1,0.5509253576168088,1,2
2002,NY2902830,0,0.5509253576168088,1,2
2003,NY2902830,0,0.4893511012924797,0,2
2004,NY2902831,1,0.2606009963419031,0,5
2005,NY2902831,0,0.2907042707270923,0,5
2006,NY2902831,1,0.2606009963419031,0,5
2007,NY2902831,0,0.2606009963419031,0,5
2008,NY2902831,0,0.2606009963419031,0,5
2009,NY2902831,0,0.2606009963419031,0,5
2010,NY2902831,1,0.2606009963419031,0,5
2011,NY2902831,0,0.2606009963419031,0,5
2012,NY2902831,1,0.2606009963419031,0,5
2013,NY2902831,1,0.2606009963419031,0,5
2014,NY2902831,1,0.2606009963419031,0,5
2015,NY2902831,1,0.2606009963419031,0,5
2016,NY2902831,0,0.2606009963419031,0,5
2017,NY2902831,1,0.2606009963419031,0,5
2018,NY2902831,1,0.2606009963419031,0,5
2019,NY2902831,0,0.2606009963419031,0,5
2020,NY2902831,0,0.2606009963419031,0,5
2021,NY2902833,0,0.22500797030852576,0,5
2022,NY2902833,1,0.19901084096033256,0,5
2023,NY2902833,0,0.19901084096033256,0,5
2024,NY2902833,0,0.19767825215433948,0,5
2025,NY2902833,0,0.19767825215433948,0,5
2026,NY2902834,0,0.220583403710077,0,5
2027,NY2902835,0,0.2900544760204595,0,5
2028,NY2902835,0,0.2900544760204595,0,5
2029,NY2902835,0,0.2900544760204595,0,5
2030,NY2902835,0,0.2900544760204595,0,5
2031,NY2902835,0,0.2900544760204595,0,5
2032,NY2902835,0,0.2900544760204595,0,5
2033,NY2902835,0,0.2900544760204595,0,5
2034,NY2902835,0,0.2900544760204595,0,5
2035,NY2902835,0,0.2900544760204595,0,5
2036,NY2902835,0,0.2900544760204595,0,5
2037,NY2902835,0,0.2900544760204595,0,5
2038,NY2902835,0,0.2900544760204595,0,5
2039,NY2902835,1,0.2900544760204595,0,5
2040,NY2902835,0,0.2900544760204595,0,5
2041,NY2902835,0,0.2900544760204595,0,5
2042,NY2902835,0,0.2900544760204595,0,5
2043,NY2902835,1,0.2900544760204595,0,5
2044,NY2902835,0,0.2900544760204595,0,5
2045,NY2902836,0,0.03714709348100721,0,5
2046,NY2902836,0,0.05916629768106248,0,5
2047,NY2902836,1,0.05916629768106248,0,5
2048,NY2902836,1,0.07054313838521468,0,5
2049,NY2902836,0,0.03714709348100721,0,5
2050,NY2902836,0,0.05916629768106248,0,5
2051,NY2902836,0,0.05916629768106248,0,5
2052,NY2902836,0,0.05916629768106248,0,5
2053,NY2902836,1,0.07054313838521468,0,5
2054,NY2902836,0,0.03714709348100721,0,5
2055,NY2902837,0,0.15713004606131703,0,3
2056,NY2902837,0,0.15713004606131703,0,3
2057,NY2902837,0,0.15713004606131703,0,3
2058,NY2902837,0,0.15713004606131703,0,3
2059,NY2902837,0,0.15713004606131703,0,3
2060,NY2902837,0,0.15713004606131703,0,3
2061,NY2902837,0,0.15713004606131703,0,3
2062,NY2902837,0,0.15713004606131703,0,3
2063,NY2902837,0,0.15713004606131703,0,3
2064,NY2902839,0,0.3295990639766774,0,4
2065,NY2902839,1,0.3295990639766774,0,4
2066,NY2902839,1,0.33736738165190994,0,4
2067,NY2902840,0,0.17310292130115323,0,5
2068,NY2902840,0,0.21605025110343296,0,5
2069,NY2902840,0,0.17310292130115323,0,5
2070,NY2902840,0,0.17310292130115323,0,5
2071,NY2902840,0,0.17310292130115323,0,5
2072,NY2902840,0,0.17310292130115323,0,5
2073,NY2902840,0,0.17310292130115323,0,5
2074,NY2902841,0,0.16202377442667612,0,2
2075,NY2902841,0,0.5166766865263968,1,2
2076,NY2902841,0,0.6597716886437162,1,2
2077,NY2902841,0,0.16202377442667612,0,2
2078,NY2902841,0,0.27857857010381226,0,2
2079,NY2902841,0,0.16202377442667612,0,2
2080,NY2902841,0,0.5166766865263968,1,2
2081,NY2902841,0,0.5529263411271153,1,2
2082,NY2902843,0,0.3564853512326917,0,5
2083,NY2902845,0,0.4872177977012268,0,5
2084,NY2902845,0,0.4872177977012268,0,5
2085,NY2902845,0,0.5100042887185535,1,5
2086,NY2902845,1,0.46843777453290575,0,5
2087,NY2902845,1,0.46843777453290575,0,5
2088,NY2902848,0,0.1531876058704413,0,4
2089,NY2902848,0,0.1531876058704413,0,4
2090,NY2902848,0,0.1416544021634266,0,4
2091,NY2902848,0,0.1416544021634266,0,4
2092,NY2902851,0,0.37075697647506156,0,5
2093,NY2902851,0,0.28835166786138106,0,5
2094,NY2902851,0,0.28835166786138106,0,5
2095,NY2902851,1,0.3228561627497798,0,5
2096,NY2902851,0,0.37075697647506156,0,5
2097,NY2902851,0,0.28835166786138106,0,5
2098,NY2902851,0,0.28835166786138106,0,5
2099,NY2902851,1,0.33389972911249505,0,5
2100,NY2902853,0,0.4274966461117366,0,3
2101,NY2902853,0,0.40585330127193675,0,3
2102,NY2902854,0,0.3027957318412398,0,3
2103,NY2902854,0,0.3027957318412398,0,3
2104,NY2902854,0,0.3027957318412398,0,3
2105,NY2902854,0,0.2718666432721484,0,3
2106,NY2902854,0,0.3027957318412398,0,3
2107,NY2902854,0,0.2718666432721484,0,3
2108,NY2902854,0,0.3027957318412398,0,3
2109,NY2902856,0,0.4121656988735705,0,3
2110,NY2902856,0,0.4121656988735705,0,3
2111,NY2902856,0,0.4121656988735705,0,3
2112,NY2902856,0,0.4121656988735705,0,3
2113,NY2902856,1,0.4121656988735705,0,3
2114,NY2902856,0,0.4121656988735705,0,3
2115,NY2902856,1,0.4121656988735705,0,3
2116,NY2902857,0,0.27038731179948,0,3
2117,NY2902857,0,0.27273291086260415,0,3
2118,NY2902858,0,0.491125999989321,0,2
2119,NY2902858,1,0.5624859921402473,1,2
2120,NY2912267,0,0.392667253390288,0,3
2121,NY2912267,0,0.392667253390288,0,3
2122,NY2912267,0,0.4142487809160507,0,3
2123,NY2912267,0,0.4142487809160507,0,3
2124,NY2912267,1,0.4142487809160507,0,3
2125,NY2912267,1,0.392667253390288,0,3
2126,NY2912267,1,0.392667253390288,0,3
2127,NY2912267,1,0.4142487809160507,0,3
2128,NY2912267,1,0.392667253390288,0,3
2129,NY3100557,0,0.06519756838905774,0,4
2130,NY3100561,1,0.3021930935494765,0,5
2131,NY3100563,0,0.26899062816616015,0,2
2132,NY3100564,0,0.2509920634920635,0,4
2133,NY3100568,0,0.2992907801418439,0,5
2134,NY3100571,0,0.3128714961161768,0,4
2135,NY3100572,0,0.2100937183383992,0,1
2136,NY3100573,1,0.10673758865248227,0,3
2137,NY3100574,0,0.036524822695035465,0,3
2138,NY3100574,0,0.036524822695035465,0,3
2139,NY3100577,0,0.2955821513002363,0,1
2140,NY3100580,0,0.09490248226950355,0,3
2141,NY3100585,0,0.41080082742316787,0,1
2142,NY3100587,0,0.16255699088145895,0,5
2143,NY3100588,0,0.1423062310030395,0,2
2144,NY3100595,0,0.3344224924012158,0,1
2145,NY3202405,0,0.3772000753383732,0,5
2146,NY3202411,0,0.24090557850956057,0,4
2147,NY3304307,0,0.26097602161431943,0,3
2148,NY3304307,0,0.26097602161431943,0,3
2149,NY3304334,0,0.2171374628821437,0,3
2150,NY3304336,0,0.26920453928966304,0,4
2151,NY3304336,0,0.26920453928966304,0,4
2152,NY3304336,1,0.263440886310741,0,4
2153,NY3304343,0,0.1054225768321513,0,1
2154,NY3304343,0,0.1054225768321513,0,1
2155,NY3304344,0,0.3088934558349451,0,4
2156,NY3304347,0,0.16568745970341714,0,1
2157,NY3316112,0,0.10505319148936171,0,3
2158,NY3400784,1,0.20906442847932208,0,3
2159,NY3401150,0,0.11800911854103342,0,1
2160,NY3401151,0,0.06560283687943262,0,5
2161,NY3401156,0,0.18131888796782414,0,5
2162,NY3401170,0,0.19583966565349545,0,2
2163,NY3404514,0,0.23316447146234381,0,2
2164,NY3411948,0,0.02322695035460993,0,1
2165,NY3411948,0,0.032269503546099296,0,1
2166,NY3430008,0,0.022163120567375887,0,5
2167,NY3430034,0,0.17530395136778115,0,4
2168,NY3430041,0,0.045428064842958464,0,3
2169,NY3503524,1,0.2115501519756839,0,5
2170,NY3503524,0,0.21252955082742314,0,5
2171,NY3503526,1,0.4575375717662952,0,3
2172,NY3503526,0,0.5362915010521393,1,3
2173,NY3503528,0,0.14194739952718677,0,1
2174,NY3503528,0,0.21320211998403488,0,1
2175,NY3503531,1,0.41446090847686573,0,4
2176,NY3503531,0,0.41446090847686573,0,4
2177,NY3503532,0,0.1715742147922999,0,5
2178,NY3503534,0,0.1435811381290105,0,4
2179,NY3503535,1,0.3867472214546682,0,4
2180,NY3503535,1,0.4022614058518313,0,4
2181,NY3503536,1,0.3739871166067974,0,4
2182,NY3503542,0,0.19765953609038717,0,1
2183,NY3503542,1,0.20031911055847226,0,1
2184,NY3503542,0,0.20031911055847226,0,1
2185,NY3503549,0,0.49009625126646406,0,1
2186,NY3503553,0,0.14583333333333331,0,4
2187,NY3503553,0,0.14583333333333331,0,4
2188,NY3503553,0,0.14583333333333331,0,4
2189,NY3503554,0,0.11419706180344477,0,2
2190,NY3503559,0,0.22675011241960466,0,5
2191,NY3503559,0,0.21866926291793312,0,5
2192,NY3503559,0,0.21866926291793312,0,5
2193,NY3503561,0,0.24203816278284365,0,1
2194,NY3503561,0,0.26406408308004053,0,1
2195,NY3503567,0,0.3149287326149028,0,3
2196,NY3503567,0,0.3149287326149028,0,3
2197,NY3503573,0,0.5395005044748675,1,3
2198,NY3503573,0,0.5395005044748675,1,3
2199,NY3503573,1,0.5395005044748675,1,3
2200,NY3503578,1,0.3470884481882458,0,2
2201,NY3503578,1,0.3528975187369579,0,2
2202,NY3503580,0,0.6059611487802978,1,3
2203,NY3503580,1,0.5565240014820462,1,3
2204,NY3503580,0,0.5578537887160886,1,3
2205,NY3503627,1,0.7439950932637099,1,3
2206,NY3503627,0,0.7439950932637099,1,3
2207,NY3503627,1,0.7307841255705771,1,3
2208,NY3503627,0,0.7307841255705771,1,3
2209,NY3503627,0,0.7307841255705771,1,3
2210,NY3504069,0,0.21332089895919681,0,4
2211,NY3504069,0,0.21332089895919681,0,4
2212,NY3504069,0,0.21332089895919681,0,4
2213,NY3511338,0,0.3612799729821006,0,2
2214,NY3511887,0,0.1962650485726206,0,4
2215,NY3522798,0,0.18067625341561513,0,1
2216,NY3600596,0,0.05647201498265327,0,1
2217,NY3600600,0,0.06593844984802433,0,2
2218,NY3630023,1,0.36426671732522814,0,4
2219,NY3704355,0,0.16245764799621185,0,2
2220,NY3704361,0,0.17253960578428656,0,5
2221,NY3730037,0,0.17570921985815602,0,4
2222,NY3800154,0,0.299189990712597,0,5
2223,NY3802590,0,0.23879179331306988,0,2
2224,NY3830002,0,0.16803866936845666,0,5
2225,NY3903641,0,0.39774666822539156,0,2
2226,NY3922421,0,0.3298903667254731,0,3
2227,NY4100041,0,0.2596107350096712,0,1
2228,NY4100044,0,0.08466312056737588,0,1
2229,NY4100050,0,0.37849121918270856,0,2
2230,NY4100051,0,0.07335992907801418,0,1
2231,NY4110144,0,0.10901089159067884,0,1
2232,NY4130243,0,0.08714539007092198,0,2
2233,NY4130338,0,0.1297049138804458,0,1
2234,NY4303666,1,0.577133310999989,1,2
2235,NY4303673,1,0.5932392846130127,1,3
2236,NY4303673,1,0.6150109841476231,1,3
2237,NY4303673,1,0.6867899237597093,1,3
2238,NY4303673,1,0.6150109841476231,1,3
2239,NY4303673,1,0.6224374143100675,1,3
2240,NY4303673,0,0.6150109841476231,1,3
2241,NY4303673,1,0.6867899237597093,1,3
2242,NY4303673,1,0.669442034984901,1,3
2243,NY4303673,1,0.6339595685357371,1,3
2244,NY4303673,1,0.6227286878306244,1,3
2245,NY4303673,1,0.6224374143100675,1,3
2246,NY4303673,0,0.6150109841476231,1,3
2247,NY4303673,1,0.669442034984901,1,3
2248,NY4303673,0,0.5646035131111048,1,3
2249,NY4303673,0,0.669442034984901,1,3
2250,NY4303673,1,0.6211785520139712,1,3
2251,NY4303673,0,0.669442034984901,1,3
2252,NY4303673,1,0.669442034984901,1,3
2253,NY4303673,1,0.669442034984901,1,3
2254,NY4303673,1,0.6224374143100675,1,3
2255,NY4303673,1,0.669442034984901,1,3
2256,NY4303673,1,0.669442034984901,1,3
2257,NY4303673,1,0.6750421872359369,1,3
2258,NY4303673,1,0.658540160893485,1,3
2259,NY4303673,1,0.669442034984901,1,3
2260,NY4303673,1,0.669442034984901,1,3
2261,NY4303673,0,0.6224374143100675,1,3
2262,NY4303673,0,0.6224374143100675,1,3
2263,NY4303673,1,0.669442034984901,1,3
2264,NY4303673,1,0.669442034984901,1,3
2265,NY4303673,0,0.669442034984901,1,3
2266,NY4303673,1,0.6339595685357371,1,3
2267,NY4303673,1,0.6227286878306244,1,3
2268,NY4303673,0,0.5932392846130127,1,3
2269,NY4303675,1,0.6584923151253346,1,5
2270,NY4404381,0,0.11863601823708204,0,5
2271,NY4404381,0,0.11863601823708204,0,5
2272,NY4404381,0,0.11863601823708204,0,5
2273,NY4404381,0,0.11863601823708204,0,5
2274,NY4404381,0,0.11863601823708204,0,5
2275,NY4404385,0,0.11852203647416412,0,2
2276,NY4404390,0,0.2833882134414049,0,5
2277,NY4404394,0,0.21232187417914367,0,2
2278,NY4404397,0,0.2794959236714672,0,5
2279,NY4500162,0,0.38200848874738114,0,2
2280,NY4500164,0,0.16198597113350754,0,4
2281,NY4500166,0,0.3014121073961499,0,2
2282,NY4500168,0,0.32637157464285127,0,5
2283,NY4500168,1,0.3182813640260449,0,5
2284,NY4500170,0,0.36447878595834926,0,3
2285,NY4500173,0,0.12743794326241134,0,1
2286,NY4500173,0,0.10350177304964536,0,1
2287,NY4500175,1,0.36537190472578457,0,2
2288,NY4500175,0,0.33549573774855374,0,2
2289,NY4500175,0,0.34420901029161344,0,2
2290,NY4500175,0,0.33549573774855374,0,2
2291,NY4500175,0,0.33549573774855374,0,2
2292,NY4500175,0,0.33549573774855374,0,2
2293,NY4500177,0,0.16532421479229992,0,2
2294,NY4500177,0,0.16532421479229992,0,2
2295,NY4500178,0,0.34853090172239115,0,2
2296,NY4500186,0,0.435660800922065,0,3
2297,NY4500186,0,0.435660800922065,0,3
2298,NY4500186,0,0.4739642085073873,0,3
2299,NY4500186,0,0.435660800922065,0,3
2300,NY4505658,0,0.432130192502533,0,2
2301,NY4505658,0,0.4974966227625802,0,2
2302,NY4511620,0,0.2494005403579872,0,3
2303,NY4511620,0,0.2494005403579872,0,3
2304,NY4519111,0,0.36485245694022284,0,5
2305,NY4519111,0,0.36485245694022284,0,5
2306,NY4530240,0,0.18661347517730498,0,4
2307,NY4600069,0,0.4840022861299456,0,1
2308,NY4600071,1,0.36842321390193733,0,5
2309,NY4600073,0,0.3883300628046346,0,3
2310,NY4600091,1,0.4924293995693342,0,4
2311,NY4700094,0,0.19199367792867975,0,3
2312,NY4901198,0,0.15768548827059461,0,4
2313,NY4901199,0,0.18663880445795342,0,3
2314,NY5001206,0,0.2715012971661908,0,2
2315,NY5001206,0,0.2715012971661908,0,2
2316,NY5001206,0,0.2715012971661908,0,2
2317,NY5001206,0,0.2715012971661908,0,2
2318,NY5001209,1,0.32825448782895594,0,1
2319,NY5001209,0,0.3362332112332113,0,1
2320,NY5001212,0,0.3578873844831291,0,3
2321,NY5001212,0,0.3578873844831291,0,3
2322,NY5001212,1,0.3578873844831291,0,3
2323,NY5001212,0,0.3578873844831291,0,3
2324,NY5001212,0,0.3578873844831291,0,3
2325,NY5001215,0,0.3333966565349543,0,4
2326,NY5001215,0,0.34402927155586716,0,4
2327,NY5103263,0,0.2580490154671423,0,2
2328,NY5103263,0,0.31546113936464965,0,2
2329,NY5103263,0,0.31546113936464965,0,2
2330,NY5103263,0,0.31546113936464965,0,2
2331,NY5103263,0,0.31195319636202584,0,2
2332,NY5103263,0,0.2580490154671423,0,2
2333,NY5103263,0,0.31546113936464965,0,2
2334,NY5103263,0,0.31546113936464965,0,2
2335,NY5103263,0,0.28830467883450783,0,2
2336,NY5103263,0,0.28830467883450783,0,2
2337,NY5103263,0,0.31546113936464965,0,2
2338,NY5103266,1,0.19257046145344017,0,2
2339,NY5103271,1,0.23466802016520782,0,4
2340,NY5103271,0,0.23466802016520782,0,4
2341,NY5103271,0,0.23466802016520782,0,4
2342,NY5103271,0,0.2643170425669109,0,4
2343,NY5103271,0,0.23466802016520782,0,4
2344,NY5103271,1,0.23466802016520782,0,4
2345,NY5103271,0,0.2643170425669109,0,4
2346,NY5103271,0,0.26779101819934115,0,4
2347,NY5103271,0,0.2643170425669109,0,4
2348,NY5103271,1,0.23466802016520782,0,4
2349,NY5103271,0,0.2643170425669109,0,4
2350,NY5103271,0,0.23466802016520782,0,4
2351,NY5103276,0,0.20982102765312677,0,5
2352,NY5103276,0,0.20982102765312677,0,5
2353,NY5103276,0,0.20982102765312677,0,5
2354,NY5103276,0,0.13466264045348883,0,5
2355,NY5103276,0,0.20982102765312677,0,5
2356,NY5103276,0,0.20982102765312677,0,5
2357,NY5103276,0,0.13466264045348883,0,5
2358,NY5103280,0,0.22080070633080418,0,5
2359,NY5103280,0,0.22080070633080418,0,5
2360,NY5103704,0,0.23236091702262593,0,5
2361,NY5103704,1,0.2316036161185415,0,5
2362,NY5103704,0,0.23236091702262593,0,5
2363,NY5103704,0,0.23236091702262593,0,5
2364,NY5103704,0,0.23236091702262593,0,5
2365,NY5103705,0,0.2874794826922486,0,5
2366,NY5103705,0,0.38370964142240743,0,5
2367,NY5103705,0,0.38370964142240743,0,5
2368,NY5103705,0,0.2874794826922486,0,5
2369,NY5103705,0,0.2874794826922486,0,5
2370,NY5103705,0,0.2874794826922486,0,5
2371,NY5103705,0,0.2874794826922486,0,5
2372,NY5103705,0,0.2874794826922486,0,5
2373,NY5103705,0,0.2874794826922486,0,5
2374,NY5103705,1,0.2691934838211434,0,5
2375,NY5105656,0,0.6519393136414412,1,1
2376,NY5110526,0,0.22935968564879708,0,1
2377,NY5110526,1,0.22999186965864066,0,1
2378,NY5110526,0,0.22999186965864066,0,1
2379,NY5110526,0,0.22999186965864066,0,1
2380,NY5110526,0,0.22999186965864066,0,1
2381,NY5110526,0,0.22999186965864066,0,1
2382,NY5110526,0,0.22999186965864066,0,1
2383,NY5110526,0,0.22999186965864066,0,1
2384,NY5110526,0,0.22999186965864066,0,1
2385,NY5110526,0,0.22999186965864066,0,1
2386,NY5110526,0,0.22999186965864066,0,1
2387,NY5110526,0,0.22999186965864066,0,1
2388,NY5110526,0,0.22999186965864066,0,1
2389,NY5110526,0,0.22999186965864066,0,1
2390,NY5110526,0,0.22999186965864066,0,1
2391,NY5110526,1,0.22999186965864066,0,1
2392,NY5110526,0,0.22999186965864066,0,1
2393,NY5110526,1,0.22999186965864066,0,1
2394,NY5110526,0,0.22999186965864066,0,1
2395,NY5110526,0,0.22999186965864066,0,1
2396,NY5110526,0,0.22999186965864066,0,1
2397,NY5110526,0,0.22935968564879708,0,1
2398,NY5110526,0,0.22935968564879708,0,1
2399,NY5110526,0,0.22999186965864066,0,1
2400,NY5110526,0,0.22999186965864066,0,1
2401,NY5110526,0,0.22999186965864066,0,1
2402,NY5110526,0,0.22935968564879708,0,1
2403,NY5110526,0,0.22999186965864066,0,1
2404,NY5110526,0,0.22999186965864066,0,1
2405,NY5110526,0,0.22935968564879708,0,1
2406,NY5110526,0,0.22999186965864066,0,1
2407,NY5110526,0,0.22999186965864066,0,1
2408,NY5110526,0,0.22999186965864066,0,1
2409,NY5110526,0,0.22999186965864066,0,1
2410,NY5110526,0,0.22999186965864066,0,1
2411,NY5110526,0,0.22999186965864066,0,1
2412,NY5110526,0,0.22999186965864066,0,1
2413,NY5110526,0,0.22999186965864066,0,1
2414,NY5110526,0,0.22935968564879708,0,1
2415,NY5110526,0,0.22999186965864066,0,1
2416,NY5110526,0,0.22999186965864066,0,1
2417,NY5110526,0,0.22999186965864066,0,1
2418,NY5110526,0,0.22999186965864066,0,1
2419,NY5110526,0,0.22999186965864066,0,1
2420,NY5110526,0,0.22999186965864066,0,1
2421,NY5110526,0,0.22999186965864066,0,1
2422,NY5110526,0,0.22999186965864066,0,1
2423,NY5110526,0,0.22935968564879708,0,1
2424,NY5110526,1,0.22999186965864066,0,1
2425,NY5110526,0,0.22999186965864066,0,1
2426,NY5110526,0,0.22999186965864066,0,1
2427,NY5110526,0,0.22999186965864066,0,1
2428,NY5110526,0,0.22999186965864066,0,1
2429,NY5110526,0,0.22999186965864066,0,1
2430,NY5110526,0,0.22935968564879708,0,1
2431,NY5110526,0,0.22935968564879708,0,1
2432,NY5110526,0,0.22935968564879708,0,1
2433,NY5110526,0,0.22935968564879708,0,1
2434,NY5110526,1,0.22935968564879708,0,1
2435,NY5110526,0,0.22999186965864066,0,1
2436,NY5110526,0,0.22999186965864066,0,1
2437,NY5110526,0,0.22935968564879708,0,1
2438,NY5110526,0,0.22999186965864066,0,1
2439,NY5110526,0,0.22935968564879708,0,1
2440,NY5110526,0,0.22935968564879708,0,1
2441,NY5110526,0,0.22935968564879708,0,1
2442,NY5110526,1,0.22935968564879708,0,1
2443,NY5110526,0,0.22935968564879708,0,1
2444,NY5110526,0,0.22935968564879708,0,1
2445,NY5110526,0,0.2918390650164743,0,1
2446,NY5110526,0,0.22999186965864066,0,1
2447,NY5110526,0,0.22935968564879708,0,1
2448,NY5110526,0,0.22999186965864066,0,1
2449,NY5110526,1,0.22935968564879708,0,1
2450,NY5110526,0,0.22935968564879708,0,1
2451,NY5110526,1,0.22935968564879708,0,1
2452,NY5110526,0,0.22935968564879708,0,1
2453,NY5110526,0,0.22999186965864066,0,1
2454,NY5110526,0,0.22935968564879708,0,1
2455,NY5110526,0,0.22999186965864066,0,1
2456,NY5110526,0,0.22999186965864066,0,1
2457,NY5110526,0,0.22935968564879708,0,1
2458,NY5110526,0,0.22999186965864066,0,1
2459,NY5110526,1,0.2918390650164743,0,1
2460,NY5110526,0,0.22999186965864066,0,1
2461,NY5110526,0,0.22999186965864066,0,1
2462,NY5110526,0,0.22999186965864066,0,1
2463,NY5110526,0,0.22999186965864066,0,1
2464,NY5110526,1,0.22935968564879708,0,1
2465,NY5110526,1,0.22935968564879708,0,1
2466,NY5110526,0,0.22999186965864066,0,1
2467,NY5110526,0,0.22999186965864066,0,1
2468,NY5110526,1,0.22935968564879708,0,1
2469,NY5110526,0,0.22935968564879708,0,1
2470,NY5110526,0,0.22935968564879708,0,1
2471,NY5110526,0,0.22935968564879708,0,1
2472,NY5110526,1,0.22999186965864066,0,1
2473,NY5110526,0,0.22999186965864066,0,1
2474,NY5110526,0,0.22999186965864066,0,1
2475,NY5110526,0,0.22935968564879708,0,1
2476,NY5110526,0,0.22999186965864066,0,1
2477,NY5110526,0,0.22999186965864066,0,1
2478,NY5110526,0,0.22999186965864066,0,1
2479,NY5110526,0,0.22935968564879708,0,1
2480,NY5110526,0,0.22999186965864066,0,1
2481,NY5110526,0,0.22999186965864066,0,1
2482,NY5110526,0,0.22999186965864066,0,1
2483,NY5110526,0,0.22999186965864066,0,1
2484,NY5110526,0,0.22999186965864066,0,1
2485,NY5110526,0,0.22999186965864066,0,1
2486,NY5110526,1,0.22999186965864066,0,1
2487,NY5110526,0,0.22999186965864066,0,1
2488,NY5110526,0,0.22935968564879708,0,1
2489,NY5110526,0,0.22999186965864066,0,1
2490,NY5110526,0,0.22999186965864066,0,1
2491,NY5110526,0,0.22999186965864066,0,1
2492,NY5110526,0,0.22999186965864066,0,1
2493,NY5110526,0,0.22999186965864066,0,1
2494,NY5110526,0,0.22999186965864066,0,1
2495,NY5110526,0,0.22999186965864066,0,1
2496,NY5110526,0,0.22999186965864066,0,1
2497,NY5110526,0,0.22935968564879708,0,1
2498,NY5110526,0,0.22999186965864066,0,1
2499,NY5110526,1,0.22999186965864066,0,1
2500,NY5110526,0,0.22999186965864066,0,1
2501,NY5110526,0,0.22999186965864066,0,1
2502,NY5110526,1,0.22999186965864066,0,1
2503,NY5110526,1,0.22935968564879708,0,1
2504,NY5110526,0,0.22999186965864066,0,1
2505,NY5110526,0,0.22935968564879708,0,1
2506,NY5110526,0,0.22999186965864066,0,1
2507,NY5110526,1,0.22999186965864066,0,1
2508,NY5110526,0,0.22999186965864066,0,1
2509,NY5110526,1,0.22999186965864066,0,1
2510,NY5110526,0,0.22935968564879708,0,1
2511,NY5110526,0,0.22999186965864066,0,1
2512,NY5110526,0,0.22999186965864066,0,1
2513,NY5110526,1,0.22935968564879708,0,1
2514,NY5110526,1,0.22999186965864066,0,1
2515,NY5110526,1,0.22999186965864066,0,1
2516,NY5110526,0,0.22999186965864066,0,1
2517,NY5110526,0,0.22999186965864066,0,1
2518,NY5110526,1,0.22935968564879708,0,1
2519,NY5110526,0,0.22935968564879708,0,1
2520,NY5110526,0,0.22999186965864066,0,1
2521,NY5110526,0,0.22999186965864066,0,1
2522,NY5110526,1,0.284621268038039,0,1
2523,NY5110526,0,0.22999186965864066,0,1
2524,NY5110526,0,0.22999186965864066,0,1
2525,NY5110526,0,0.22999186965864066,0,1
2526,NY5110526,0,0.22935968564879708,0,1
2527,NY5110526,0,0.22999186965864066,0,1
2528,NY5110526,0,0.22935968564879708,0,1
2529,NY5110526,0,0.22935968564879708,0,1
2530,NY5110526,0,0.22935968564879708,0,1
2531,NY5110526,1,0.22999186965864066,0,1
2532,NY5110526,0,0.22935968564879708,0,1
2533,NY5110526,0,0.22999186965864066,0,1
2534,NY5110526,0,0.22999186965864066,0,1
2535,NY5110526,1,0.22999186965864066,0,1
2536,NY5110526,0,0.22999186965864066,0,1
2537,NY5110526,0,0.22999186965864066,0,1
2538,NY5110526,1,0.22999186965864066,0,1
2539,NY5110526,1,0.22999186965864066,0,1
2540,NY5110526,1,0.22935968564879708,0,1
2541,NY5110526,0,0.22999186965864066,0,1
2542,NY5110526,0,0.22935968564879708,0,1
2543,NY5110526,0,0.22999186965864066,0,1
2544,NY5110526,0,0.22935968564879708,0,1
2545,NY5110526,1,0.22999186965864066,0,1
2546,NY5110526,0,0.22935968564879708,0,1
2547,NY5110526,0,0.22999186965864066,0,1
2548,NY5110526,0,0.22999186965864066,0,1
2549,NY5110526,0,0.22999186965864066,0,1
2550,NY5110526,0,0.22999186965864066,0,1
2551,NY5110526,0,0.22999186965864066,0,1
2552,NY5110526,0,0.22999186965864066,0,1
2553,NY5110526,0,0.22935968564879708,0,1
2554,NY5110526,1,0.22999186965864066,0,1
2555,NY5110526,1,0.22999186965864066,0,1
2556,NY5110526,0,0.22935968564879708,0,1
2557,NY5110526,0,0.22935968564879708,0,1
2558,NY5110526,0,0.22999186965864066,0,1
2559,NY5110526,1,0.22999186965864066,0,1
2560,NY5110526,0,0.22999186965864066,0,1
2561,NY5110526,0,0.22999186965864066,0,1
2562,NY5110526,0,0.22999186965864066,0,1
2563,NY5110526,0,0.22999186965864066,0,1
2564,NY5110526,0,0.22999186965864066,0,1
2565,NY5110526,1,0.22999186965864066,0,1
2566,NY5110526,0,0.22999186965864066,0,1
2567,NY5110526,0,0.22999186965864066,0,1
2568,NY5110526,0,0.22999186965864066,0,1
2569,NY5110526,0,0.22999186965864066,0,1
2570,NY5110526,0,0.22999186965864066,0,1
2571,NY5110526,1,0.22999186965864066,0,1
2572,NY5110526,0,0.22935968564879708,0,1
2573,NY5110526,0,0.22999186965864066,0,1
2574,NY5110526,0,0.22999186965864066,0,1
2575,NY5110526,1,0.22999186965864066,0,1
2576,NY5110526,0,0.22935968564879708,0,1
2577,NY5110526,0,0.22999186965864066,0,1
2578,NY5110526,0,0.22935968564879708,0,1
2579,NY5110526,0,0.22999186965864066,0,1
2580,NY5110526,0,0.22999186965864066,0,1
2581,NY5110526,0,0.22999186965864066,0,1
2582,NY5110526,0,0.22935968564879708,0,1
2583,NY5110526,0,0.22999186965864066,0,1
2584,NY5110526,1,0.22935968564879708,0,1
2585,NY5110526,0,0.22999186965864066,0,1
2586,NY5110526,0,0.22999186965864066,0,1
2587,NY5110526,1,0.22999186965864066,0,1
2588,NY5110526,0,0.22935968564879708,0,1
2589,NY5110526,0,0.22999186965864066,0,1
2590,NY5110526,0,0.22999186965864066,0,1
2591,NY5110526,1,0.22999186965864066,0,1
2592,NY5110526,1,0.22999186965864066,0,1
2593,NY5110526,0,0.22935968564879708,0,1
2594,NY5110526,0,0.22999186965864066,0,1
2595,NY5110526,0,0.22999186965864066,0,1
2596,NY5110526,1,0.22999186965864066,0,1
2597,NY5110526,0,0.22999186965864066,0,1
2598,NY5110526,0,0.22999186965864066,0,1
2599,NY5110526,0,0.22999186965864066,0,1
2600,NY5110526,0,0.22999186965864066,0,1
2601,NY5110526,0,0.22999186965864066,0,1
2602,NY5110526,0,0.22999186965864066,0,1
2603,NY5110526,0,0.22999186965864066,0,1
2604,NY5110526,1,0.22999186965864066,0,1
2605,NY5110526,0,0.22999186965864066,0,1
2606,NY5110526,0,0.22999186965864066,0,1
2607,NY5110526,0,0.22999186965864066,0,1
2608,NY5110526,0,0.22999186965864066,0,1
2609,NY5110526,0,0.22999186965864066,0,1
2610,NY5110526,0,0.22999186965864066,0,1
2611,NY5110526,1,0.22999186965864066,0,1
2612,NY5110526,1,0.22935968564879708,0,1
2613,NY5110526,0,0.22999186965864066,0,1
2614,NY5110526,1,0.22999186965864066,0,1
2615,NY5110526,1,0.22935968564879708,0,1
2616,NY5110526,0,0.22999186965864066,0,1
2617,NY5110526,0,0.22999186965864066,0,1
2618,NY5111891,0,0.2943808998330275,0,3
2619,NY5111891,1,0.2943808998330275,0,3
2620,NY5111891,0,0.2943808998330275,0,3
2621,NY5111891,0,0.2390939881631371,0,3
2622,NY5203324,0,0.5132272999216055,1,2
2623,NY5203324,1,0.5132272999216055,1,2
2624,NY5203324,0,0.5132272999216055,1,2
2625,NY5203324,0,0.5132272999216055,1,2
2626,NY5203324,0,0.5132272999216055,1,2
2627,NY5203324,0,0.5132272999216055,1,2
2628,NY5203329,0,0.20295086119554204,0,1
2629,NY5203329,1,0.17453927573608427,0,1
2630,NY5203329,0,0.20295086119554204,0,1
2631,NY5203330,0,0.14478477561237263,0,3
2632,NY5203337,1,0.2316414572806131,0,5
2633,NY5203337,0,0.3053552534935514,0,5
2634,NY5203348,0,0.2678803049266128,0,5
2635,NY5203348,0,0.22905051769257018,0,5
2636,NY5203348,0,0.2678803049266128,0,5
2637,NY5203353,0,0.10797872340425531,0,2
2638,NY5304409,0,0.2344731509625126,0,5
2639,NY5304409,0,0.2344731509625126,0,5
2640,NY5304410,1,0.14114108409321174,0,5
2641,NY5304410,1,0.14114108409321174,0,5
2642,NY5304410,0,0.14114108409321174,0,5
2643,NY5304410,1,0.14114108409321174,0,5
2644,NY5330037,0,0.2130466903073286,0,5
2645,NY5404416,0,0.2661917426545086,0,4
2646,NY5404419,1,0.2486892097264438,0,1
2647,NY5417686,0,0.2621538331644715,0,2
2648,NY5503367,0,0.06878166160081055,0,2
2649,NY5503368,0,0.19277693346842287,0,3
2650,NY5503374,1,0.16873733535967583,0,5
2651,NY5503379,0,0.31999746707193516,0,3
2652,NY5503382,0,0.19757472137791288,0,1
2653,NY5503386,0,0.24733409321175281,0,2
2654,NY5503390,0,0.09169199594731509,0,4
2655,NY5503392,0,0.17391448264193413,0,3
2656,NY5510590,0,0.3983229905437353,0,3
2657,NY5600104,1,0.32093594939339615,0,3
2658,NY5600114,0,0.37243769823557055,0,5
2659,NY5700119,1,0.22589789052555012,0,4
2660,NY5700123,0,0.10198834853090172,0,4
2661,NY5704191,0,0.30802889486400126,0,5
2662,NY5722361,0,0.06319655521783181,0,3
2663,NY5801231,0,0.12774822695035457,0,4
2664,NY5801232,0,0.10183442444080741,0,4
2665,NY5801233,0,0.20885258358662617,0,4
2666,NY5801235,0,0.16170634920634921,0,3
2667,NY5801247,1,0.050341945288753805,0,3
2668,NY5801257,0,0.21537487335359679,0,2
2669,NY5801257,0,0.21537487335359679,0,2
2670,NY5801257,0,0.21537487335359679,0,2
2671,NY5801258,0,0.17604678123295145,0,3
2672,NY5821130,0,0.031028368794326244,0,3
2673,NY5903150,1,0.41189209726443765,0,2
2674,NY5903419,1,0.38830408952749385,0,4
2675,NY5903420,0,0.2193517623038899,0,2
2676,NY5903423,0,0.4253653556845046,0,5
2677,NY5903425,0,0.37011355960824044,0,1
2678,NY5903427,0,0.24169199594731508,0,3
2679,NY5903429,0,0.17437299574551732,0,4
2680,NY5903432,0,0.38651004728132377,0,2
2681,NY5903433,0,0.21613475177304972,0,3
2682,NY5903435,0,0.2891353757619787,0,4
2683,NY5903435,0,0.3141480404023029,0,4
2684,NY5903437,0,0.44961795001688615,0,1
2685,NY5903437,1,0.314158364291343,0,1
2686,NY5903441,0,0.20291958337171104,0,4
2687,NY5903441,0,0.20291958337171104,0,4
2688,NY5903442,0,0.2997150455927052,0,1
2689,NY5903444,0,0.30770528230634614,0,3
2690,NY5903450,0,0.26719397623652946,0,5
2691,NY5903451,1,0.2810064935064935,0,1
2692,NY5903452,0,0.4149379432624113,0,3
2693,NY5903455,0,0.23241725768321517,0,1
2694,NY5903456,0,0.47568389057750754,0,2
2695,NY5903456,1,0.47568389057750754,0,2
2696,NY5903457,0,0.1857079533941236,0,3
2697,NY5903457,0,0.1857079533941236,0,3
2698,NY5903461,0,0.39553571428571427,0,2
2699,NY5903464,0,0.2517926674215786,0,2
2700,NY5903464,0,0.2517926674215786,0,2
2701,NY5903465,0,0.2871695680206318,0,3
2702,NY5903465,0,0.2871695680206318,0,3
2703,NY5903469,0,0.1950134039159795,0,4
2704,NY5903469,1,0.1950134039159795,0,4
2705,NY5903482,0,0.23292806484295847,0,5
2706,NY5906659,1,0.42426103742593124,0,3
2707,NY5917221,1,0.7979344471029852,1,5
2708,NY5930082,0,0.2688662844247951,0,5
2709,NY6000613,0,0.11209127751680945,0,1
2710,NY6000618,0,0.21725135089496792,0,5
2711,NY6101263,1,0.1945352077001013,0,2
2712,NY7003493,0,0.361428878450155,0,2
2713,NY7003493,0,0.44865025636302225,0,2
2714,NY7003493,0,0.44865025636302225,0,2
2715,NY7003493,0,0.48631835068005286,0,2
2716,PA1090001,1,0.9865854796565882,1,1
2717,PA1090005,1,0.9024212698023713,1,1
2718,PA1090005,1,0.8988833626740387,1,1
2719,PA1090005,1,0.9108960249526583,1,1
2720,PA1090022,1,0.7401001460681322,1,4
2721,PA1090026,0,0.740718929415738,1,3
2722,PA1090037,0,0.5784027585889288,1,3
2723,PA1090043,1,0.855942225331599,1,1
2724,PA1090043,1,0.855942225331599,1,1
2725,PA1090043,0,0.6912291469262354,1,1
2726,PA1090043,1,0.6912291469262354,1,1
2727,PA1090046,1,0.8325375717662952,1,3
2728,PA1090046,1,0.812198159405606,1,3
2729,PA1090046,0,0.812198159405606,1,3
2730,PA1090046,1,0.8325375717662952,1,3
2731,PA1090063,1,0.8701406253841183,1,5
2732,PA1090063,1,0.8701406253841183,1,5
2733,PA1090063,1,0.5714801217496859,1,5
2734,PA1090069,1,0.7120905099628505,1,3
2735,PA1090069,1,0.7120905099628505,1,3
2736,PA1090069,0,0.6786848346688772,1,3
2737,PA1090070,0,0.9428460532653274,1,4
2738,PA1090070,0,0.9428460532653274,1,4
2739,PA1090070,0,0.9428460532653274,1,4
2740,PA1090070,0,0.9428460532653274,1,4
2741,PA1090070,0,0.9428460532653274,1,4
2742,PA1090070,0,0.9428460532653274,1,4
2743,PA1090070,0,0.7649626968775909,1,4
2744,PA1090070,0,0.7649626968775909,1,4
2745,PA1090070,0,0.7649626968775909,1,4
2746,PA1090070,1,0.7649626968775909,1,4
2747,PA1090070,0,0.7649626968775909,1,4
2748,PA1090070,0,0.7649626968775909,1,4
2749,PA1090070,0,0.7649626968775909,1,4
2750,PA1090074,0,0.5287951705504897,1,1
2751,PA1090074,1,0.7407972793963091,1,1
2752,PA1090074,1,0.7407972793963091,1,1
2753,PA1090078,1,0.902757644247006,1,4
2754,PA1090078,1,0.902757644247006,1,4
2755,PA1090079,1,0.6274829189722806,1,4
2756,PA1090079,0,0.6274829189722806,1,4
2757,PA1090079,1,0.6274829189722806,1,4
2758,PA1090079,1,0.6361518652742056,1,4
2759,PA1090081,1,0.8984870299539949,1,4
2760,PA1090081,1,0.8984870299539949,1,4
2761,PA1090081,1,0.8984870299539949,1,4
2762,PA1090081,1,0.8984870299539949,1,4
2763,PA1090081,1,0.8984870299539949,1,4
2764,PA1090082,1,0.6661335709208048,1,3
2765,PA1090082,0,0.6661335709208048,1,3
2766,PA1090082,1,0.6661335709208048,1,3
2767,PA1090082,1,0.6661335709208048,1,3
2768,PA1090082,1,0.6661335709208048,1,3
2769,PA1090082,1,0.6661335709208048,1,3
2770,PA1090082,1,0.6661335709208048,1,3
2771,PA1090082,0,0.6661335709208048,1,3
2772,PA1090089,1,0.8920813376930397,1,2
2773,PA1090089,1,0.8920813376930397,1,2
2774,PA1090089,1,0.8920813376930397,1,2
2775,PA1090089,1,0.8920813376930397,1,2
2776,PA1090089,1,0.8920813376930397,1,2
2777,PA1090089,1,0.8920813376930397,1,2
2778,PA1090089,1,0.8920813376930397,1,2
2779,PA1090089,1,0.8920813376930397,1,2
2780,PA1090089,0,0.8920813376930397,1,2
2781,PA1090089,1,0.8920813376930397,1,2
2782,PA1090089,0,0.8920813376930397,1,2
2783,PA1090089,1,0.8920813376930397,1,2
2784,PA1090089,1,0.8920813376930397,1,2
2785,PA1090089,1,0.8920813376930397,1,2
2786,PA1090089,1,0.8920813376930397,1,2
2787,PA1090089,0,0.7716287224109502,1,2
2788,PA1090117,1,0.8765450861195543,1,2
2789,PA1090117,0,0.8765450861195543,1,2
2790,PA1090117,0,0.8765450861195543,1,2
2791,PA1090117,0,0.6809397163120566,1,2
2792,PA1090125,0,0.6417844640584002,1,3
2793,PA1090125,0,0.6417844640584002,1,3
2794,PA1090125,1,0.6417844640584002,1,3
2795,PA1090127,1,0.7023778821651163,1,5
2796,PA1090127,0,0.6445215836173284,1,5
2797,PA1090128,1,0.6984657272627331,1,4
2798,PA1090128,1,0.6984657272627331,1,4
2799,PA1090128,1,0.6984657272627331,1,4
2800,PA1090128,1,0.6984657272627331,1,4
2801,PA1090128,1,0.6984657272627331,1,4
2802,PA1090128,1,0.6984657272627331,1,4
2803,PA1090128,1,0.6984657272627331,1,4
2804,PA1090128,0,0.4950298322638748,0,4
2805,PA1090131,1,0.6058383991894629,1,3
2806,PA1090131,1,0.6058383991894629,1,3
2807,PA1090131,1,0.6058383991894629,1,3
2808,PA1090137,1,0.5609948508581092,1,2
2809,PA1090137,1,0.33990837989291045,0,2
2810,PA1090144,1,0.6211030104647126,1,1
2811,PA1090144,1,0.6211030104647126,1,1
2812,PA1090144,1,0.6211030104647126,1,1
2813,PA1090144,0,0.6211030104647126,1,1
2814,PA1090329,1,0.5842461468791256,1,5
2815,PA1090962,1,0.6260076581786463,1,5
2816,PA1150026,1,0.6376393110435663,1,2
2817,PA1150035,0,0.8102610965442043,1,5
2818,PA1150035,1,0.8102610965442043,1,5
2819,PA1150035,1,0.8102610965442043,1,5
2820,PA1150035,1,0.8102610965442043,1,5
2821,PA1150035,1,0.8102610965442043,1,5
2822,PA1150035,1,0.8102610965442043,1,5
2823,PA1150035,1,0.917202419330079,1,5
2824,PA1150066,1,0.6783446163765313,1,3
2825,PA1150066,1,0.8100252141475547,1,3
2826,PA1150077,1,0.598043135942072,1,5
2827,PA1150089,1,0.7715970608101395,1,3
2828,PA1150089,1,0.7715970608101395,1,3
2829,PA1150089,1,0.7715970608101395,1,3
2830,PA1150089,1,0.7933721715636608,1,3
2831,PA1150098,1,0.9930488394584139,1,3
2832,PA1150098,1,0.9032932936557186,1,3
2833,PA1150106,1,0.4574151469098278,0,5
2834,PA1150108,1,0.8995715130023639,1,4
2835,PA1150108,0,0.8716575903411009,1,4
2836,PA1150108,1,0.8716575903411009,1,4
2837,PA1150137,1,0.9446250504266744,1,5
2838,PA1150137,1,0.9446250504266744,1,5
2839,PA1150137,1,0.9446250504266744,1,5
2840,PA1150137,1,0.9446250504266744,1,5
2841,PA1150137,1,0.9446250504266744,1,5
2842,PA1150137,1,0.956564505234718,1,5
2843,PA1150137,0,0.9446250504266744,1,5
2844,PA1150165,1,0.8211605032083757,1,1
2845,PA1150165,0,0.8632406895704772,1,1
2846,PA1150166,1,0.6872437845842102,1,1
2847,PA1150166,1,0.6381240031349544,1,1
2848,PA1150166,1,0.6381240031349544,1,1
2849,PA1150166,0,0.6381240031349544,1,1
2850,PA1150166,0,0.6381240031349544,1,1
2851,PA1230004,1,0.5777947594749847,1,4
2852,PA1230012,1,0.350949848024316,0,5
2853,PA1230012,1,0.33657548125633235,0,5
2854,PA1230012,1,0.33657548125633235,0,5
2855,PA1230012,1,0.33657548125633235,0,5
2856,PA1460020,1,0.43400910153117395,0,3
2857,PA1460020,1,0.43400910153117395,0,3
2858,PA1460020,1,0.43400910153117395,0,3
2859,PA1460020,1,0.43400910153117395,0,3
2860,PA1460020,1,0.43400910153117395,0,3
2861,PA1460020,1,0.43400910153117395,0,3
2862,PA1460020,1,0.43400910153117395,0,3
2863,PA1460020,1,0.4987797810936107,0,3
2864,PA1460020,1,0.43400910153117395,0,3
2865,PA1460022,1,0.686156780571674,1,5
2866,PA1460022,1,0.686156780571674,1,5
2867,PA1460022,1,0.686156780571674,1,5
2868,PA1460022,1,0.686156780571674,1,5
2869,PA1460022,1,0.686156780571674,1,5
2870,PA1460022,1,0.686156780571674,1,5
2871,PA1460022,1,0.686156780571674,1,5
2872,PA1460028,1,0.8829873473158049,1,1
2873,PA1460028,1,0.8789933913604128,1,1
2874,PA1460028,1,0.8696466949126527,1,1
2875,PA1460033,1,0.6104722121542079,1,5
2876,PA1460033,1,0.6104722121542079,1,5
2877,PA1460033,1,0.61415367867512,1,5
2878,PA1460033,1,0.61415367867512,1,5
2879,PA1460033,0,0.6104722121542079,1,5
2880,PA1460033,1,0.6104722121542079,1,5
2881,PA1460033,1,0.6104722121542079,1,5
2882,PA1460033,1,0.61415367867512,1,5
2883,PA1460033,0,0.6104722121542079,1,5
2884,PA1460033,1,0.5318063440257713,1,5
2885,PA1460033,0,0.497117894177747,0,5
2886,PA1460034,1,0.4028849825958463,0,2
2887,PA1460034,1,0.4028849825958463,0,2
2888,PA1460034,1,0.4028849825958463,0,2
2889,PA1460034,0,0.4028849825958463,0,2
2890,PA1460034,0,0.3824660800969591,0,2
2891,PA1460037,1,0.44470790734088606,0,1
2892,PA1460042,1,0.7973480420288932,1,2
2893,PA1460042,1,0.8142553368617199,1,2
2894,PA1460042,1,0.8142553368617199,1,2
2895,PA1460042,0,0.7973480420288932,1,2
2896,PA1460046,1,0.7320158269626356,1,5
2897,PA1460048,1,0.9153362783556778,1,3
2898,PA1460048,1,0.9153362783556778,1,3
2899,PA1460048,1,0.9153362783556778,1,3
2900,PA1460048,1,0.9153362783556778,1,3
2901,PA1460048,1,0.9153362783556778,1,3
2902,PA1460048,1,0.9153362783556778,1,3
2903,PA1460048,0,0.8629749240121581,1,3
2904,PA1460050,1,0.6697096130645878,1,1
2905,PA1460050,1,0.6697096130645878,1,1
2906,PA1460050,1,0.6697096130645878,1,1
2907,PA1460050,1,0.6899359240919003,1,1
2908,PA1460050,1,0.6697096130645878,1,1
2909,PA1460050,1,0.6096218011580964,1,1
2910,PA1460050,0,0.6096218011580964,1,1
2911,PA1460055,1,0.832915729857219,1,3
2912,PA1460055,1,0.8338235493820599,1,3
2913,PA1460055,1,0.832915729857219,1,3
2914,PA1460055,1,0.832915729857219,1,3
2915,PA1460055,1,0.8338235493820599,1,3
2916,PA1460055,1,0.8338235493820599,1,3
2917,PA1460055,0,0.8338235493820599,1,3
2918,PA1460055,1,0.832915729857219,1,3
2919,PA1460069,1,0.46304613484064766,0,5
2920,PA1460069,1,0.46304613484064766,0,5
2921,PA1460069,1,0.46304613484064766,0,5
2922,PA1460069,1,0.46304613484064766,0,5
2923,PA1460069,1,0.48150994986101353,0,5
2924,PA1460073,1,0.8629619606101758,1,4
2925,PA1460073,1,0.9003606434875822,1,4
2926,PA1460073,1,0.8921707342858782,1,4
2927,PA1460073,1,0.8651892937406078,1,4
2928,PA1460073,0,0.8921707342858782,1,4
2929,PA1460073,1,0.869315471935935,1,4
2930,PA1460073,1,0.84182729722739,1,4
2931,PA1460073,1,0.8921707342858782,1,4
2932,PA1460073,1,0.8544540270604102,1,4
2933,PA1460073,1,0.8544540270604102,1,4
2934,PA1460073,1,0.8544540270604102,1,4
2935,PA1460073,1,0.8921707342858782,1,4
2936,PA1460073,1,0.8921707342858782,1,4
2937,PA1460073,1,0.8921707342858782,1,4
2938,PA1460073,1,0.8921707342858782,1,4
2939,PA1460073,1,0.8921707342858782,1,4
2940,PA1460073,1,0.8544540270604102,1,4
2941,PA1460073,0,0.8921707342858782,1,4
2942,PA1460073,1,0.8544540270604102,1,4
2943,PA1460085,0,0.9003607983328729,1,1
2944,PA1460085,1,0.9003607983328729,1,1
2945,PA1460085,1,0.9003607983328729,1,1
2946,PA1460085,1,0.9003607983328729,1,1
2947,PA1460085,1,0.9003607983328729,1,1
2948,PA1460085,0,0.9003607983328729,1,1
2949,PA1460085,0,0.9003607983328729,1,1
2950,PA1460085,1,0.9427299207884314,1,1
2951,PA1460492,1,0.7077507598784194,1,1
2952,PA1461065,1,0.4023736606183415,0,1
2953,PA1510001,1,0.7045381627828436,1,5
2954,PA1510001,1,0.7045381627828436,1,5
2955,PA1510001,1,0.7045381627828436,1,5
2956,PA2080028,0,0.49636322775402864,0,2
2957,PA2080029,0,0.18873480243161098,0,1
2958,PA2080029,0,0.18607522796352585,0,1
2959,PA2350833,0,0.24434917180927823,0,1
2960,PA2350833,1,0.24434917180927823,0,1
2961,PA2359001,0,0.158695426913512,0,4
2962,PA2359008,0,0.23936803444782173,0,2
2963,PA2359008,1,0.3453218029015901,0,2
2964,PA2359008,1,0.3453218029015901,0,2
2965,PA2359008,0,0.3401799589299589,0,2
2966,PA2359008,0,0.3401799589299589,0,2
2967,PA2359008,0,0.3401799589299589,0,2
2968,PA2359008,0,0.3401799589299589,0,2
2969,PA2359008,0,0.3401799589299589,0,2
2970,PA2400054,1,0.22395383405321806,0,4
2971,PA2400054,0,0.2165070255425798,0,4
2972,PA2400054,1,0.22395383405321806,0,4
2973,PA2400054,0,0.22395383405321806,0,4
2974,PA2400054,0,0.22395383405321806,0,4
2975,PA2400076,1,0.702534621069428,1,1
2976,PA2400076,1,0.702534621069428,1,1
2977,PA2400076,1,0.702534621069428,1,1
2978,PA2400076,1,0.702534621069428,1,1
2979,PA2400076,0,0.702534621069428,1,1
2980,PA2400076,0,0.702534621069428,1,1
2981,PA2400076,0,0.702534621069428,1,1
2982,PA2400115,1,0.26926713947990544,0,2
2983,PA2400370,1,0.1412787714649417,0,4
2984,PA2400806,0,0.31710359675785205,0,2
2985,PA2400806,1,0.31710359675785205,0,2
2986,PA2400806,0,0.31710359675785205,0,2
2987,PA2400806,0,0.24250253292806484,0,2
2988,PA2408001,0,0.3275386109162704,0,3
2989,PA2409002,0,0.34785046513769907,0,3
2990,PA2409003,1,0.07031408308004053,0,1
2991,PA2409010,0,0.31588356973995274,0,5
2992,PA2409011,0,0.3595744680851064,0,2
2993,PA2409013,0,0.5409251236220114,1,2
2994,PA2450020,0,0.2014615260625899,0,4
2995,PA2450020,0,0.2561855992707056,0,4
2996,PA2450023,0,0.39402109154925186,0,3
2997,PA2450023,0,0.4095384347261694,0,3
2998,PA2450023,0,0.4095384347261694,0,3
2999,PA2450023,0,0.4095384347261694,0,3
3000,PA2450023,0,0.4095384347261694,0,3
3001,PA2450034,0,0.45920719351570416,0,4
3002,PA2450034,0,0.444952565165331,0,4
3003,PA2450034,0,0.4378926038500507,0,4
3004,PA2450034,0,0.45920719351570416,0,4
3005,PA2450053,0,0.4560607389064839,0,2
3006,PA2450063,0,0.44061604271144156,0,4
3007,PA2450063,0,0.44061604271144156,0,4
3008,PA2450063,0,0.44061604271144156,0,4
3009,PA2450063,1,0.44061604271144156,0,4
3010,PA2450063,0,0.44061604271144156,0,4
3011,PA2450063,0,0.44061604271144156,0,4
3012,PA2450063,0,0.44061604271144156,0,4
3013,PA2450063,1,0.44061604271144156,0,4
3014,PA2450063,0,0.44061604271144156,0,4
3015,PA2450063,1,0.44061604271144156,0,4
3016,PA2450065,0,0.52964345052111,1,2
3017,PA2450065,0,0.52964345052111,1,2
3018,PA2450065,0,0.52964345052111,1,2
3019,PA2450065,0,0.52964345052111,1,2
3020,PA2450065,0,0.52964345052111,1,2
3021,PA2450065,0,0.52964345052111,1,2
3022,PA2450065,0,0.52964345052111,1,2
3023,PA2450542,1,0.21255722705190788,0,5
3024,PA2450677,0,0.4892983789260385,0,3
3025,PA2520033,0,0.4020211374578205,0,4
3026,PA2520033,0,0.4020211374578205,0,4
3027,PA2520033,0,0.4020211374578205,0,4
3028,PA2520033,0,0.4020211374578205,0,4
3029,PA2520033,0,0.4020211374578205,0,4
3030,PA2520037,1,0.19683614258082344,0,5
3031,PA2520037,0,0.19683614258082344,0,5
3032,PA2520037,0,0.19683614258082344,0,5
3033,PA2520037,0,0.19683614258082344,0,5
3034,PA2520037,0,0.19683614258082344,0,5
3035,PA2520037,0,0.19683614258082344,0,5
3036,PA2520062,0,0.34897573484087874,0,3
3037,PA2520062,0,0.34897573484087874,0,3
3038,PA2520062,0,0.34897573484087874,0,3
3039,PA2520062,0,0.34897573484087874,0,3
3040,PA2520941,0,0.10846842283012494,0,4
3041,PA2520941,0,0.10846842283012494,0,4
3042,PA2520941,0,0.10846842283012494,0,4
3043,PA2520941,0,0.10846842283012494,0,4
3044,PA2580024,0,0.09444022289766969,0,1
3045,PA2580024,0,0.09968013664822174,0,1
3046,PA2590038,0,0.10391337386018236,0,3
3047,PA2590042,0,0.27416673161354016,0,2
3048,PA2640018,0,0.276637842063374,0,3
3049,PA2640018,0,0.24864898694685925,0,3
3050,PA2640018,0,0.24864898694685925,0,3
3051,PA2640018,0,0.276637842063374,0,3
3052,PA2640025,0,0.5041239306837322,1,5
3053,PA2640025,0,0.5041239306837322,1,5
3054,PA2640025,0,0.5041239306837322,1,5
3055,PA2640025,0,0.5041239306837322,1,5
3056,PA2640025,0,0.5041239306837322,1,5
3057,PA2660010,0,0.2883684873046575,0,1
3058,PA2660014,1,0.18233493752110777,0,4
3059,PA2660014,0,0.18233493752110777,0,4
3060,PA2660014,0,0.18233493752110777,0,4
3061,PA2660014,0,0.18233493752110777,0,4
3062,PA3060010,0,0.5198082650210308,1,1
3063,PA3060012,0,0.43466325341325346,0,4
3064,PA3060012,0,0.43466325341325346,0,4
3065,PA3060012,1,0.43466325341325346,0,4
3066,PA3060018,1,0.953803554601427,1,1
3067,PA3060018,0,0.953803554601427,1,1
3068,PA3060018,0,0.953803554601427,1,1
3069,PA3060029,0,0.5845359453476935,1,2
3070,PA3060029,0,0.5845359453476935,1,2
3071,PA3060029,0,0.5845359453476935,1,2
3072,PA3060035,0,0.40093426077468636,0,4
3073,PA3060035,0,0.40093426077468636,0,4
3074,PA3060038,0,0.6023717860154029,1,4
3075,PA3060038,0,0.6023717860154029,1,4
3076,PA3060038,1,0.6023717860154029,1,4
3077,PA3060038,1,0.6023717860154029,1,4
3078,PA3060038,0,0.6023717860154029,1,4
3079,PA3060038,1,0.6023717860154029,1,4
3080,PA3060038,0,0.6023717860154029,1,4
3081,PA3060038,1,0.6023717860154029,1,4
3082,PA3060041,0,0.5127187641658856,1,1
3083,PA3060052,1,0.4742021276595745,0,2
3084,PA3060052,0,0.4742021276595745,0,2
3085,PA3060052,1,0.4742021276595745,0,2
3086,PA3060059,1,0.5791236836449603,1,3
3087,PA3060067,1,0.8699014195024835,1,5
3088,PA3060067,1,0.8699014195024835,1,5
3089,PA3060067,1,0.8699014195024835,1,5
3090,PA3060067,1,0.8699014195024835,1,5
3091,PA3060069,0,0.7584489057736865,1,5
3092,PA3060069,0,0.7584489057736865,1,5
3093,PA3060069,1,0.7584489057736865,1,5
3094,PA3060069,1,0.7203191134237753,1,5
3095,PA3060069,1,0.7584489057736865,1,5
3096,PA3060069,1,0.7584489057736865,1,5
3097,PA3060069,0,0.7584489057736865,1,5
3098,PA3060076,0,0.8396680804575541,1,5
3099,PA3060076,1,0.8396680804575541,1,5
3100,PA3060076,0,0.6648806382029657,1,5
3101,PA3060076,1,0.8466336326358722,1,5
3102,PA3060076,0,0.6648806382029657,1,5
3103,PA3060076,0,0.6648806382029657,1,5
3104,PA3060076,0,0.6648806382029657,1,5
3105,PA3060078,1,0.7948677504528568,1,2
3106,PA3060080,0,0.4144032284602734,0,2
3107,PA3060080,0,0.4144032284602734,0,2
3108,PA3060080,0,0.4144032284602734,0,2
3109,PA3060081,0,0.4394422952933591,0,3
3110,PA3060082,0,0.6957011221638881,1,3
3111,PA3060082,1,0.6957011221638881,1,3
3112,PA3060083,1,0.8967463387676154,1,4
3113,PA3060088,0,0.39994219618585614,0,4
3114,PA3060088,1,0.39994219618585614,0,4
3115,PA3060088,1,0.39994219618585614,0,4
3116,PA3060088,1,0.39994219618585614,0,4
3117,PA3060088,1,0.5316456033701275,1,4
3118,PA3060088,0,0.39994219618585614,0,4
3119,PA3060088,0,0.4109329932138872,0,4
3120,PA3060088,1,0.39994219618585614,0,4
3121,PA3060088,1,0.39994219618585614,0,4
3122,PA3060088,1,0.39994219618585614,0,4
3123,PA3060088,1,0.39994219618585614,0,4
3124,PA3060088,0,0.39994219618585614,0,4
3125,PA3060094,0,0.5769292468760553,1,4
3126,PA3060681,0,0.29699252041242025,0,5
3127,PA3060681,0,0.31598018868952293,0,5
3128,PA3060681,0,0.29699252041242025,0,5
3129,PA3061067,1,0.4298286376743824,0,4
3130,PA3130004,0,0.25934544917257685,0,1
3131,PA3130009,0,0.15526426882809863,0,4
3132,PA3130012,1,0.3253916444076018,0,5
3133,PA3130012,0,0.3253916444076018,0,5
3134,PA3130308,0,0.35992696724079704,0,2
3135,PA3390024,1,0.5372497774093519,1,1
3136,PA3390024,1,0.5372497774093519,1,1
3137,PA3390032,1,0.7016230010264491,1,4
3138,PA3390032,1,0.7016230010264491,1,4
3139,PA3390032,1,0.7016230010264491,1,4
3140,PA3390032,1,0.7016230010264491,1,4
3141,PA3390039,0,0.37807750759878417,0,2
3142,PA3390039,0,0.39284447821681867,0,2
3143,PA3390044,1,0.46106045254981415,0,2
3144,PA3390055,1,0.4448160881671519,0,5
3145,PA3390062,1,0.4690215222130117,0,1
3146,PA3390065,1,0.565843737729236,1,1
3147,PA3390065,0,0.565843737729236,1,1
3148,PA3390065,1,0.565843737729236,1,1
3149,PA3390065,1,0.565843737729236,1,1
3150,PA3390065,1,0.565843737729236,1,1
3151,PA3390065,0,0.565843737729236,1,1
3152,PA3390065,1,0.565843737729236,1,1
3153,PA3390065,1,0.473811826471401,0,1
3154,PA3390065,1,0.473811826471401,0,1
3155,PA3390073,0,0.6070504528200861,1,1
3156,PA3390073,1,0.6070504528200861,1,1
3157,PA3390073,0,0.6070504528200861,1,1
3158,PA3390073,1,0.6070504528200861,1,1
3159,PA3390073,1,0.6070504528200861,1,1
3160,PA3390073,1,0.6070504528200861,1,1
3161,PA3390073,1,0.6070504528200861,1,1
3162,PA3390073,0,0.6070504528200861,1,1
3163,PA3390073,0,0.6070504528200861,1,1
3164,PA3390073,1,0.6070504528200861,1,1
3165,PA3390073,0,0.6070504528200861,1,1
3166,PA3390073,0,0.6070504528200861,1,1
3167,PA3390073,0,0.6070504528200861,1,1
3168,PA3390073,1,0.47666770286451143,0,1
3169,PA3390077,0,0.45324967585605874,0,5
3170,PA3390077,0,0.45324967585605874,0,5
3171,PA3390077,0,0.45324967585605874,0,5
3172,PA3390077,1,0.4521858460688247,0,5
3173,PA3390077,0,0.45324967585605874,0,5
3174,PA3390081,1,0.5334865181569122,1,4
3175,PA3390081,1,0.5334865181569122,1,4
3176,PA3390081,1,0.5334865181569122,1,4
3177,PA3390081,1,0.5334865181569122,1,4
3178,PA3390081,1,0.5334865181569122,1,4
3179,PA3391032,0,0.5608050342092894,1,3
3180,PA3480015,0,0.4250539059049697,0,3
3181,PA3480027,0,0.46561085191404333,0,5
3182,PA3480038,0,0.1798505572441743,0,5
3183,PA3480038,0,0.2529842497927604,0,5
3184,PA3480046,0,0.6105841534662926,1,5
3185,PA3480050,0,0.4453648892478678,0,2
3186,PA3480052,0,0.5892691438212156,1,4
3187,PA3480052,0,0.5892691438212156,1,4
3188,PA3480052,0,0.5892691438212156,1,4
3189,PA3480055,0,0.39105669743967625,0,1
3190,PA3480055,0,0.5564293879531677,1,1
3191,PA3480057,0,0.6140663548496529,1,2
3192,PA3480816,1,0.3110971475333177,0,3
3193,PA3540011,0,0.5249019302210791,1,2
3194,PA3540012,0,0.2617190138466734,0,3
3195,PA3540014,0,0.24600189304507197,0,2
3196,PA3540014,0,0.24600189304507197,0,2
3197,PA3540017,0,0.23121737895674066,0,3
3198,PA3540017,0,0.23121737895674066,0,3
3199,PA3540017,0,0.23121737895674066,0,3
3200,PA3540030,1,0.30597348868625457,0,3
3201,PA3540032,1,0.3897696527155225,0,3
3202,PA3540035,0,0.32558660311319887,0,5
3203,PA3540038,0,0.4108514859844648,0,2
3204,PA3540038,0,0.4292785376561972,0,2
3205,PA3540038,0,0.4108514859844648,0,2
3206,PA3540038,0,0.4905524101472162,0,2
3207,PA3540041,0,0.2418354155865719,0,5
3208,PA3540044,1,0.2751139817629179,0,5
3209,PA3540047,0,0.3183249669951798,0,3
3210,PA3540047,0,0.3183249669951798,0,3
3211,PA3540047,0,0.3183249669951798,0,3
3212,PA4050002,0,0.314387031408308,0,2
3213,PA4050028,0,0.19877152988855118,0,2
3214,PA4050029,0,0.34476713762428063,0,4
3215,PA4070017,0,0.4110562310030395,0,5
3216,PA4070021,0,0.18788991741119399,0,1
3217,PA4110003,0,0.0872804795677136,0,5
3218,PA4110003,0,0.0872804795677136,0,5
3219,PA4110003,0,0.11068473488686255,0,5
3220,PA4110009,0,0.45549645390070925,0,3
3221,PA4110009,0,0.4499113475177305,0,3
3222,PA4110013,0,0.21326504464802334,0,4
3223,PA4110013,0,0.21388292558505323,0,4
3224,PA4110017,0,0.20764652014652016,0,3
3225,PA4110023,1,0.37748821804672866,0,3
3226,PA4110027,0,0.3502364066193854,0,3
3227,PA4110027,0,0.3502364066193854,0,3
3228,PA4110034,0,0.29008521029797624,0,5
3229,PA4110041,0,0.28604870306997965,0,3
3230,PA4110041,0,0.28604870306997965,0,3
3231,PA4110060,0,0.25890989920245233,0,4
3232,PA4110060,0,0.25890989920245233,0,4
3233,PA4110060,0,0.25890989920245233,0,4
3234,PA4110299,0,0.15726869171018107,0,1
3235,PA4140075,0,0.37595195879770354,0,1
3236,PA4140075,0,0.37595195879770354,0,1
3237,PA4140077,0,0.24907759202971966,0,5
3238,PA4140082,0,0.2707789846087719,0,3
3239,PA4140082,1,0.2707789846087719,0,3
3240,PA4140087,0,0.2170086119554204,0,4
3241,PA4140087,0,0.5125825120505971,1,4
3242,PA4140095,0,0.43546099290780144,0,1
3243,PA4140096,0,0.31760376148674013,0,2
3244,PA4140096,0,0.30208113399602754,0,2
3245,PA4140096,0,0.31760376148674013,0,2
3246,PA4140096,0,0.31760376148674013,0,2
3247,PA4140096,0,0.30416398022781,0,2
3248,PA4140098,0,0.3081750253292806,0,5
3249,PA4140098,1,0.3367823370482946,0,5
3250,PA4140098,0,0.30294875042215474,0,5
3251,PA4140118,1,0.3483291309754076,0,4
3252,PA4140118,1,0.3483291309754076,0,4
3253,PA4180048,0,0.26645136778115497,0,5
3254,PA4180049,0,0.07544326241134751,0,3
3255,PA4190008,0,0.22600511190936717,0,1
3256,PA4190013,1,0.1637918052126272,0,5
3257,PA4190017,0,0.2559143870314083,0,5
3258,PA4190398,0,0.316862968591692,0,2
3259,PA4190398,0,0.316862968591692,0,2
3260,PA4310012,0,0.1758126477541371,0,1
3261,PA4310016,0,0.2324594731509625,0,3
3262,PA4310016,0,0.229208882134414,0,3
3263,PA4310016,0,0.229208882134414,0,3
3264,PA4340008,0,0.0446083172147002,0,4
3265,PA4410156,0,0.23071613670017924,0,4
3266,PA4410156,0,0.24348209414698774,0,4
3267,PA4410166,0,0.462071513002364,0,5
3268,PA4410173,1,0.2495167096496883,0,2
3269,PA4410175,1,0.29798758053412305,0,3
3270,PA4410175,1,0.29798758053412305,0,3
3271,PA4440010,0,0.12740384615384615,0,3
3272,PA4470007,0,0.25677395890161847,0,5
3273,PA4470012,0,0.16160081053698078,0,3
3274,PA4490007,0,0.3217641843971631,0,5
3275,PA4490023,0,0.11151439299123907,0,5
3276,PA4490023,0,0.11151439299123907,0,5
3277,PA4490024,0,0.3663326655613889,0,2
3278,PA4490024,0,0.36680872614383236,0,2
3279,PA4550005,0,0.2079312310030395,0,5
3280,PA4550005,0,0.2079312310030395,0,5
3281,PA4550005,0,0.2079312310030395,0,5
3282,PA4560013,0,0.30519825918762067,0,1
3283,PA4560020,0,0.22632978723404254,0,5
3284,PA4560024,0,0.27557201958797695,0,2
3285,PA4560024,0,0.2914661431948666,0,2
3286,PA4560024,0,0.2914661431948666,0,2
3287,PA4560042,0,0.2965839125413593,0,2
3288,PA4560042,0,0.2965839125413593,0,2
3289,PA4560042,0,0.181413680881766,0,2
3290,PA4560046,0,0.12810283687943266,0,5
3291,PA4560048,0,0.21816531577169876,0,5
3292,PA4560048,1,0.21816531577169876,0,5
3293,PA4560048,0,0.21816531577169876,0,5
3294,PA4560048,1,0.21816531577169876,0,5
3295,PA4600012,0,0.1174645390070922,0,4
3296,PA5020006,0,0.295516717325228,0,4
3297,PA5020010,1,0.3462955927051672,0,1
3298,PA5020010,1,0.19696681864235055,0,1
3299,PA5020011,1,0.4568669696609226,0,3
3300,PA5020012,0,0.38949525651653305,0,3
3301,PA5020015,0,0.5821824009324009,1,3
3302,PA5020015,0,0.5821824009324009,1,3
3303,PA5020018,0,0.41538753799392103,0,4
3304,PA5020019,0,0.3066556949955606,0,1
3305,PA5020019,0,0.1961572764519293,0,1
3306,PA5020025,0,0.2389155613889657,0,2
3307,PA5020027,0,0.06843971631205675,0,3
3308,PA5020027,1,0.06843971631205675,0,3
3309,PA5020027,0,0.06843971631205675,0,3
3310,PA5020029,0,0.35524690291977523,0,3
3311,PA5020034,0,0.32188547268334494,0,3
3312,PA5020034,1,0.32188547268334494,0,3
3313,PA5020034,0,0.32188547268334494,0,3
3314,PA5020034,0,0.32188547268334494,0,3
3315,PA5020036,0,0.313386524822695,0,2
3316,PA5020038,0,0.20540998716040718,0,3
3317,PA5020039,0,0.3490923674434313,0,2
3318,PA5020039,0,0.3490923674434313,0,2
3319,PA5020039,0,0.36473953056399866,0,2
3320,PA5020040,0,0.32592451874366757,0,3
3321,PA5020041,0,0.44604441067207024,0,4
3322,PA5020041,0,0.44604441067207024,0,4
3323,PA5020041,0,0.44604441067207024,0,4
3324,PA5020043,0,0.30908505416134197,0,3
3325,PA5020043,0,0.293697516167421,0,3
3326,PA5020045,0,0.33534355715206776,0,2
3327,PA5020047,0,0.2760110604525498,0,4
3328,PA5020050,1,0.6140197568389058,1,1
3329,PA5020053,1,0.4107503312290545,0,3
3330,PA5020055,0,0.40709219858156026,0,1
3331,PA5020056,0,0.3073370482944951,0,2
3332,PA5020056,0,0.2831982438365417,0,2
3333,PA5020076,1,0.1446871833839919,0,5
3334,PA5020076,1,0.16153115501519755,0,5
3335,PA5020078,0,0.36043663783025476,0,2
3336,PA5020078,0,0.3788763541423115,0,2
3337,PA5020108,0,0.2291666666666667,0,3
3338,PA5020806,0,0.3989488348530903,0,2
3339,PA5020806,0,0.3989488348530903,0,2
3340,PA5020808,0,0.3675884989714776,0,4
3341,PA5020883,1,0.055644208037825056,0,1
3342,PA5020898,0,0.3679331306990881,0,2
3343,PA5020898,0,0.3679331306990881,0,2
3344,PA5020947,1,0.1713145896656535,0,2
3345,PA5020955,0,0.4725187342208619,0,5
3346,PA5030004,0,0.17655775075987842,0,4
3347,PA5030006,0,0.21641131791207768,0,4
3348,PA5030008,0,0.1408118034447822,0,2
3349,PA5030019,0,0.2574552516041877,0,4
3350,PA5030043,0,0.17198581560283685,0,5
3351,PA5040006,0,0.5536522715542185,1,1
3352,PA5040007,0,0.37331560283687937,0,3
3353,PA5040008,0,0.3616514690982775,0,1
3354,PA5040009,1,0.5679901215805471,1,2
3355,PA5040010,1,0.5097422745694022,1,4
3356,PA5040010,1,0.5097422745694022,1,4
3357,PA5040012,1,0.35300151975683886,0,2
3358,PA5040017,1,0.4967515197568388,0,2
3359,PA5040039,1,0.6074898358143039,1,4
3360,PA5040063,0,0.5705715974332995,1,4
3361,PA5040080,0,0.8042489868287741,1,3
3362,PA5040085,1,0.47363221884498474,0,4
3363,PA5040085,1,0.47363221884498474,0,4
3364,PA5040085,1,0.47363221884498474,0,4
3365,PA5100012,0,0.19634049461177125,0,4
3366,PA5100042,0,0.4568705673758866,0,5
3367,PA5100071,0,0.22904385803321964,0,4
3368,PA5100079,0,0.2938225338491296,0,1
3369,PA5100079,0,0.2938225338491296,0,1
3370,PA5100080,0,0.3567164809186086,0,2
3371,PA5100093,1,0.8062436676798379,1,3
3372,PA5100094,0,0.3661266924564795,0,3
3373,PA5100141,0,0.45427537149611624,0,4
3374,PA5260004,0,0.07042806484295847,0,4
3375,PA5260005,0,0.18558188265635076,0,5
3376,PA5260005,0,0.18735493230174086,0,5
3377,PA5260006,0,0.09874620060790275,0,5
3378,PA5260006,0,0.09874620060790275,0,5
3379,PA5260009,0,0.13193600135089498,0,3
3380,PA5260009,0,0.13193600135089498,0,3
3381,PA5260011,0,0.6510750872453002,1,2
3382,PA5260011,0,0.6510750872453002,1,2
3383,PA5260011,0,0.6510750872453002,1,2
3384,PA5260011,0,0.6541376275418831,1,2
3385,PA5260013,0,0.11813346228239842,0,3
3386,PA5260019,0,0.14162234042553193,0,2
3387,PA5260020,0,0.04788500506585613,0,4
3388,PA5260020,0,0.05320415400202634,0,4
3389,PA5260022,0,0.050679669030732864,0,1
3390,PA5260022,0,0.053339243498817974,0,1
3391,PA5260032,0,0.1006769825918762,0,2
3392,PA5260032,0,0.10176614165975868,0,2
3393,PA5260036,0,0.09658054711246201,0,4
3394,PA5300012,0,0.4859616759960939,0,3
3395,PA5300017,0,0.12993287740628165,0,4
3396,PA5320006,0,0.3398045807620275,0,3
3397,PA5320025,0,0.23098568426582614,0,2
3398,PA5320040,0,0.11575481256332322,0,4
3399,PA5320109,0,0.17736974904528094,0,3
3400,PA5630039,0,0.20636686009026434,0,4
3401,PA5630044,0,0.21390137465011247,0,4
3402,PA5630045,0,0.14920212765957444,0,5
3403,PA5650032,0,0.2152790767152469,0,1
3404,PA5650049,1,0.29614150624788915,0,3
3405,PA5650060,0,0.35226177486815785,0,1
3406,PA5650069,0,0.17839834515366432,0,3
3407,PA5650069,1,0.17839834515366432,0,3
3408,PA5650070,0,0.2609149272713102,0,2
3409,PA6120002,0,0.10659827760891591,0,4
3410,PA6160001,0,0.16420396978907614,0,4
3411,PA6170008,1,0.1713884667342114,0,4
3412,PA6170008,0,0.18523091860857813,0,4
3413,PA6170013,0,0.049484971293481936,0,4
3414,PA6170016,0,0.24697315096251266,0,2
3415,PA6170023,0,0.1426819486659912,0,1
3416,PA6170041,0,0.15119393018329186,0,4
3417,PA6170048,0,0.38682519214434113,0,2
3418,PA6170048,0,0.3841006708027986,0,2
3419,PA6200015,0,0.19509878419452883,0,1
3420,PA6200036,0,0.24155690645052344,0,1
3421,PA6200051,1,0.21492096429406451,0,4
3422,PA6240012,0,0.11635638297872344,0,3
3423,PA6240016,0,0.22766432370820672,0,5
3424,PA6250007,0,0.2184316569954868,0,1
3425,PA6250007,0,0.2184316569954868,0,1
3426,PA6250012,0,0.21244106071233732,0,5
3427,PA6250022,0,0.41823503033609416,0,3
3428,PA6250028,0,0.3453440118483881,0,5
3429,PA6250028,0,0.3426844373803031,0,5
3430,PA6250040,0,0.3053022627490713,0,4
3431,PA6250049,0,0.28609211415062474,0,4
3432,PA6250049,0,0.28609211415062474,0,4
3433,PA6250049,0,0.28609211415062474,0,4
3434,PA6250061,0,0.19859767891682786,0,4
3435,PA6250064,0,0.21914154846335698,0,1
3436,PA6250065,0,0.18904134429400388,0,1
3437,PA6250087,0,0.33884245187436673,0,5
3438,PA6250090,0,0.5253419452887538,1,5
3439,PA6250090,0,0.48985101777654966,0,5
3440,PA6250092,0,0.38090649008202193,0,3
3441,PA6270008,0,0.2499746707193516,0,4
3442,PA6330002,0,0.26822360559062686,0,1
3443,PA6330002,0,0.26822360559062686,0,1
3444,PA6330004,1,0.34405606214116846,0,1
3445,PA6330010,0,0.09880319148936172,0,2
3446,PA6370011,1,0.27713449608746366,0,3
3447,PA6370034,1,0.2784457990549602,0,3
3448,PA6370035,0,0.1967198581560284,0,4
3449,PA6420014,0,0.2920344689294157,0,5
3450,PA6420019,0,0.12781039882103712,0,4
3451,PA6430037,0,0.27206602499155697,0,1
3452,PA6430054,1,0.17246740521516557,0,1
3453,PA6430055,1,0.2046985815602837,0,4
3454,PA6430059,0,0.32594822435247967,0,2
3455,PA6610020,1,0.2533813219033583,0,4
3456,PA6610020,0,0.2533813219033583,0,4
3457,PA6610023,0,0.2677919007706242,0,2
3458,PA6610031,0,0.2930745525160418,0,3
3459,PA6610031,0,0.2930745525160418,0,3
3460,PA6620020,0,0.21335169706180335,0,3
3461,PA7010019,0,0.24066393421961385,0,3
3462,PA7010019,1,0.3104926306310849,0,3
3463,PA7010019,1,0.31211792613935907,0,3
3464,PA7010019,1,0.31211792613935907,0,3
3465,PA7010019,1,0.31211792613935907,0,3
3466,PA7010019,0,0.3180703070917401,0,3
3467,PA7010019,0,0.3104926306310849,0,3
3468,PA7010022,0,0.5671484765234763,1,5
3469,PA7010022,0,0.5671484765234763,1,5
3470,PA7010022,0,0.5671484765234763,1,5
3471,PA7010022,1,0.5671484765234763,1,5
3472,PA7010022,0,0.5671484765234763,1,5
3473,PA7010022,1,0.5671484765234763,1,5
3474,PA7010022,1,0.5671484765234763,1,5
3475,PA7010025,1,0.3330668002210556,0,2
3476,PA7010025,1,0.44580282306346136,0,2
3477,PA7010952,1,0.373132542885647,0,4
3478,PA7210002,1,0.3391947591415676,0,5
3479,PA7210028,0,0.502204798747352,1,4
3480,PA7210028,1,0.6211548351176012,1,4
3481,PA7210028,1,0.6252633743325233,1,4
3482,PA7210028,0,0.6252633743325233,1,4
3483,PA7210029,1,0.5543376393110435,1,5
3484,PA7210029,0,0.5543376393110435,1,5
3485,PA7210041,0,0.237145390070922,0,4
3486,PA7210043,0,0.19514944275582577,0,3
3487,PA7210043,0,0.2188073746584385,0,3
3488,PA7210043,0,0.2188073746584385,0,3
3489,PA7210043,0,0.2188073746584385,0,3
3490,PA7210046,1,0.34897416413373855,0,2
3491,PA7210046,1,0.34897416413373855,0,2
3492,PA7210049,0,0.539036451137515,1,1
3493,PA7210049,0,0.4795231954806424,0,1
3494,PA7210050,0,0.43846040189125296,0,5
3495,PA7210050,0,0.43846040189125296,0,5
3496,PA7210050,0,0.43846040189125296,0,5
3497,PA7210063,0,0.45398725092874037,0,1
3498,PA7210063,0,0.45398725092874037,0,1
3499,PA7220015,0,0.4446369784957082,0,3
3500,PA7220015,1,0.4443710210488997,0,3
3501,PA7220017,1,0.4108835313622548,0,2
3502,PA7220034,1,0.21673075742224684,0,4
3503,PA7220034,1,0.30905214761597744,0,4
3504,PA7220036,0,0.5475062171870682,1,1
3505,PA7220038,1,0.515822231412031,1,1
3506,PA7220038,1,0.515822231412031,1,1
3507,PA7220038,1,0.515822231412031,1,1
3508,PA7220038,1,0.515822231412031,1,1
3509,PA7220038,1,0.515822231412031,1,1
3510,PA7220049,0,0.4119237588652483,0,5
3511,PA7220059,0,0.3892978032605692,0,1
3512,PA7220059,0,0.3892978032605692,0,1
3513,PA7280005,0,0.27687551809892236,0,4
3514,PA7280014,0,0.3520136778115502,0,3
3515,PA7280026,0,0.4568359684051175,0,3
3516,PA7280026,0,0.4568359684051175,0,3
3517,PA7280026,0,0.4568359684051175,0,3
3518,PA7280026,0,0.4568359684051175,0,3
3519,PA7280026,0,0.4568359684051175,0,3
3520,PA7280032,0,0.3300002302661877,0,2
3521,PA7280032,0,0.2475507353166928,0,2
3522,PA7280038,0,0.44604709711092677,0,4
3523,PA7280038,0,0.44604709711092677,0,4
3524,PA7280038,0,0.44604709711092677,0,4
3525,PA7280043,1,0.2916225027927155,0,4
3526,PA7280043,0,0.29366150988491413,0,4
3527,PA7280045,0,0.5565020971935865,1,3
3528,PA7280369,0,0.32353100504696247,0,4
3529,PA7360017,0,0.3385266919841388,0,3
3530,PA7360017,0,0.33261230495273053,0,3
3531,PA7360025,0,0.6934065343639813,1,1
3532,PA7360045,1,0.377023464124528,0,4
3533,PA7360045,1,0.494154807059525,0,4
3534,PA7360045,0,0.4892409266137296,0,4
3535,PA7360058,0,0.598345227467568,1,5
3536,PA7360058,1,0.598345227467568,1,5
3537,PA7360078,1,0.36383508541690757,0,5
3538,PA7360083,1,0.49455075066777193,0,3
3539,PA7360091,0,0.46660104080316844,0,4
3540,PA7360091,0,0.4624907893524915,0,4
3541,PA7360099,1,0.5113214577975216,1,2
3542,PA7360099,1,0.5113214577975216,1,2
3543,PA7360099,1,0.5113214577975216,1,2
3544,PA7360099,1,0.5113214577975216,1,2
3545,PA7360113,0,0.429679776488287,0,2
3546,PA7360113,1,0.429679776488287,0,2
3547,PA7360113,1,0.429679776488287,0,2
3548,PA7360113,0,0.429679776488287,0,2
3549,PA7360113,1,0.429679776488287,0,2
3550,PA7360113,0,0.429679776488287,0,2
3551,PA7360113,0,0.429679776488287,0,2
3552,PA7360113,1,0.429679776488287,0,2
3553,PA7360113,0,0.429679776488287,0,2
3554,PA7360113,0,0.42914786159466994,0,2
3555,PA7360116,0,0.7571470786896319,1,3
3556,PA7360123,0,0.4171663442940039,0,4
3557,PA7360123,0,0.5425326594209573,1,4
3558,PA7360123,0,0.5440696862239416,1,4
3559,PA7360124,1,0.4533634214485278,0,3
3560,PA7360124,0,0.520788564272607,1,3
3561,PA7360124,1,0.520788564272607,1,3
3562,PA7360124,1,0.520788564272607,1,3
3563,PA7360124,1,0.5319967709595371,1,3
3564,PA7360124,1,0.520788564272607,1,3
3565,PA7360126,1,0.4978736836449602,0,1
3566,PA7360127,1,0.4646606352282606,0,3
3567,PA7360128,1,0.4917678878450153,0,4
3568,PA7360128,1,0.4998483121488439,0,4
3569,PA7360135,1,0.6728884590586718,1,3
3570,PA7360135,1,0.6903691166989038,1,3
3571,PA7360140,1,0.7830898268398271,1,1
3572,PA7360140,1,0.7830898268398271,1,1
3573,PA7360140,1,0.4686413763541424,0,1
3574,PA7360143,0,0.5736451258707697,1,5
3575,PA7360143,0,0.5444404652831304,1,5
3576,PA7360345,1,0.41521339918946304,0,2
3577,PA7360345,0,0.41521339918946304,0,2
3578,PA7360345,0,0.41521339918946304,0,2
3579,PA7380010,0,0.4701434942126432,0,5
3580,PA7380025,0,0.5485271672771673,1,5
3581,PA7381001,0,0.5630049604008902,1,1
3582,PA7500030,0,0.2689146403242148,0,2
3583,PA7500030,0,0.2689146403242148,0,2
3584,PA7500030,0,0.2689146403242148,0,2
3585,PA7670061,1,0.4992172425683064,0,3
3586,PA7670061,1,0.4992172425683064,0,3
3587,PA7670061,1,0.49468330133223753,0,3
3588,PA7670061,1,0.49468330133223753,0,3
3589,PA7670061,1,0.49468330133223753,0,3
3590,PA7670061,0,0.49468330133223753,0,3
3591,PA7670062,1,0.785175654723527,1,4
3592,PA7670062,1,0.7556553887983801,1,4
3593,PA7670062,1,0.7556553887983801,1,4
3594,PA7670062,1,0.7556553887983801,1,4
3595,PA7670062,1,0.7556553887983801,1,4
3596,PA7670071,0,0.3672303683057615,0,1
3597,PA7670071,1,0.3672303683057615,0,1
3598,PA7670071,0,0.3672303683057615,0,1
3599,PA7670071,0,0.3672303683057615,0,1
3600,PA7670073,1,0.4639560498603052,0,2
3601,PA7670073,1,0.6666746669406244,1,2
3602,PA7670073,1,0.6666746669406244,1,2
3603,PA7670073,1,0.6666746669406244,1,2
3604,PA7670073,1,0.6666746669406244,1,2
3605,PA7670073,1,0.6666746669406244,1,2
3606,PA7670073,0,0.6666746669406244,1,2
3607,PA7670073,1,0.6666746669406244,1,2
3608,PA7670073,0,0.67997253928105,1,2
3609,PA7670076,1,0.44949326433205133,0,2
3610,PA7670082,1,0.7304983727856069,1,1
3611,PA7670082,1,0.8459252479199285,1,1
3612,PA7670082,1,0.8459252479199285,1,1
3613,PA7670082,1,0.8459252479199285,1,1
3614,PA7670082,0,0.8459252479199285,1,1
3615,PA7670085,0,0.8052265852017242,1,3
3616,PA7670086,0,0.33222114764667954,0,3
3617,PA7670088,1,0.558315148208765,1,5
3618,PA7670088,1,0.558315148208765,1,5
3619,PA7670088,1,0.558315148208765,1,5
3620,PA7670088,0,0.558315148208765,1,5
3621,PA7670088,1,0.558315148208765,1,5
3622,PA7670088,1,0.558315148208765,1,5
3623,PA7670088,0,0.558315148208765,1,5
3624,PA7670088,0,0.558315148208765,1,5
3625,PA7670097,0,0.44417426545086114,0,4
3626,PA7670100,0,0.57235625633232,1,1
3627,PA7670101,1,0.3694653529095019,0,5
3628,PA7670101,1,0.3694653529095019,0,5
3629,PA7670101,1,0.3694653529095019,0,5
3630,RI1000016,1,0.48435770789494187,0,3
3631,RI1000016,1,0.48435770789494187,0,3
3632,RI1559511,1,0.29737918700684657,0,2
3633,RI1559511,0,0.29737918700684657,0,2
3634,RI1559511,1,0.6330443492677535,1,2
3635,RI1559511,1,0.6154489423106444,1,2
3636,RI1559511,1,0.6587120031268967,1,2
3637,RI1559512,1,0.4682969784663512,0,1
3638,RI1559512,1,0.4682969784663512,0,1
3639,RI1559512,1,0.4682969784663512,0,1
3640,RI1559512,1,0.4682969784663512,0,1
3641,RI1559512,0,0.4682969784663512,0,1
3642,RI1559512,1,0.4682969784663512,0,1
3643,RI1559512,0,0.4682969784663512,0,1
3644,RI1559517,0,0.5648867828389106,1,2
3645,RI1559517,0,0.5648867828389106,1,2
3646,RI1559517,0,0.5648867828389106,1,2
3647,RI1559517,1,0.48978431438537834,0,2
3648,RI1559517,1,0.5648867828389106,1,2
3649,RI1559517,1,0.48978431438537834,0,2
3650,RI1559518,1,0.8199069521425592,1,2
3651,RI1583829,0,0.3417445056681602,0,5
3652,RI1583829,0,0.3417445056681602,0,5
3653,RI1592010,1,0.5596968929415739,1,2
3654,RI1592010,0,0.5596968929415739,1,2
3655,RI1592018,0,0.43057839028583716,0,1
3656,RI1592018,0,0.43057839028583716,0,1
3657,RI1592021,1,0.7141506247889227,1,5
3658,RI1592022,0,0.7566974839581223,1,1
3659,RI1592024,0,0.6916497804795675,1,4
3660,RI1592025,1,0.633757746390725,1,3
3661,RI1592025,1,0.633757746390725,1,3
3662,RI1592025,1,0.633757746390725,1,3
3663,RI1615610,0,0.4186282246122672,0,4
3664,RI1615616,0,0.2572695035460993,0,5
3665,RI1615623,0,0.4551573869393018,0,5
3666,RI1615623,1,0.4426573869393018,0,5
3667,RI1615624,0,0.6952342574683,1,3
3668,RI1615624,0,0.6952342574683,1,3
3669,RI1615627,0,0.45406746031746037,0,4
3670,RI1615627,0,0.45406746031746037,0,4
3671,RI1615627,0,0.45406746031746037,0,4
3672,RI1647515,0,0.3747380722114765,0,2
3673,RI1647530,0,0.3784931675889122,0,5
3674,RI1647530,1,0.6633378146676017,1,5
3675,RI1647530,1,0.6633378146676017,1,5
3676,RI1647530,1,0.6633378146676017,1,5
3677,RI1647530,1,0.6633378146676017,1,5
3678,RI1858410,0,0.0972517730496454,0,2
3679,RI1858419,1,0.496838061465721,0,4
3680,RI1858421,1,0.6059928694237204,1,5
3681,RI1858421,1,0.6059928694237204,1,5
3682,RI1858421,1,0.6059928694237204,1,5
3683,RI1858422,1,0.6227857987166497,1,4
3684,RI1858423,0,0.38760342789598107,0,5
3685,RI1858428,0,0.5948006780453587,1,5
3686,RI1858429,0,0.400961993436962,0,2
3687,RI1858429,1,0.400961993436962,0,2
3688,RI1858430,0,0.3612332259938644,0,3
3689,RI2980469,0,0.3737630867950017,0,4
3690,VT0005001,0,0.4481030641934897,0,3
3691,VT0005004,0,0.12062647754137115,0,4
3692,VT0005004,0,0.12062647754137115,0,4
3693,VT0005004,0,0.12062647754137115,0,4
3694,VT0005010,0,0.17500690798563143,0,5
3695,VT0005016,0,0.13651791470940405,0,1
3696,VT0005016,0,0.1461557059961315,0,1
3697,VT0005017,0,0.04069148936170213,0,5
3698,VT0005022,0,0.04468085106382979,0,1
3699,VT0005022,0,0.04468085106382979,0,1
3700,VT0005024,0,0.05789007092198582,0,2
3701,VT0005024,0,0.05789007092198582,0,2
3702,VT0005040,0,0.11607987166497805,0,2
3703,VT0005045,0,0.33381367062078143,0,5
3704,VT0005053,0,0.27517438235523345,0,2
3705,VT0005059,1,0.2030775075987842,0,1
3706,VT0005060,0,0.08533012495778453,0,1
3707,VT0005065,0,0.146757852077001,0,4
3708,VT0005066,0,0.15030395136778116,0,4
3709,VT0005079,0,0.10144376899696048,0,4
3710,VT0005084,0,0.28365397899972367,0,4
3711,VT0005087,0,0.1308362884160756,0,2
3712,VT0005091,0,0.10596212298339958,0,5
3713,VT0005098,0,0.6820094946424734,1,4
3714,VT0005102,0,0.11124620060790273,0,5
3715,VT0005130,0,0.4516157323416397,0,4
3716,VT0005130,0,0.4516157323416397,0,4
3717,VT0005160,0,0.1353723404255319,0,2
3718,VT0005202,0,0.2662489992277226,0,4
3719,VT0005211,0,0.1438259730812922,0,5
3720,VT0005211,0,0.1438259730812922,0,5
3721,VT0005229,0,0.1303122409505388,0,4
3722,VT0005254,0,0.26583664562387965,0,5
3723,VT0005272,0,0.1501583080040527,0,1
3724,VT0005275,0,0.1501137898744282,0,2
3725,VT0005284,0,0.18878200700009218,0,4
3726,VT0005284,0,0.31699064824064827,0,4
3727,VT0005290,0,0.3690634850131094,0,4
3728,VT0005290,0,0.3460891779962493,0,4
3729,VT0005298,0,0.16795397584871266,0,5
3730,VT0005305,0,0.30830359061742035,0,2
3731,VT0005305,0,0.30830359061742035,0,2
3732,VT0005305,0,0.30830359061742035,0,2
3733,VT0005319,0,0.3177220533603512,0,2
3734,VT0005319,0,0.3177220533603512,0,2
3735,VT0005529,1,0.24327833809216784,0,2
3736,VT0005565,0,0.4937592507121383,0,4
3737,VT0005565,0,0.4937592507121383,0,4
3738,VT0021079,0,0.23644883485309015,0,5
